ID,MultinationalitySupplyingEnterprise,MultinationalityPurchasingEnterprise,Perioden,Total_1,ForDomesticSales_2,ForExports_3,Total_4,ForDomesticSales_5,ForExports_6,Total_7,ForDomesticSales_8,ForExports_9,Total_10,ForDomesticSales_11,ForExports_12
0,T001684,T001684,2015JJ00,233968.0,71895.2,162072.8,1338856.0,756525.4,582330.6,639388.0,410103.9,229284.1,7013.0,4922.4,2090.5
1,T001684,T001684,2016JJ00,231081.0,75393.8,155687.2,1360246.0,785560.9,574685.1,654198.0,427395.2,226802.8,7155.5,5052.3,2103.1
2,T001684,T001684,2017JJ00,254414.0,79959.4,174454.6,1431012.0,807948.9,623063.1,681550.0,439786.6,241763.4,7312.6,5114.0,2198.6
3,T001684,T001684,2018JJ00,279555.0,85569.0,193986.0,1514480.0,852359.0,662121.0,713735.0,462358.0,251377.0,7561.0,5281.4,2279.6
4,T001684,T001684,2019JJ00,276854.0,89840.2,187013.8,1569815.0,896769.2,673045.8,747606.0,486584.8,261021.2,7726.2,5400.2,2326.0
5,T001684,T001684,2020JJ00,256979.0,85362.1,171616.9,1520478.0,898728.5,621749.5,732811.0,490308.9,242502.1,7775.5,5548.9,2226.6
6,T001684,T001684,2021JJ00,290677.0,96681.0,193996.0,1673985.0,961793.8,712191.2,799741.0,521337.1,278403.9,7820.1,5564.5,2255.6
7,T001684,A052701,2015JJ00,171416.5,39287.7,132128.8,873356.0,482004.0,391352.0,404739.1,265345.8,139393.4,4464.1,3376.1,1088.0
8,T001684,A052701,2016JJ00,167522.8,42029.8,125493.1,885279.0,502789.0,382490.0,414570.8,278336.7,136234.2,4538.2,3444.4,1093.7
9,T001684,A052701,2017JJ00,184629.9,44432.0,140198.0,935964.0,519746.0,416218.0,435066.4,289650.8,145415.5,4623.9,3491.2,1132.7
10,T001684,A052701,2018JJ00,203855.0,47041.2,156813.8,993290.0,547927.0,445363.0,459222.9,306959.4,152263.5,4756.2,3580.7,1175.5
11,T001684,A052701,2019JJ00,198245.1,49395.5,148849.6,1024460.0,576425.0,448035.0,481544.7,323468.5,158076.2,4882.0,3671.7,1210.3
12,T001684,A052701,2020JJ00,185152.1,46254.6,138897.5,989790.0,575671.0,414119.0,471137.6,325210.5,145927.1,4940.8,3770.7,1170.0
13,T001684,A052701,2021JJ00,207403.2,53342.7,154060.5,1090418.0,617940.0,472478.0,517865.8,348302.0,169563.8,5008.0,3831.5,1176.5
14,T001684,A052702,2015JJ00,15393.9,10508.9,4885.0,108967.9,75178.3,33789.6,51737.6,35359.5,16378.1,606.0,416.8,189.2
15,T001684,A052702,2016JJ00,16357.0,11341.3,5015.7,117690.8,82562.2,35128.6,56225.8,39163.0,17062.8,657.7,462.6,195.1
16,T001684,A052702,2017JJ00,17836.7,12206.6,5630.1,122780.1,86104.9,36675.2,58087.0,40532.2,17554.8,675.3,477.0,198.3
17,T001684,A052702,2018JJ00,19797.3,13696.5,6100.8,133653.1,94885.5,38767.6,62501.0,44144.3,18356.7,724.6,517.1,207.5
18,T001684,A052702,2019JJ00,20946.7,14590.7,6356.0,142922.0,101784.4,41137.7,66825.0,47376.6,19448.3,751.2,537.4,213.8
19,T001684,A052702,2020JJ00,19214.1,13327.9,5886.2,136682.0,96755.4,39926.6,64405.2,45361.3,19043.9,724.3,514.1,210.2
20,T001684,A052702,2021JJ00,21560.2,14831.4,6728.7,149515.6,104037.0,45478.5,69674.6,48085.4,21589.2,727.2,507.6,219.7
21,T001684,A052703,2015JJ00,2233.9,1833.0,400.9,16944.8,13863.1,3081.6,8230.0,6708.6,1521.4,98.0,81.7,16.3
22,T001684,A052703,2016JJ00,2048.6,1724.6,324.1,15604.3,13031.9,2572.4,7603.6,6321.8,1281.8,90.7,76.9,13.7
23,T001684,A052703,2017JJ00,2456.9,2074.7,382.1,18171.7,15177.7,2994.0,8753.9,7266.7,1487.2,104.2,88.2,16.0
24,T001684,A052703,2018JJ00,2829.5,2333.5,496.0,20438.3,16749.3,3689.0,9659.1,7867.1,1792.0,114.2,94.3,19.8
25,T001684,A052703,2019JJ00,2886.5,2432.8,453.6,20737.0,17411.1,3325.9,9763.5,8144.1,1619.4,111.5,93.8,17.7
26,T001684,A052703,2020JJ00,3540.6,3078.4,462.3,26524.4,23033.4,3491.0,12460.2,10765.7,1694.6,142.6,124.7,17.9
27,T001684,A052703,2021JJ00,4364.9,3626.4,738.5,31106.3,26013.1,5093.2,14285.3,11900.3,2384.9,150.3,127.1,23.2
28,T001684,A052704,2015JJ00,3084.8,804.3,2280.5,20428.8,5533.5,14895.3,9458.7,2520.8,6937.9,109.2,29.7,79.5
29,T001684,A052704,2016JJ00,3087.4,897.8,2189.5,20535.7,6264.7,14271.0,9598.8,2867.2,6731.6,109.7,33.6,76.1
30,T001684,A052704,2017JJ00,3364.6,835.8,2528.8,21362.6,5534.2,15828.4,9968.2,2540.1,7428.1,113.0,28.9,84.1
31,T001684,A052704,2018JJ00,3474.6,844.2,2630.4,21317.3,5489.0,15828.3,9781.2,2542.4,7238.9,111.6,29.4,82.2
32,T001684,A052704,2019JJ00,3554.1,876.8,2677.3,22577.1,5826.5,16750.6,10385.6,2677.8,7707.8,115.8,30.2,85.5
33,T001684,A052704,2020JJ00,2819.7,711.4,2108.3,19121.2,5156.0,13965.2,8936.0,2407.4,6528.6,100.0,27.2,72.8
34,T001684,A052704,2021JJ00,2971.2,764.6,2206.6,19716.8,5430.4,14286.4,9089.2,2498.4,6590.7,94.4,26.5,68.0
35,T001684,A052705,2015JJ00,11577.0,4006.9,7570.1,77590.2,28562.0,49028.2,35615.9,13183.5,22432.5,412.1,156.6,255.5
36,T001684,A052705,2016JJ00,11646.5,4005.3,7641.2,76906.7,28716.6,48190.1,35204.5,13286.8,21917.6,406.5,157.4,249.1
37,T001684,A052705,2017JJ00,12862.6,4270.7,8591.9,82086.3,29332.9,52753.4,37396.2,13505.5,23890.6,426.8,158.6,268.2
38,T001684,A052705,2018JJ00,13576.1,4551.5,9024.6,82864.1,30563.9,52300.2,36787.8,13711.8,23075.9,423.0,160.9,262.1
39,T001684,A052705,2019JJ00,12752.7,4510.1,8242.6,78260.3,30689.9,47570.4,34215.7,13736.0,20479.7,377.1,154.2,222.8
40,T001684,A052705,2020JJ00,12402.3,4665.2,7737.1,82124.5,33028.9,49095.7,36711.1,14966.2,21744.9,412.5,169.4,243.1
41,T001684,A052705,2021JJ00,13325.8,5087.8,8238.1,87612.5,35673.5,51939.0,38679.0,16030.1,22648.9,403.0,168.6,234.4
42,T001684,A052706,2015JJ00,16101.7,3154.6,12947.2,99041.5,22427.1,76614.4,46732.5,11091.0,35641.4,510.6,123.0,387.5
43,T001684,A052706,2016JJ00,16506.2,3323.3,13182.9,102287.7,23803.8,78483.9,48310.2,11703.4,36606.8,531.1,131.6,399.5
44,T001684,A052706,2017JJ00,18568.5,3439.7,15128.8,108208.1,23790.1,84418.1,50632.4,11869.7,38762.6,552.8,131.1,421.7
45,T001684,A052706,2018JJ00,20462.2,3562.4,16899.9,116183.1,24070.5,92112.5,53357.6,11799.3,41558.3,585.6,131.1,454.5
46,T001684,A052706,2019JJ00,22098.6,3749.7,18348.8,126369.9,24719.8,101650.1,58317.2,11968.0,46349.1,627.4,129.6,497.8
47,T001684,A052706,2020JJ00,17613.4,2842.4,14771.0,109948.2,21495.5,88452.7,51896.9,10746.8,41150.0,560.6,117.5,443.0
48,T001684,A052706,2021JJ00,23405.6,3361.0,20044.5,133740.0,24179.0,109561.0,60878.3,11857.4,49020.9,586.1,118.9,467.3
49,T001684,A052707,2015JJ00,14160.2,12299.8,1860.4,142526.9,128957.5,13569.4,82874.1,75894.7,6979.4,813.0,738.5,74.5
50,T001684,A052707,2016JJ00,13912.5,12071.7,1840.8,141941.8,128392.7,13549.1,82684.3,75716.4,6967.9,821.6,745.7,75.9
51,T001684,A052707,2017JJ00,14694.8,12699.9,1994.8,142439.2,128263.2,14176.0,81646.0,74421.6,7224.4,816.6,739.0,77.6
52,T001684,A052707,2018JJ00,15560.2,13539.7,2020.5,146734.1,132673.7,14060.4,82425.5,75333.8,7091.7,845.7,767.9,77.9
53,T001684,A052707,2019JJ00,16370.3,14284.6,2085.8,154488.7,139912.6,14576.1,86554.5,79213.8,7340.7,861.3,783.2,78.1
54,T001684,A052707,2020JJ00,16236.8,14482.2,1754.6,156287.6,143588.3,12699.3,87264.1,80851.2,6412.9,894.8,825.2,69.6
55,T001684,A052707,2021JJ00,17646.1,15667.0,1979.1,161875.8,148520.7,13355.0,89268.9,82663.5,6605.4,851.0,784.4,66.7
56,A052702,T001684,2015JJ00,23235.4,11538.5,11696.8,328441.6,203496.0,124945.6,169888.5,104151.2,65737.3,2409.4,1597.0,812.4
57,A052702,T001684,2016JJ00,24042.0,13447.6,10594.4,341821.4,220338.1,121483.3,174622.0,111912.1,62709.9,2497.8,1689.6,808.3
58,A052702,T001684,2017JJ00,26574.2,14357.7,12216.5,361397.1,230689.1,130708.0,186569.3,118460.9,68108.4,2567.1,1713.4,853.7
59,A052702,T001684,2018JJ00,28900.7,15527.7,13373.0,388209.7,248703.7,139506.0,195536.5,124466.0,71070.5,2673.7,1790.5,883.2
60,A052702,T001684,2019JJ00,31003.1,17383.9,13619.3,411600.2,267879.9,143720.4,209400.3,135788.8,73611.6,2754.9,1861.4,893.5
61,A052702,T001684,2020JJ00,31078.5,17714.8,13363.7,415001.1,272459.2,142541.9,211815.9,139303.1,72512.8,2874.5,1966.9,907.6
62,A052702,T001684,2021JJ00,35627.7,19738.9,15888.8,464903.6,296849.1,168054.5,234817.3,150108.5,84708.8,2936.0,1978.1,957.9
63,A052702,A052701,2015JJ00,11743.1,4739.3,7003.7,160971.4,102534.1,58437.3,82095.0,51925.2,30169.9,1135.2,829.9,305.3
64,A052702,A052701,2016JJ00,12811.7,6613.3,6198.4,171645.1,115258.7,56386.4,86250.6,58141.0,28109.6,1185.0,884.9,300.1
65,A052702,A052701,2017JJ00,14524.1,7236.2,7287.8,183335.9,122047.6,61288.2,92888.1,62072.6,30815.5,1216.0,896.9,319.1
66,A052702,A052701,2018JJ00,15775.9,7695.1,8080.8,194300.5,129822.5,64478.0,96226.3,64286.6,31939.7,1247.4,924.7,322.7
67,A052702,A052701,2019JJ00,16413.6,8634.6,7779.0,208431.1,142389.0,66042.1,104245.8,71787.1,32458.7,1305.1,975.4,329.7
68,A052702,A052701,2020JJ00,16254.6,8514.7,7739.9,200765.4,137473.9,63291.5,100891.5,70270.0,30621.5,1316.4,992.5,323.9
69,A052702,A052701,2021JJ00,18476.8,9372.4,9104.4,219814.5,146821.2,72993.3,110093.5,74527.6,35565.8,1326.7,997.7,329.1
70,A052702,A052702,2015JJ00,3417.3,2513.3,904.0,47266.0,34608.8,12657.1,24142.8,17317.0,6825.9,337.7,239.8,98.0
71,A052702,A052702,2016JJ00,3480.7,2589.3,891.4,50593.3,37471.7,13121.6,25702.6,18713.6,6989.0,367.5,265.5,102.0
72,A052702,A052702,2017JJ00,3693.0,2750.7,942.3,52998.8,39751.5,13247.3,27109.6,19969.2,7140.4,377.5,275.4,102.0
73,A052702,A052702,2018JJ00,4156.7,3130.8,1026.0,59101.3,44493.7,14607.6,29557.0,21872.9,7684.1,408.0,299.3,108.7
74,A052702,A052702,2019JJ00,4679.7,3531.2,1148.5,63792.6,48292.9,15499.7,32178.2,23921.2,8257.1,426.3,314.8,111.5
75,A052702,A052702,2020JJ00,4645.4,3480.4,1165.0,64391.0,47975.8,16415.1,32558.8,23857.5,8701.3,439.2,319.0,120.2
76,A052702,A052702,2021JJ00,5253.5,3891.3,1362.2,72508.6,52649.6,19859.0,36097.9,25764.3,10333.7,457.3,324.4,132.9
77,A052702,A052703,2015JJ00,538.7,461.8,76.9,7472.0,6362.5,1109.4,3826.6,3221.6,605.0,53.6,45.5,8.2
78,A052702,A052703,2016JJ00,459.8,404.4,55.4,6765.2,5871.1,894.1,3434.6,2948.8,485.9,49.3,42.5,6.8
79,A052702,A052703,2017JJ00,550.6,485.5,65.2,8032.0,6998.3,1033.8,4080.3,3515.1,565.2,57.2,49.3,7.9
80,A052702,A052703,2018JJ00,636.5,548.5,88.1,9213.8,7859.4,1354.4,4566.9,3845.9,721.0,63.4,53.3,10.1
81,A052702,A052703,2019JJ00,697.1,614.2,82.9,9559.9,8345.3,1214.6,4742.2,4081.1,661.1,63.4,54.4,8.9
82,A052702,A052703,2020JJ00,990.0,897.5,92.4,13380.3,12000.7,1379.5,6555.6,5815.9,739.7,87.9,78.0,9.9
83,A052702,A052703,2021JJ00,1236.4,1098.0,138.3,16217.3,14183.9,2033.4,7752.8,6693.3,1059.5,96.3,82.7,13.7
84,A052702,A052704,2015JJ00,596.7,171.1,425.6,7810.5,2298.5,5512.1,4013.6,1128.2,2885.4,58.0,16.4,41.5
85,A052702,A052704,2016JJ00,553.0,187.9,365.2,7678.2,2559.8,5118.5,3928.5,1242.7,2685.9,58.1,18.6,39.6
86,A052702,A052704,2017JJ00,582.9,161.6,421.3,7847.8,2143.3,5704.6,4104.2,1078.0,3026.1,59.0,15.5,43.5
87,A052702,A052704,2018JJ00,594.5,158.3,436.2,8025.7,2269.8,5756.0,4079.1,1126.5,2952.5,58.9,16.2,42.8
88,A052702,A052704,2019JJ00,657.0,186.2,470.9,8649.8,2487.6,6162.2,4470.6,1237.7,3232.9,61.4,16.9,44.5
89,A052702,A052704,2020JJ00,572.7,164.3,408.4,7985.2,2347.7,5637.4,4141.2,1181.1,2960.0,57.8,16.3,41.5
90,A052702,A052704,2021JJ00,627.5,186.5,441.1,8841.7,2695.0,6146.7,4442.6,1305.3,3137.3,58.1,16.9,41.2
91,A052702,A052705,2015JJ00,2068.5,853.1,1215.4,29014.3,12004.0,17010.4,15026.8,6021.9,9004.9,217.2,86.4,130.8
92,A052702,A052705,2016JJ00,1947.3,839.7,1107.6,27932.3,12021.5,15910.8,14405.6,5960.4,8445.2,213.5,87.3,126.3
93,A052702,A052705,2017JJ00,2134.9,875.0,1259.9,29855.4,12444.9,17410.5,15531.8,6249.1,9282.7,224.0,88.5,135.5
94,A052702,A052705,2018JJ00,2250.1,954.0,1296.0,31074.7,13448.2,17626.5,15643.6,6509.2,9134.4,224.3,90.9,133.4
95,A052702,A052705,2019JJ00,2222.3,991.7,1230.7,28957.3,13488.3,15469.1,14590.1,6609.6,7980.5,198.3,87.5,110.8
96,A052702,A052705,2020JJ00,2443.3,1133.7,1309.7,33117.7,15223.7,17894.0,16875.2,7535.6,9339.6,235.0,101.9,133.1
97,A052702,A052705,2021JJ00,2838.6,1266.0,1572.6,37433.3,17149.7,20283.5,18713.1,8383.1,10330.0,241.3,105.4,136.0
98,A052702,A052706,2015JJ00,2343.0,542.2,1800.8,35518.7,8784.3,26734.4,19266.8,4859.8,14407.0,268.0,65.5,202.4
99,A052702,A052706,2016JJ00,2262.3,563.4,1698.8,36005.3,9402.8,26602.5,19235.3,5027.6,14207.7,277.6,70.8,206.9
100,A052702,A052706,2017JJ00,2491.0,546.2,1944.8,37553.7,9088.9,28464.7,20565.3,5156.3,15409.0,287.7,69.6,218.1
101,A052702,A052706,2018JJ00,2713.1,564.5,2148.7,41417.3,9383.3,32033.9,21892.2,5139.8,16752.4,307.5,69.8,237.8
102,A052702,A052706,2019JJ00,3254.9,665.1,2589.8,45200.7,9666.7,35533.9,24322.2,5292.1,19030.1,330.0,69.7,260.3
103,A052702,A052706,2020JJ00,2930.6,558.2,2372.4,43613.4,9236.0,34377.4,23412.3,5124.3,18288.1,320.8,68.5,252.3
104,A052702,A052706,2021JJ00,3574.5,637.2,2937.4,53532.5,10715.6,42816.9,28062.8,5802.0,22260.8,352.3,72.9,279.4
105,A052702,A052707,2015JJ00,2528.1,2257.7,270.4,40388.8,36903.8,3484.9,21516.8,19677.5,1839.3,339.6,313.5,26.2
106,A052702,A052707,2016JJ00,2527.2,2249.6,277.7,41202.0,37752.7,3449.4,21664.8,19878.1,1786.7,346.7,320.0,26.7
107,A052702,A052707,2017JJ00,2597.6,2302.5,295.2,41773.5,38214.6,3558.9,22290.0,20420.5,1869.4,345.6,318.1,27.5
108,A052702,A052707,2018JJ00,2773.8,2476.7,297.2,45076.5,41426.9,3649.6,23571.4,21685.1,1886.3,364.2,336.4,27.8
109,A052702,A052707,2019JJ00,3078.5,2761.0,317.5,47008.9,43210.1,3798.8,24851.2,22860.0,1991.1,370.4,342.6,27.8
110,A052702,A052707,2020JJ00,3241.9,2966.0,275.9,51748.1,48201.3,3546.8,27381.3,25518.7,1862.6,417.4,390.8,26.6
111,A052702,A052707,2021JJ00,3620.3,3287.6,332.7,56555.7,52634.1,3921.7,29654.7,27633.0,2021.7,403.9,378.2,25.7
112,A052703,T001684,2015JJ00,1978.4,1240.3,738.1,54916.7,37290.0,17626.7,33983.1,22343.0,11640.0,366.8,272.1,94.7
113,A052703,T001684,2016JJ00,2076.3,1323.7,752.6,50891.2,35331.8,15559.4,30686.7,20681.3,10005.4,363.6,269.8,93.8
114,A052703,T001684,2017JJ00,2244.4,1465.8,778.6,54397.1,37182.7,17214.3,32059.8,21053.8,11006.0,380.0,278.4,101.6
115,A052703,T001684,2018JJ00,2687.9,1775.1,912.8,60425.7,41451.6,18974.1,34534.8,23005.8,11529.0,411.8,296.0,115.8
116,A052703,T001684,2019JJ00,2529.4,1640.2,889.2,59956.1,40827.9,19128.2,32203.7,21228.1,10975.7,371.3,269.3,102.1
117,A052703,T001684,2020JJ00,2898.5,1851.7,1046.8,65718.8,47059.6,18659.2,31721.0,22607.2,9113.7,385.8,285.2,100.6
118,A052703,T001684,2021JJ00,3424.4,2006.3,1418.1,70238.0,48650.5,21587.6,35334.9,23452.5,11882.4,349.4,254.4,95.0
119,A052703,A052701,2015JJ00,1079.3,721.4,357.9,30143.4,23033.7,7109.7,18608.5,13770.2,4838.3,184.1,159.7,24.4
120,A052703,A052701,2016JJ00,1011.3,717.0,294.3,26329.5,20779.5,5550.1,15666.0,12016.1,3649.9,169.9,149.1,20.8
121,A052703,A052701,2017JJ00,1161.2,852.3,308.9,28922.8,22366.9,6555.9,16550.8,12173.3,4377.6,178.4,156.1,22.4
122,A052703,A052701,2018JJ00,1387.7,1047.2,340.5,31409.1,24401.1,7008.0,17532.9,13153.3,4379.5,181.3,157.2,24.1
123,A052703,A052701,2019JJ00,1307.4,951.5,355.9,29385.6,23132.4,6253.3,15428.3,11604.0,3824.3,171.3,147.7,23.7
124,A052703,A052701,2020JJ00,1489.6,1061.8,427.8,33008.0,27847.0,5161.0,15517.6,12941.2,2576.4,180.0,156.7,23.3
125,A052703,A052701,2021JJ00,1812.7,1116.9,695.8,38349.8,30009.1,8340.7,17884.9,13364.2,4520.7,172.9,145.7,27.2
126,A052703,A052702,2015JJ00,233.2,167.2,66.0,5935.5,4061.1,1874.4,3496.9,2278.0,1218.9,42.0,28.1,13.9
127,A052703,A052702,2016JJ00,277.6,184.2,93.4,6136.4,4228.3,1908.1,3572.2,2370.4,1201.8,46.7,32.2,14.5
128,A052703,A052702,2017JJ00,262.5,182.8,79.7,6337.0,4377.7,1959.3,3734.7,2493.0,1241.8,48.5,33.3,15.2
129,A052703,A052702,2018JJ00,335.5,234.1,101.4,7645.2,5338.9,2306.3,4330.6,2917.9,1412.6,58.2,40.1,18.1
130,A052703,A052702,2019JJ00,359.2,257.0,102.2,8433.0,5879.4,2553.7,4437.3,3000.0,1437.3,52.4,36.4,16.0
131,A052703,A052702,2020JJ00,409.5,284.0,125.5,8936.3,6188.0,2748.3,4211.2,2844.9,1366.3,51.5,35.3,16.2
132,A052703,A052702,2021JJ00,468.5,325.0,143.5,8575.1,5945.1,2630.0,4495.9,2994.9,1501.0,45.1,30.8,14.4
133,A052703,A052703,2015JJ00,42.0,34.5,7.5,1096.2,899.9,196.3,660.0,534.2,125.8,9.3,8.0,1.2
134,A052703,A052703,2016JJ00,45.7,37.3,8.4,999.1,837.1,162.0,593.3,492.8,100.5,9.0,7.9,1.1
135,A052703,A052703,2017JJ00,48.9,40.8,8.1,1153.2,973.0,180.2,682.2,572.3,109.9,10.5,9.2,1.3
136,A052703,A052703,2018JJ00,56.5,47.2,9.3,1394.0,1160.7,233.3,792.0,653.1,138.9,11.9,10.2,1.7
137,A052703,A052703,2019JJ00,57.1,48.4,8.7,1420.2,1194.0,226.2,757.4,630.4,127.0,10.0,8.6,1.4
138,A052703,A052703,2020JJ00,77.0,65.6,11.4,1850.4,1592.1,258.3,907.5,778.3,129.3,12.6,11.2,1.5
139,A052703,A052703,2021JJ00,97.0,80.7,16.3,1964.4,1643.6,320.8,1016.4,834.1,182.4,11.6,10.0,1.6
140,A052703,A052704,2015JJ00,41.3,11.9,29.3,1082.8,297.1,785.7,664.2,168.2,495.9,7.5,2.0,5.5
141,A052703,A052704,2016JJ00,47.4,13.8,33.5,1044.8,320.0,724.8,637.7,181.0,456.8,7.8,2.3,5.5
142,A052703,A052704,2017JJ00,52.8,17.6,35.1,1151.4,309.7,841.7,693.1,169.5,523.5,8.5,2.1,6.4
143,A052703,A052704,2018JJ00,75.1,26.9,48.2,1268.2,336.9,931.4,736.0,181.9,554.2,9.5,2.4,7.1
144,A052703,A052704,2019JJ00,60.1,16.8,43.2,1337.0,357.0,980.0,724.1,180.7,543.4,8.3,2.1,6.2
145,A052703,A052704,2020JJ00,62.4,15.5,46.9,1278.1,344.4,933.7,613.1,159.1,454.0,7.4,1.9,5.5
146,A052703,A052704,2021JJ00,66.2,17.4,48.8,1131.1,325.2,805.9,611.9,161.2,450.8,6.0,1.6,4.4
147,A052703,A052705,2015JJ00,158.1,59.3,98.8,4103.2,1526.5,2576.7,2506.4,874.4,1631.9,27.9,10.5,17.4
148,A052703,A052705,2016JJ00,179.5,63.6,115.9,3912.2,1469.5,2442.7,2362.0,834.4,1527.5,28.8,10.9,17.9
149,A052703,A052705,2017JJ00,177.6,60.5,117.1,4081.4,1472.6,2608.8,2455.6,847.9,1607.6,30.5,11.0,19.5
150,A052703,A052705,2018JJ00,186.4,70.9,115.5,4411.8,1689.5,2722.3,2541.3,915.6,1625.8,33.6,12.3,21.3
151,A052703,A052705,2019JJ00,197.4,76.3,121.1,4349.6,1771.0,2578.6,2277.8,877.0,1400.8,25.3,10.1,15.2
152,A052703,A052705,2020JJ00,259.5,100.3,159.3,5163.1,2136.0,3027.1,2390.5,957.6,1432.8,29.0,11.7,17.3
153,A052703,A052705,2021JJ00,285.0,111.9,173.0,4724.9,2070.0,2654.9,2433.8,1018.0,1415.8,24.6,10.3,14.2
154,A052703,A052706,2015JJ00,197.8,45.7,152.1,5592.8,1292.9,4299.9,3592.0,793.6,2798.4,35.6,8.8,26.9
155,A052703,A052706,2016JJ00,231.4,56.8,174.7,5386.9,1342.4,4044.5,3411.8,814.0,2597.8,38.4,9.9,28.5
156,A052703,A052706,2017JJ00,253.4,63.2,190.1,5671.9,1361.2,4310.8,3495.8,815.6,2680.2,41.3,10.2,31.1
157,A052703,A052706,2018JJ00,349.2,89.1,260.1,6538.1,1535.0,5003.1,3846.6,880.1,2966.5,49.1,11.5,37.6
158,A052703,A052706,2019JJ00,286.4,63.1,223.3,7371.4,1585.9,5785.5,4076.7,859.2,3217.5,44.2,9.6,34.7
159,A052703,A052706,2020JJ00,291.5,57.2,234.3,7376.6,1549.5,5827.2,3552.7,758.0,2794.7,41.3,9.1,32.2
160,A052703,A052706,2021JJ00,366.1,66.5,299.6,7634.4,1502.7,6131.7,4247.5,821.7,3425.8,37.2,7.9,29.3
161,A052703,A052707,2015JJ00,226.7,200.3,26.5,6962.8,6178.9,783.9,4455.2,3924.4,530.8,60.5,55.1,5.4
162,A052703,A052707,2016JJ00,283.4,251.1,32.3,7082.3,6355.0,727.3,4443.8,3972.6,471.2,63.0,57.5,5.5
163,A052703,A052707,2017JJ00,288.0,248.6,39.5,7079.3,6321.6,757.6,4447.6,3982.2,465.5,62.2,56.5,5.7
164,A052703,A052707,2018JJ00,297.5,259.7,37.8,7759.2,6989.5,769.7,4755.5,4304.0,451.5,68.2,62.3,5.9
165,A052703,A052707,2019JJ00,261.8,227.0,34.9,7659.2,6908.1,751.0,4502.1,4076.8,425.3,59.9,54.8,5.1
166,A052703,A052707,2020JJ00,308.9,267.3,41.6,8106.2,7402.7,703.6,4528.4,4168.1,360.2,64.0,59.4,4.6
167,A052703,A052707,2021JJ00,329.0,287.9,41.1,7858.4,7154.9,703.5,4644.4,4258.4,386.0,52.0,48.0,4.0
168,A052704,T001684,2015JJ00,10536.4,3452.3,7084.1,49335.8,17014.0,32321.8,19891.2,6945.3,12945.9,213.5,82.0,131.5
169,A052704,T001684,2016JJ00,11881.0,4091.9,7789.0,52546.1,18896.4,33649.7,21259.2,7391.0,13868.2,209.9,79.5,130.4
170,A052704,T001684,2017JJ00,11838.7,3638.4,8200.3,53455.2,17856.4,35598.8,21288.3,7159.1,14129.2,221.1,82.9,138.1
171,A052704,T001684,2018JJ00,11964.5,3738.7,8225.8,54051.3,18667.2,35384.1,21893.2,7755.8,14137.4,215.4,81.9,133.5
172,A052704,T001684,2019JJ00,12728.5,3893.6,8834.9,58758.8,20230.7,38528.1,22420.6,7844.7,14575.8,244.0,95.4,148.6
173,A052704,T001684,2020JJ00,11219.8,3777.1,7442.6,51056.7,18635.2,32421.5,20318.9,7505.5,12813.4,189.0,73.8,115.3
174,A052704,T001684,2021JJ00,11416.8,3722.4,7694.4,51696.5,18251.4,33445.0,21621.0,7810.1,13810.9,163.8,62.4,101.4
175,A052704,A052701,2015JJ00,7241.0,1714.1,5526.9,32763.6,8313.9,24449.7,12978.8,3274.6,9704.2,126.4,34.7,91.7
176,A052704,A052701,2016JJ00,8101.3,2057.0,6044.3,34669.3,9172.4,25496.9,13881.8,3350.4,10531.4,127.8,33.9,93.9
177,A052704,A052701,2017JJ00,8378.5,1784.5,6594.1,35593.3,8370.4,27222.9,13881.9,3210.0,10671.9,127.4,31.8,95.6
178,A052704,A052701,2018JJ00,8500.5,1795.5,6705.0,35926.7,8696.1,27230.6,14170.4,3514.0,10656.3,128.1,33.7,94.4
179,A052704,A052701,2019JJ00,8593.2,1661.7,6931.5,35878.9,8225.6,27653.3,13346.0,3009.3,10336.7,127.8,33.0,94.8
180,A052704,A052701,2020JJ00,7449.2,1636.2,5813.1,31307.5,7689.6,23617.9,12102.6,2934.7,9168.0,111.6,30.4,81.2
181,A052704,A052701,2021JJ00,7752.4,1666.4,6086.1,32878.5,8139.5,24739.0,13064.3,3210.0,9854.3,107.4,32.3,75.2
182,A052704,A052702,2015JJ00,921.7,640.9,280.8,4511.9,3088.4,1423.5,1858.1,1261.3,596.7,23.2,15.7,7.5
183,A052704,A052702,2016JJ00,1112.9,776.7,336.2,5217.5,3654.1,1563.3,2137.1,1495.1,642.0,23.3,16.1,7.2
184,A052704,A052702,2017JJ00,1037.1,733.3,303.7,5155.8,3574.5,1581.3,2098.9,1459.3,639.6,26.2,18.1,8.1
185,A052704,A052702,2018JJ00,1074.4,783.7,290.7,5460.6,3927.5,1533.1,2290.5,1630.0,660.5,25.4,17.9,7.4
186,A052704,A052702,2019JJ00,1268.3,900.0,368.3,6685.5,4610.7,2074.8,2608.1,1795.9,812.2,32.6,22.2,10.4
187,A052704,A052702,2020JJ00,1151.0,809.6,341.4,5796.9,4010.6,1786.2,2395.4,1658.1,737.3,22.2,15.3,6.9
188,A052704,A052702,2021JJ00,1105.0,776.6,328.4,5503.8,3764.5,1739.3,2448.3,1664.8,783.4,16.6,11.5,5.1
189,A052704,A052703,2015JJ00,129.0,106.1,22.9,639.7,515.1,124.6,264.7,214.7,50.0,3.4,2.7,0.7
190,A052704,A052703,2016JJ00,132.5,112.4,20.1,643.9,536.9,107.1,257.8,218.8,39.0,3.0,2.5,0.5
191,A052704,A052703,2017JJ00,136.1,116.7,19.5,722.1,592.8,129.2,278.4,234.0,44.5,3.6,3.0,0.6
192,A052704,A052703,2018JJ00,151.5,126.7,24.8,775.2,630.6,144.7,317.3,257.9,59.4,3.6,2.9,0.7
193,A052704,A052703,2019JJ00,170.9,144.6,26.3,864.6,714.4,150.2,338.0,278.7,59.2,4.3,3.5,0.8
194,A052704,A052703,2020JJ00,211.6,185.0,26.5,1014.1,860.1,154.0,411.2,349.0,62.3,3.8,3.2,0.6
195,A052704,A052703,2021JJ00,224.4,192.5,31.9,1011.3,838.8,172.5,438.3,358.1,80.3,2.9,2.4,0.5
196,A052704,A052704,2015JJ00,185.3,48.5,136.9,937.1,253.7,683.4,378.6,99.9,278.7,4.7,1.3,3.4
197,A052704,A052704,2016JJ00,206.4,64.5,141.8,996.5,311.6,684.9,400.3,116.4,283.9,4.4,1.3,3.1
198,A052704,A052704,2017JJ00,183.8,46.2,137.7,979.1,264.6,714.5,392.5,96.7,295.8,4.9,1.2,3.7
199,A052704,A052704,2018JJ00,174.6,44.7,129.9,928.1,249.3,678.8,382.2,98.6,283.7,4.3,1.1,3.2
200,A052704,A052704,2019JJ00,210.5,51.8,158.7,1192.9,297.4,895.5,456.1,111.5,344.6,5.8,1.4,4.4
201,A052704,A052704,2020JJ00,164.2,42.8,121.4,871.9,224.3,647.6,355.2,91.5,263.7,3.3,0.9,2.5
202,A052704,A052704,2021JJ00,149.9,41.5,108.4,780.3,210.6,569.7,341.6,92.0,249.5,2.3,0.6,1.7
203,A052704,A052705,2015JJ00,651.3,241.4,409.9,3259.2,1195.4,2063.8,1333.8,485.4,848.4,16.6,6.0,10.6
204,A052704,A052705,2016JJ00,687.3,259.3,427.9,3237.8,1257.0,1980.8,1315.5,508.8,806.7,14.6,5.6,9.0
205,A052704,A052705,2017JJ00,650.7,242.0,408.7,3273.3,1215.3,2058.0,1351.7,496.9,854.8,16.9,6.1,10.8
206,A052704,A052705,2018JJ00,636.8,248.5,388.3,3238.4,1250.3,1988.0,1336.6,511.1,825.4,15.0,5.6,9.4
207,A052704,A052705,2019JJ00,699.4,273.2,426.2,3711.5,1414.6,2296.8,1381.9,532.4,849.5,17.2,6.5,10.7
208,A052704,A052705,2020JJ00,664.0,275.9,388.1,3431.9,1385.6,2046.4,1381.4,558.0,823.4,12.9,5.1,7.8
209,A052704,A052705,2021JJ00,642.3,260.9,381.4,3191.7,1265.0,1926.7,1373.9,545.9,828.0,9.3,3.7,5.6
210,A052704,A052706,2015JJ00,747.0,150.2,596.8,3934.0,825.2,3108.8,1662.1,354.8,1307.3,20.4,4.5,15.9
211,A052704,A052706,2016JJ00,919.7,205.2,714.5,4360.5,975.7,3384.8,1810.1,399.4,1410.7,19.4,4.3,15.0
212,A052704,A052706,2017JJ00,797.5,156.4,641.1,4413.5,934.0,3479.6,1858.3,387.8,1470.5,22.4,4.9,17.6
213,A052704,A052706,2018JJ00,739.9,151.5,588.4,4282.5,896.4,3386.1,1886.4,386.0,1500.4,21.0,4.3,16.7
214,A052704,A052706,2019JJ00,990.7,181.1,809.5,6058.8,1125.4,4933.3,2447.1,453.0,1994.2,31.2,5.8,25.3
215,A052704,A052706,2020JJ00,812.4,148.1,664.4,4648.3,873.9,3774.4,1991.6,374.4,1617.2,18.5,3.5,15.0
216,A052704,A052706,2021JJ00,820.8,141.9,678.9,4745.4,811.3,3934.1,2266.4,391.1,1875.3,15.0,2.6,12.5
217,A052704,A052707,2015JJ00,661.2,551.2,110.0,3290.2,2822.2,468.0,1415.1,1254.6,160.5,18.8,17.0,1.7
218,A052704,A052707,2016JJ00,721.0,616.8,104.2,3420.6,2988.7,431.9,1456.6,1302.1,154.5,17.4,15.8,1.6
219,A052704,A052707,2017JJ00,654.9,559.4,95.5,3318.2,2904.9,413.3,1426.6,1274.5,152.1,19.6,17.8,1.8
220,A052704,A052707,2018JJ00,686.8,588.0,98.7,3439.7,3017.0,422.7,1509.8,1358.2,151.7,18.0,16.3,1.6
221,A052704,A052707,2019JJ00,795.5,681.2,114.3,4366.6,3842.5,524.1,1843.3,1663.9,179.5,25.2,23.0,2.2
222,A052704,A052707,2020JJ00,767.4,679.6,87.8,3986.0,3590.9,395.0,1681.4,1539.8,141.6,16.7,15.4,1.3
223,A052704,A052707,2021JJ00,722.0,642.7,79.3,3585.4,3221.7,363.7,1688.2,1548.2,140.0,10.3,9.3,0.9
224,A052705,T001684,2015JJ00,46047.1,14400.7,31646.4,192158.0,78866.5,113291.5,72939.4,33124.6,39814.8,642.2,333.8,308.5
225,A052705,T001684,2016JJ00,41509.1,13295.1,28214.0,188954.0,80713.9,108240.2,73158.9,34932.9,38226.0,654.1,347.2,306.9
226,A052705,T001684,2017JJ00,48180.3,15135.0,33045.3,200435.2,81773.0,118662.2,72122.2,33167.8,38954.4,678.6,350.7,327.8
227,A052705,T001684,2018JJ00,55278.4,17035.0,38243.4,211168.2,87233.6,123934.6,75666.6,36193.4,39473.2,698.8,367.2,331.5
228,A052705,T001684,2019JJ00,55069.2,15006.8,40062.4,204879.2,82997.9,121881.3,79108.3,36471.2,42637.1,686.3,355.4,331.0
229,A052705,T001684,2020JJ00,50335.6,14864.5,35471.1,203213.4,86749.4,116464.0,77958.3,37343.1,40615.2,648.7,341.0,307.7
230,A052705,T001684,2021JJ00,46277.5,15407.3,30870.3,207486.8,90327.0,117159.9,80710.7,37699.9,43010.8,601.4,321.6,279.8
231,A052705,A052701,2015JJ00,31420.0,7203.6,24216.4,120575.0,40651.0,79924.0,41960.7,16256.5,25704.2,340.7,164.3,176.4
232,A052705,A052701,2016JJ00,28023.7,6563.5,21460.2,115828.2,40840.6,74987.5,40953.4,16985.0,23968.5,341.0,167.1,174.0
233,A052705,A052701,2017JJ00,31474.2,7532.1,23942.0,121840.6,41193.8,80646.8,40107.6,15885.5,24222.1,346.2,163.4,182.8
234,A052705,A052701,2018JJ00,37388.8,8816.8,28572.0,129809.2,44836.0,84973.1,42056.5,17755.9,24300.6,357.4,172.3,185.1
235,A052705,A052701,2019JJ00,40265.2,8105.8,32159.4,135375.4,45230.9,90144.5,48141.9,18879.1,29262.8,378.7,176.7,202.0
236,A052705,A052701,2020JJ00,34850.0,7350.3,27499.7,130781.8,46444.7,84337.1,46818.4,19463.0,27355.4,364.5,172.1,192.4
237,A052705,A052701,2021JJ00,29756.3,7373.7,22382.6,130113.6,48091.2,82022.4,48385.6,19687.6,28698.0,346.9,172.1,174.8
238,A052705,A052702,2015JJ00,3575.3,2371.8,1203.4,18127.3,12249.7,5877.6,7795.5,5154.9,2640.6,76.5,51.2,25.2
239,A052705,A052702,2016JJ00,3491.6,2356.2,1135.4,19640.1,13630.9,6009.2,8654.8,5926.0,2728.9,83.7,57.5,26.1
240,A052705,A052702,2017JJ00,4239.4,2750.5,1489.0,20832.8,14253.6,6579.2,8565.3,5813.8,2751.5,88.6,61.0,27.6
241,A052705,A052702,2018JJ00,4558.9,3014.7,1544.2,21836.4,15095.2,6741.2,9147.8,6272.5,2875.4,92.6,64.4,28.2
242,A052705,A052702,2019JJ00,3837.7,2577.6,1260.1,19134.0,13536.8,5597.1,8649.4,6078.2,2571.3,85.2,59.9,25.3
243,A052705,A052702,2020JJ00,4050.6,2677.8,1372.8,19749.9,13795.7,5954.2,8551.9,5907.4,2644.5,76.9,53.7,23.1
244,A052705,A052702,2021JJ00,4264.4,2849.1,1415.4,20953.3,14443.2,6510.1,8784.3,5931.2,2853.1,70.1,48.5,21.6
245,A052705,A052703,2015JJ00,534.7,429.4,105.3,2759.2,2210.4,548.8,1223.1,965.6,257.5,11.9,9.6,2.3
246,A052705,A052703,2016JJ00,435.5,356.4,79.1,2512.8,2066.0,446.8,1141.3,931.9,209.4,11.1,9.2,1.9
247,A052705,A052703,2017JJ00,555.3,453.7,101.6,2876.4,2354.5,521.9,1228.8,995.5,233.3,12.9,10.7,2.3
248,A052705,A052703,2018JJ00,640.3,516.9,123.4,3173.0,2549.4,623.6,1376.7,1088.7,288.0,14.1,11.3,2.8
249,A052705,A052703,2019JJ00,519.8,429.9,89.9,2684.7,2230.3,454.4,1230.8,1015.5,215.3,12.1,10.0,2.1
250,A052705,A052703,2020JJ00,676.4,572.9,103.5,3515.4,3035.8,479.6,1524.3,1311.8,212.5,14.0,12.1,1.9
251,A052705,A052703,2021JJ00,798.3,626.7,171.6,3959.8,3241.0,718.8,1629.9,1332.8,297.1,13.4,11.1,2.3
252,A052705,A052704,2015JJ00,747.1,185.8,561.2,3528.7,969.4,2559.3,1488.5,395.9,1092.6,14.3,3.9,10.4
253,A052705,A052704,2016JJ00,686.5,189.5,497.0,3615.1,1111.3,2503.8,1567.2,468.0,1099.1,14.7,4.4,10.2
254,A052705,A052704,2017JJ00,866.7,187.4,679.3,3904.0,983.6,2920.4,1586.2,397.4,1188.8,15.8,4.0,11.8
255,A052705,A052704,2018JJ00,854.3,182.6,671.6,3669.2,899.9,2769.4,1535.2,390.3,1144.9,15.0,3.9,11.1
256,A052705,A052704,2019JJ00,692.6,152.0,540.6,3057.0,759.0,2297.9,1374.1,347.3,1026.8,13.5,3.4,10.0
257,A052705,A052704,2020JJ00,651.8,152.4,499.4,2916.5,766.8,2149.7,1268.1,328.6,939.5,11.0,2.9,8.1
258,A052705,A052704,2021JJ00,629.4,148.3,481.1,2912.8,775.6,2137.2,1235.6,324.2,911.4,9.3,2.6,6.8
259,A052705,A052705,2015JJ00,3031.2,1029.5,2001.7,13900.7,4976.5,8924.2,5719.9,2070.0,3649.8,55.2,20.5,34.8
260,A052705,A052705,2016JJ00,2760.5,946.2,1814.3,13664.0,5070.0,8594.0,5638.4,2141.7,3496.7,53.9,20.7,33.2
261,A052705,A052705,2017JJ00,3456.0,1082.8,2373.2,15083.7,5170.7,9913.0,5734.5,2039.4,3695.1,58.2,21.2,37.0
262,A052705,A052705,2018JJ00,3602.8,1141.6,2461.2,14905.2,5239.8,9665.4,5660.2,2051.9,3608.4,56.3,20.9,35.4
263,A052705,A052705,2019JJ00,2784.5,900.0,1884.6,11555.2,4373.4,7181.8,4607.9,1838.9,2769.0,44.5,17.9,26.6
264,A052705,A052705,2020JJ00,3060.2,1051.4,2008.8,12975.9,4964.7,8011.2,5152.0,2022.7,3129.2,45.7,18.4,27.4
265,A052705,A052705,2021JJ00,3055.9,1116.1,1939.8,13469.2,5311.2,8158.0,5213.1,2069.8,3143.3,40.2,16.7,23.4
266,A052705,A052706,2015JJ00,3735.7,741.8,2993.9,17568.3,3956.6,13611.8,7576.4,1807.8,5768.5,69.6,16.8,52.9
267,A052705,A052706,2016JJ00,3417.4,714.2,2703.2,17953.8,4120.6,13833.2,7886.1,1882.4,6003.7,72.5,17.7,54.8
268,A052705,A052706,2017JJ00,4690.3,789.7,3900.6,20294.8,4082.1,16212.7,8003.1,1804.6,6198.6,78.0,18.0,60.0
269,A052705,A052706,2018JJ00,5114.2,819.5,4294.7,21399.6,4121.7,17277.9,8393.8,1836.3,6557.6,80.2,17.9,62.4
270,A052705,A052706,2019JJ00,4272.1,657.5,3614.6,17863.7,3377.2,14486.6,7727.3,1602.4,6124.9,74.2,15.4,58.8
271,A052705,A052706,2020JJ00,4114.7,608.5,3506.2,17034.3,3128.6,13905.8,7161.5,1440.5,5721.0,62.7,13.1,49.7
272,A052705,A052706,2021JJ00,4624.2,686.3,3938.0,19385.5,3483.0,15902.6,7999.5,1525.7,6473.8,58.5,12.0,46.6
273,A052705,A052707,2015JJ00,3003.2,2438.8,564.4,15698.9,13853.0,1845.9,7175.2,6473.9,701.3,74.0,67.5,6.5
274,A052705,A052707,2016JJ00,2693.9,2169.0,524.9,15740.0,13874.5,1865.5,7317.7,6597.9,719.7,77.3,70.7,6.6
275,A052705,A052707,2017JJ00,2898.5,2338.9,559.6,15603.0,13734.8,1868.2,6896.7,6231.7,665.0,78.8,72.5,6.4
276,A052705,A052707,2018JJ00,3119.1,2542.7,576.4,16375.6,14491.5,1884.1,7496.3,6797.9,698.4,83.1,76.6,6.5
277,A052705,A052707,2019JJ00,2697.3,2184.1,513.2,15209.2,13490.2,1719.0,7376.8,6709.8,667.0,78.2,72.1,6.1
278,A052705,A052707,2020JJ00,2932.0,2451.3,480.6,16239.5,14613.2,1626.3,7482.1,6868.9,613.2,73.7,68.6,5.1
279,A052705,A052707,2021JJ00,3149.0,2607.2,541.8,16692.6,14981.9,1710.8,7462.7,6828.6,634.2,63.0,58.6,4.3
280,A052706,T001684,2015JJ00,127907.7,26129.7,101778.0,329244.9,90905.8,238339.1,108393.9,36200.7,72193.2,830.3,338.5,491.8
281,A052706,T001684,2016JJ00,128550.7,28055.8,100494.9,339577.2,98330.6,241246.7,115860.2,40820.4,75039.8,861.2,351.9,509.4
282,A052706,T001684,2017JJ00,143539.4,29825.7,113713.8,367654.4,102681.8,264972.6,123789.4,42738.1,81051.3,871.1,354.0,517.1
283,A052706,T001684,2018JJ00,155754.4,31022.1,124732.3,392275.1,104789.6,287485.5,131299.9,43586.1,87713.8,911.7,360.8,550.9
284,A052706,T001684,2019JJ00,149443.8,34635.9,114807.9,406722.6,115637.2,291085.4,137696.1,46742.3,90953.8,953.1,370.9,582.2
285,A052706,T001684,2020JJ00,133885.6,28416.3,105469.4,357043.0,99750.7,257292.3,125081.0,43472.4,81608.6,889.3,349.2,540.1
286,A052706,T001684,2021JJ00,163118.6,34192.1,128926.5,426891.1,111921.3,314969.8,145072.1,46597.3,98474.8,901.0,343.5,557.5
287,A052706,A052701,2015JJ00,101183.5,13482.8,87700.7,239335.7,46627.4,192708.2,75315.5,18898.4,56417.1,532.3,175.4,356.9
288,A052706,A052701,2016JJ00,100141.6,14368.0,85773.6,243347.9,50486.8,192861.2,78389.9,21092.0,57297.9,548.1,179.0,369.1
289,A052706,A052701,2017JJ00,112521.5,15061.9,97459.6,266242.5,52785.3,213457.2,84520.2,22414.0,62106.2,564.5,186.7,377.8
290,A052706,A052701,2018JJ00,122109.8,15163.8,106946.0,286299.5,52994.2,233305.3,90369.9,22468.8,67901.1,599.8,189.8,410.0
291,A052706,A052701,2019JJ00,112154.5,16974.4,95180.1,284051.9,55611.1,228440.9,91481.7,22918.9,68562.8,595.2,177.7,417.5
292,A052706,A052701,2020JJ00,104224.2,13411.7,90812.6,258940.3,48765.8,210174.4,85205.8,21765.0,63440.8,590.5,179.7,410.7
293,A052706,A052701,2021JJ00,126715.2,17193.8,109521.4,312289.6,55917.0,256372.6,101273.4,23503.4,77770.0,605.7,177.9,427.9
294,A052706,A052702,2015JJ00,6501.0,4355.7,2145.3,22072.4,14562.4,7510.0,8353.3,5571.7,2781.6,77.1,52.1,24.9
295,A052706,A052702,2016JJ00,7139.6,4884.4,2255.3,24606.3,16452.5,8153.8,9854.2,6622.5,3231.6,84.4,57.8,26.6
296,A052706,A052702,2017JJ00,7779.9,5270.4,2509.5,25584.0,16996.1,8587.9,10153.7,6798.3,3355.4,81.5,55.9,25.6
297,A052706,A052702,2018JJ00,8696.0,5888.1,2807.9,27588.9,18461.6,9127.3,10915.2,7421.8,3493.4,86.4,60.3,26.1
298,A052706,A052702,2019JJ00,9768.8,6642.1,3126.7,32356.7,21604.5,10752.2,12498.4,8427.4,4071.0,99.3,68.2,31.0
299,A052706,A052702,2020JJ00,7939.3,5412.9,2526.4,26129.1,17545.8,8583.3,10810.8,7336.8,3474.0,82.5,57.2,25.3
300,A052706,A052702,2021JJ00,9184.1,6149.0,3035.1,29547.7,19485.4,10062.3,11841.3,7899.3,3942.0,83.4,57.5,25.9
301,A052706,A052703,2015JJ00,871.8,708.1,163.7,3241.2,2528.5,712.7,1270.2,994.6,275.6,11.8,9.5,2.3
302,A052706,A052703,2016JJ00,861.4,722.7,138.7,3170.6,2540.4,630.2,1320.1,1048.5,271.5,11.3,9.3,2.0
303,A052706,A052703,2017JJ00,1045.7,882.2,163.5,3673.9,2940.6,733.2,1523.2,1200.1,323.1,12.2,9.9,2.3
304,A052706,A052703,2018JJ00,1193.9,975.9,218.0,4074.2,3168.8,905.4,1638.4,1272.9,365.5,13.1,10.4,2.7
305,A052706,A052703,2019JJ00,1289.1,1076.9,212.2,4429.6,3578.2,851.3,1757.6,1411.6,346.1,14.0,11.3,2.6
306,A052706,A052703,2020JJ00,1376.2,1183.8,192.4,4620.3,3832.7,787.6,1947.4,1606.2,341.2,14.9,12.6,2.3
307,A052706,A052703,2021JJ00,1738.7,1421.1,317.7,5529.6,4319.4,1210.2,2238.1,1744.0,494.1,15.7,12.9,2.8
308,A052706,A052704,2015JJ00,1348.0,353.0,995.0,4541.9,1201.0,3340.9,1657.2,444.2,1213.0,14.6,4.0,10.6
309,A052706,A052704,2016JJ00,1435.8,401.5,1034.4,4965.1,1401.4,3563.7,1905.1,550.4,1354.6,15.4,4.5,10.8
310,A052706,A052704,2017JJ00,1522.9,390.8,1132.1,5085.6,1343.5,3742.2,1950.1,525.1,1425.0,14.8,3.9,10.9
311,A052706,A052704,2018JJ00,1596.7,397.1,1199.7,5052.3,1289.7,3762.7,1918.8,502.2,1416.7,14.3,3.8,10.5
312,A052706,A052704,2019JJ00,1728.9,429.9,1299.0,5775.9,1439.2,4336.7,2157.5,544.1,1613.3,16.7,4.3,12.5
313,A052706,A052704,2020JJ00,1194.8,297.3,897.5,3981.8,1007.8,2974.0,1599.0,417.8,1181.2,11.9,3.1,8.8
314,A052706,A052704,2021JJ00,1285.4,331.1,954.3,4098.5,1047.7,3050.8,1582.9,413.7,1169.2,11.0,3.0,8.0
315,A052706,A052705,2015JJ00,4893.5,1592.4,3301.1,16137.7,5483.7,10654.0,5851.8,2091.5,3760.4,53.6,20.0,33.5
316,A052706,A052705,2016JJ00,5077.4,1649.7,3427.7,16664.3,5676.1,10988.3,6320.9,2290.0,4030.9,53.6,20.3,33.3
317,A052706,A052705,2017JJ00,5656.3,1791.1,3865.3,17851.5,5859.6,11991.9,6734.4,2320.9,4413.4,53.1,19.4,33.7
318,A052706,A052705,2018JJ00,5842.5,1878.7,3963.8,17671.4,5828.4,11843.0,6682.8,2312.0,4370.8,51.5,19.1,32.4
319,A052706,A052705,2019JJ00,6018.9,2018.3,4000.6,18858.9,6538.2,12320.7,6883.9,2490.2,4393.7,53.1,20.4,32.8
320,A052706,A052705,2020JJ00,5010.5,1815.5,3195.0,16152.3,5934.3,10218.0,6415.4,2457.2,3958.2,49.4,19.7,29.7
321,A052706,A052705,2021JJ00,5112.6,1971.3,3141.3,16461.5,6315.2,10146.3,6462.1,2558.1,3904.0,45.7,18.9,26.7
322,A052706,A052706,2015JJ00,8475.9,1539.7,6936.1,26941.8,5375.1,21566.6,8998.6,1960.9,7037.7,74.7,17.2,57.4
323,A052706,A052706,2016JJ00,8949.7,1624.1,7325.5,28777.1,5660.3,23116.8,10297.2,2232.8,8064.4,79.4,18.3,61.1
324,A052706,A052706,2017JJ00,9729.4,1739.9,7989.5,30429.9,6011.9,24418.1,10951.7,2352.9,8598.8,78.6,17.7,60.9
325,A052706,A052706,2018JJ00,10751.5,1772.5,8979.0,32373.3,5876.5,26496.8,11629.4,2285.9,9343.5,80.4,17.0,63.4
326,A052706,A052706,2019JJ00,12333.7,2017.6,10316.1,38873.7,6809.8,32063.9,13578.8,2539.4,11039.4,98.3,19.2,79.0
327,A052706,A052706,2020JJ00,8635.3,1313.5,7321.8,27516.5,4738.4,22778.1,10452.8,1976.9,8475.9,72.4,14.3,58.1
328,A052706,A052706,2021JJ00,12979.6,1626.8,11352.8,37781.3,5600.8,32180.5,12657.2,2224.1,10433.1,75.6,14.2,61.4
329,A052706,A052707,2015JJ00,4634.0,4097.9,536.1,16974.2,15127.7,1846.5,6947.2,6239.4,707.8,66.3,60.3,6.1
330,A052706,A052707,2016JJ00,4945.3,4405.5,539.8,18045.8,16113.1,1932.7,7772.9,6984.1,788.8,69.0,62.7,6.4
331,A052706,A052707,2017JJ00,5283.7,4689.4,594.3,18787.0,16744.8,2042.2,7956.2,7126.8,829.4,66.5,60.5,5.9
332,A052706,A052707,2018JJ00,5564.0,4946.0,618.0,19215.4,17170.3,2045.0,8145.4,7322.6,822.8,66.1,60.3,5.8
333,A052706,A052707,2019JJ00,6150.0,5476.8,673.2,22375.8,20056.2,2319.6,9338.2,8410.6,927.6,76.5,69.8,6.7
334,A052706,A052707,2020JJ00,5505.4,4981.6,523.7,19702.8,17926.0,1776.8,8649.7,7912.4,737.3,67.6,62.4,5.2
335,A052706,A052707,2021JJ00,6103.0,5499.0,603.9,21182.9,19235.8,1947.1,9017.1,8254.7,762.4,63.9,59.0,4.9
336,A052707,T001684,2015JJ00,24263.0,15133.6,9129.4,384759.0,328953.1,55805.9,234292.0,207339.1,26952.9,2550.8,2299.1,251.7
337,A052707,T001684,2016JJ00,23022.0,15179.7,7842.3,386456.0,331950.2,54505.8,238611.0,211657.5,26953.5,2568.8,2314.3,254.5
338,A052707,T001684,2017JJ00,22037.0,15536.8,6500.2,393673.0,337765.9,55907.1,245721.0,217206.8,28514.2,2594.8,2334.6,260.2
339,A052707,T001684,2018JJ00,24969.0,16470.3,8498.7,408350.0,351513.1,56836.9,254804.0,227350.9,27453.1,2649.6,2385.0,264.7
340,A052707,T001684,2019JJ00,26080.0,17279.9,8800.1,427898.0,369195.6,58702.4,266777.0,238509.8,28267.2,2716.6,2447.8,268.7
341,A052707,T001684,2020JJ00,27561.0,18737.6,8823.4,428445.0,374074.3,54370.7,265916.0,240077.7,25838.3,2788.2,2533.0,255.3
342,A052707,T001684,2021JJ00,30812.0,21614.0,9198.0,452769.0,395794.5,56974.5,282185.0,255668.8,26516.2,2868.4,2604.6,263.9
343,A052707,A052701,2015JJ00,18749.8,11426.4,7323.3,289567.0,260844.0,28723.0,173780.6,161221.0,12559.7,2145.5,2012.1,133.3
344,A052707,A052701,2016JJ00,17433.2,11710.8,5722.4,293459.0,266251.0,27208.0,179429.1,166752.1,12676.9,2166.3,2030.5,135.8
345,A052707,A052701,2017JJ00,16570.5,11965.0,4605.5,300029.0,272982.0,27047.0,187117.7,173895.5,13222.2,2191.4,2056.4,135.1
346,A052707,A052701,2018JJ00,18692.4,12522.8,6169.6,315545.0,287177.0,28368.0,198867.0,185780.7,13086.2,2242.1,2103.0,139.2
347,A052707,A052701,2019JJ00,19511.2,13067.6,6443.6,331337.0,301836.0,29501.0,208901.0,195270.1,13630.9,2303.8,2161.1,142.7
348,A052707,A052701,2020JJ00,20884.4,14280.0,6604.4,334987.0,307450.0,27537.0,210601.7,197836.6,12765.0,2377.8,2239.4,138.4
349,A052707,A052701,2021JJ00,22889.9,16619.7,6270.2,356972.0,328962.0,28010.0,227164.1,214009.1,13155.0,2448.2,2305.9,142.4
350,A052707,A052702,2015JJ00,745.6,459.9,285.6,11054.9,6607.8,4447.0,6091.0,3776.7,2314.3,49.6,29.9,19.7
351,A052707,A052702,2016JJ00,854.6,550.6,304.0,11497.1,7124.6,4372.5,6305.0,4035.5,2269.5,52.1,33.5,18.6
352,A052707,A052702,2017JJ00,824.8,519.0,305.9,11871.8,7151.6,4720.2,6424.9,3998.7,2426.2,53.0,33.3,19.7
353,A052707,A052702,2018JJ00,975.8,645.2,330.6,12020.8,7568.6,4452.2,6259.8,4029.1,2230.7,54.1,35.1,19.0
354,A052707,A052702,2019JJ00,1033.1,682.8,350.2,12520.2,7860.1,4660.1,6453.5,4154.0,2299.5,55.5,35.9,19.6
355,A052707,A052702,2020JJ00,1018.4,663.3,355.1,11678.9,7239.5,4439.5,5877.0,3756.5,2120.5,51.9,33.5,18.4
356,A052707,A052702,2021JJ00,1284.6,840.5,444.1,12427.1,7749.2,4678.0,6006.8,3830.8,2176.0,54.7,34.9,19.8
357,A052707,A052703,2015JJ00,117.6,93.1,24.4,1736.6,1346.8,389.8,985.5,777.9,207.6,7.9,6.3,1.7
358,A052707,A052703,2016JJ00,113.8,91.4,22.4,1512.7,1180.6,332.1,856.5,681.0,175.6,7.0,5.6,1.4
359,A052707,A052703,2017JJ00,120.2,95.8,24.3,1714.1,1318.4,395.6,960.9,749.7,211.2,7.7,6.1,1.6
360,A052707,A052703,2018JJ00,150.7,118.3,32.5,1808.1,1380.3,427.7,967.9,748.7,219.1,8.1,6.3,1.8
361,A052707,A052703,2019JJ00,152.4,118.8,33.6,1778.1,1348.9,429.2,937.5,726.8,210.7,7.8,6.0,1.8
362,A052707,A052703,2020JJ00,209.5,173.4,36.1,2143.9,1711.9,431.9,1114.1,904.4,209.7,9.4,7.6,1.8
363,A052707,A052703,2021JJ00,270.2,207.5,62.7,2423.9,1786.5,637.5,1209.7,938.1,271.6,10.3,7.9,2.4
364,A052707,A052704,2015JJ00,166.5,34.0,132.5,2527.8,513.8,2014.0,1256.5,284.3,972.2,10.2,2.2,8.0
365,A052707,A052704,2016JJ00,158.3,40.7,117.7,2235.9,560.6,1675.3,1160.0,308.7,851.4,9.3,2.4,6.9
366,A052707,A052704,2017JJ00,155.5,32.2,123.3,2394.6,489.5,1905.0,1242.1,273.3,968.8,9.9,2.2,7.8
367,A052707,A052704,2018JJ00,179.5,34.6,144.9,2373.6,443.5,1930.1,1129.8,242.9,886.9,9.6,2.0,7.6
368,A052707,A052704,2019JJ00,205.1,40.2,164.9,2564.5,486.3,2078.3,1203.1,256.4,946.7,10.1,2.1,8.0
369,A052707,A052704,2020JJ00,173.8,39.1,134.7,2087.7,465.1,1622.7,959.3,229.1,730.2,8.5,2.0,6.4
370,A052707,A052704,2021JJ00,212.7,39.8,172.9,1952.4,376.4,1576.1,874.5,202.0,672.5,7.7,1.8,5.9
371,A052707,A052705,2015JJ00,774.3,231.2,543.1,11175.0,3375.9,7799.1,5177.3,1640.3,3537.0,41.6,13.2,28.3
372,A052707,A052705,2016JJ00,994.6,246.8,747.8,11496.0,3222.5,8273.5,5162.1,1551.5,3610.6,42.1,12.6,29.4
373,A052707,A052705,2017JJ00,787.1,219.3,567.8,11941.0,3169.9,8771.1,5588.2,1551.2,4037.0,44.1,12.3,31.8
374,A052707,A052705,2018JJ00,1057.5,257.7,799.9,11562.6,3107.6,8454.9,4923.2,1412.1,3511.2,42.3,12.1,30.2
375,A052707,A052705,2019JJ00,830.2,250.7,579.6,10827.7,3104.4,7723.3,4474.0,1387.9,3086.1,38.6,11.8,26.8
376,A052707,A052705,2020JJ00,964.8,288.6,676.2,11283.5,3384.5,7898.9,4496.7,1435.0,3061.7,40.5,12.8,27.7
377,A052707,A052705,2021JJ00,1391.5,361.5,1029.9,12331.9,3562.4,8769.5,4483.1,1455.3,3027.8,41.9,13.5,28.4
378,A052707,A052706,2015JJ00,602.4,135.0,467.4,9485.9,2192.9,7292.9,5636.6,1314.1,4322.5,42.2,10.2,32.1
379,A052707,A052706,2016JJ00,725.8,159.6,566.2,9804.1,2302.0,7502.1,5669.7,1347.2,4322.5,43.8,10.6,33.2
380,A052707,A052706,2017JJ00,606.9,144.3,462.6,9844.3,2312.1,7532.3,5758.2,1352.5,4405.6,44.8,10.8,34.0
381,A052707,A052706,2018JJ00,794.2,165.3,628.9,10172.3,2257.6,7914.7,5709.2,1271.2,4438.0,47.3,10.7,36.7
382,A052707,A052706,2019JJ00,960.9,165.3,795.5,11001.6,2154.7,8846.9,6165.0,1221.9,4943.0,49.6,9.9,39.7
383,A052707,A052706,2020JJ00,828.8,156.9,671.9,9759.0,1969.1,7789.9,5325.9,1072.7,4253.2,44.7,9.1,35.6
384,A052707,A052706,2021JJ00,1040.3,202.4,837.9,10660.9,2065.7,8595.2,5644.9,1092.8,4552.1,47.5,9.4,38.1
385,A052707,A052707,2015JJ00,3106.9,2753.9,353.0,59211.9,54071.8,5140.1,41364.5,38324.9,3039.7,253.8,225.2,28.6
386,A052707,A052707,2016JJ00,2741.7,2379.7,362.0,56451.1,51308.8,5142.3,40028.6,36981.5,3047.0,248.2,219.0,29.1
387,A052707,A052707,2017JJ00,2972.0,2561.3,410.7,55878.2,50342.4,5535.8,38629.0,35385.8,3243.1,243.9,213.6,30.3
388,A052707,A052707,2018JJ00,3118.9,2726.5,392.3,54867.6,49578.4,5289.2,36947.1,33866.1,3081.1,246.1,215.8,30.2
389,A052707,A052707,2019JJ00,3387.2,2954.5,432.7,57868.9,52405.4,5463.5,38642.8,35492.6,3150.2,251.2,221.0,30.2
390,A052707,A052707,2020JJ00,3481.3,3136.4,344.9,56504.9,51854.2,4650.7,37541.2,34843.2,2698.0,255.3,228.5,26.8
391,A052707,A052707,2021JJ00,3722.8,3342.5,380.3,56000.6,51292.4,4708.3,36801.8,34140.6,2661.2,258.0,231.1,26.8
