ID,Periods,TotalFinalConsumptionExpenditure_1,Total_2,FoodAndNonAlcoholicBeverages_3,AlcoholicBeveragesTobaccoNarcotic_4,ClothingAndFootwear_5,HousingWaterElectricityGasFuel_6,FurnishingsEquipmentAndMaintenance_7,Health_8,Transport_9,Communication_10,RecreationAndCulture_11,Education_12,RestaurantsAndHotels_13,SocialProtection_14,OtherPurposes_15,ConsumptionNonResidentsInNetherlands_16,ConsumptionByDutchResidentsAbroad_17,Total_18,Total_19,BreadAndCereals_20,MeatAndMeatProducts_21,Fish_22,DairyProductsEggsOilsAndFats_23,PotatoesVegetablesAndFruits_24,SugarSweetsAndIceCream_25,OtherFoodNEC_26,CoffeeTeaAndCocoa_27,MineralWatersSoftDrinksAndJuices_28,AlcoholicBeveragesTobaccoNarcotic_29,Total_30,Clothing_31,Footwear_32,Total_33,ActualRentalsForHousing_34,ImputedRentsOwnerOccupidedDwellings_35,MaintenanceAndRepairOfTheDwelling_36,WaterSupplyAndMiscellaneousServices_37,ElectricityGasAndOtherFuels_38,FurnishingsEquipmentAndMaintenance_39,Health_40,Total_41,PurchaseOfVehicles_42,OperationPersonalTransportEquipment_43,TransportServices_44,Communication_45,RecreationAndCulture_46,Education_47,RestaurantsAndHotels_48,SocialProtection_49,OtherPurposes_50,ConsumptionNonResidentsInNetherlands_51,ConsumptionByDutchResidentsAbroad_52,Total_53,HousingWaterElectricityGasFuel_54,Health_55,RecreationAndCulture_56,Education_57,SocialProtection_58,CollectiveConsumptionByGovernment_59,TotalFinalConsumptionExpenditure_60,Total_61,FoodAndNonAlcoholicBeverages_62,AlcoholicBeveragesTobaccoNarcotic_63,ClothingAndFootwear_64,HousingWaterElectricityGasFuel_65,FurnishingsEquipmentAndMaintenance_66,Health_67,Transport_68,Communication_69,RecreationAndCulture_70,Education_71,RestaurantsAndHotels_72,SocialProtection_73,OtherPurposes_74,ConsumptionNonResidentsInNetherlands_75,ConsumptionByDutchResidentsAbroad_76,Total_77,Total_78,BreadAndCereals_79,MeatAndMeatProducts_80,Fish_81,DairyProductsEggsOilsAndFats_82,PotatoesVegetablesAndFruits_83,SugarSweetsAndIceCream_84,OtherFoodNEC_85,CoffeeTeaAndCocoa_86,MineralWatersSoftDrinksAndJuices_87,AlcoholicBeveragesTobaccoNarcotic_88,Total_89,Clothing_90,Footwear_91,Total_92,ActualRentalsForHousing_93,ImputedRentsOwnerOccupidedDwellings_94,MaintenanceAndRepairOfTheDwelling_95,WaterSupplyAndMiscellaneousServices_96,ElectricityGasAndOtherFuels_97,FurnishingsEquipmentAndMaintenance_98,Health_99,Total_100,PurchaseOfVehicles_101,OperationPersonalTransportEquipment_102,TransportServices_103,Communication_104,RecreationAndCulture_105,Education_106,RestaurantsAndHotels_107,SocialProtection_108,OtherPurposes_109,ConsumptionNonResidentsInNetherlands_110,ConsumptionByDutchResidentsAbroad_111,Total_112,HousingWaterElectricityGasFuel_113,Health_114,RecreationAndCulture_115,Education_116,SocialProtection_117,CollectiveConsumptionByGovernment_118,TotalFinalConsumptionExpenditure_119,Total_120,FoodAndNonAlcoholicBeverages_121,AlcoholicBeveragesTobaccoNarcotic_122,ClothingAndFootwear_123,HousingWaterElectricityGasFuel_124,FurnishingsEquipmentAndMaintenance_125,Health_126,Transport_127,Communication_128,RecreationAndCulture_129,Education_130,RestaurantsAndHotels_131,SocialProtection_132,OtherPurposes_133,ConsumptionNonResidentsInNetherlands_134,ConsumptionByDutchResidentsAbroad_135,Total_136,Total_137,BreadAndCereals_138,MeatAndMeatProducts_139,Fish_140,DairyProductsEggsOilsAndFats_141,PotatoesVegetablesAndFruits_142,SugarSweetsAndIceCream_143,OtherFoodNEC_144,CoffeeTeaAndCocoa_145,MineralWatersSoftDrinksAndJuices_146,AlcoholicBeveragesTobaccoNarcotic_147,Total_148,Clothing_149,Footwear_150,Total_151,ActualRentalsForHousing_152,ImputedRentsOwnerOccupidedDwellings_153,MaintenanceAndRepairOfTheDwelling_154,WaterSupplyAndMiscellaneousServices_155,ElectricityGasAndOtherFuels_156,FurnishingsEquipmentAndMaintenance_157,Health_158,Total_159,PurchaseOfVehicles_160,OperationPersonalTransportEquipment_161,TransportServices_162,Communication_163,RecreationAndCulture_164,Education_165,RestaurantsAndHotels_166,SocialProtection_167,OtherPurposes_168,ConsumptionNonResidentsInNetherlands_169,ConsumptionByDutchResidentsAbroad_170,Total_171,HousingWaterElectricityGasFuel_172,Health_173,RecreationAndCulture_174,Education_175,SocialProtection_176,CollectiveConsumptionByGovernment_177,TotalFinalConsumptionExpenditure_178,Total_179,FoodAndNonAlcoholicBeverages_180,AlcoholicBeveragesTobaccoNarcotic_181,ClothingAndFootwear_182,HousingWaterElectricityGasFuel_183,FurnishingsEquipmentAndMaintenance_184,Health_185,Transport_186,Communication_187,RecreationAndCulture_188,Education_189,RestaurantsAndHotels_190,SocialProtection_191,OtherPurposes_192,ConsumptionNonResidentsInNetherlands_193,ConsumptionByDutchResidentsAbroad_194,Total_195,Total_196,BreadAndCereals_197,MeatAndMeatProducts_198,Fish_199,DairyProductsEggsOilsAndFats_200,PotatoesVegetablesAndFruits_201,SugarSweetsAndIceCream_202,OtherFoodNEC_203,CoffeeTeaAndCocoa_204,MineralWatersSoftDrinksAndJuices_205,AlcoholicBeveragesTobaccoNarcotic_206,Total_207,Clothing_208,Footwear_209,Total_210,ActualRentalsForHousing_211,ImputedRentsOwnerOccupidedDwellings_212,MaintenanceAndRepairOfTheDwelling_213,WaterSupplyAndMiscellaneousServices_214,ElectricityGasAndOtherFuels_215,FurnishingsEquipmentAndMaintenance_216,Health_217,Total_218,PurchaseOfVehicles_219,OperationPersonalTransportEquipment_220,TransportServices_221,Communication_222,RecreationAndCulture_223,Education_224,RestaurantsAndHotels_225,SocialProtection_226,OtherPurposes_227,ConsumptionNonResidentsInNetherlands_228,ConsumptionByDutchResidentsAbroad_229,Total_230,HousingWaterElectricityGasFuel_231,Health_232,RecreationAndCulture_233,Education_234,SocialProtection_235,CollectiveConsumptionByGovernment_236
0,1995JJ00,236115,205530,18897,5309,9138,32167,9468,20451,19607,3732,19665,14505,11444,15198,23728,4628,6849,162211,18897,3325,4110,574,3243,3117,1583,1041,714,1190,5309,9138,7632,1506,31205,9419,13764,883,1850,5289,9468,6614,19607,7056,10094,2457,3732,17736,1157,11444,1955,23728,4628,6849,43319,962,13837,1929,13348,13243,30585,344372,300333,28477,8108,10522,59042,12237,30377,31700,2370,22579,26177,19960,24181,28454,6978,10518,231328,28477,5252,6123,971,4722,4916,2078,1545,1050,1792,8108,10522,8664,1855,57027,16524,24298,1242,2780,12328,12237,9725,31700,9460,18153,4366,2370,20032,2156,19960,3417,28454,6978,10518,69142,1964,20614,2558,24008,20781,43988,,,,,,,,,,,,,,,,,,,,,,,,,,,,,,,,,,,,,,,,,,,,,,,,,,,,,,,,,,,,68.6,68.4,66.4,65.5,86.8,54.5,77.4,67.3,61.9,157.5,87.1,55.4,57.3,62.9,83.4,66.3,65.1,70.1,66.4,63.3,67.1,59.1,68.7,63.4,76.2,67.4,68.0,66.4,65.5,86.8,88.1,81.2,54.7,57.0,56.6,71.1,66.6,42.9,77.4,68.0,61.9,74.6,55.6,56.3,157.5,88.5,53.7,57.3,57.2,83.4,66.3,65.1,62.7,49.0,67.1,75.4,55.6,63.7,69.5
1,1996JJ00,246044,215655,19709,5672,9536,34875,10106,21411,20780,4025,20869,14915,12158,15172,24203,4909,7133,172382,19709,3501,4351,585,3313,3303,1690,1099,670,1197,5672,9536,7939,1597,33815,9952,14855,905,2010,6093,10106,7747,20780,7398,10868,2514,4025,18924,1207,12158,2276,24203,4909,7133,43273,1060,13664,1945,13708,12896,30389,354685,311334,29435,8569,10944,61589,12929,31796,32896,2618,23766,26478,20689,23679,29741,7270,10564,242724,29435,5433,6393,981,4763,5176,2199,1622,1097,1739,8569,10944,8963,1982,59465,16720,25142,1281,2916,13785,12929,11263,32896,9964,18774,4400,2618,21188,2167,20689,3912,29741,7270,10564,68403,2074,20479,2573,24298,19843,43330,3.0,3.7,3.4,5.7,4.0,4.3,5.7,4.7,3.8,10.5,5.3,1.2,3.7,-2.1,4.5,4.2,0.4,4.9,3.4,3.5,4.4,1.0,0.9,5.3,5.8,5.0,4.5,-2.9,5.7,4.0,3.5,6.8,4.3,1.2,3.5,3.2,4.9,11.8,5.7,15.8,3.8,5.3,3.4,0.8,10.5,5.8,0.5,3.7,14.5,4.5,4.2,0.4,-1.1,5.6,-0.7,0.6,1.2,-4.5,-1.5,69.4,69.3,67.0,66.2,87.1,56.6,78.2,67.3,63.2,153.7,87.8,56.3,58.8,64.1,81.4,67.5,67.5,71.0,67.0,64.4,68.1,59.6,69.6,63.8,76.9,67.8,61.1,68.8,66.2,87.1,88.6,80.6,56.9,59.5,59.1,70.6,68.9,44.2,78.2,68.8,63.2,74.2,57.9,57.1,153.7,89.3,55.7,58.8,58.2,81.4,67.5,67.5,63.3,51.1,66.7,75.6,56.4,65.0,70.1
2,1997JJ00,261203,229526,20714,5955,10274,36339,10948,23284,22421,4676,22369,15591,13172,15118,26739,5657,7583,183736,20714,3723,4482,623,3419,3450,1791,1197,775,1254,5955,10274,8600,1674,35121,10314,16006,963,2039,5799,10948,7839,22421,7756,11800,2865,4676,20296,1316,13172,2339,26739,5657,7583,45790,1218,15445,2073,14275,12779,31677,368446,323868,30134,8777,11581,61741,13824,34026,34457,3121,25115,26970,22008,23088,32016,8116,11063,252860,30134,5671,6388,1030,4849,5295,2283,1715,1084,1787,8777,11581,9574,1999,59422,16676,26067,1339,2897,12488,13824,11275,34457,10442,19626,4641,3121,22400,2268,22008,4022,32016,8116,11063,70747,2290,22718,2706,24690,19161,44562,3.9,4.0,2.4,2.4,5.8,0.2,6.9,7.0,4.7,19.2,5.7,1.9,6.4,-2.5,7.7,11.6,4.7,4.2,2.4,4.4,-0.1,5.0,1.8,2.3,3.8,5.7,-1.2,2.8,2.4,5.8,6.8,0.9,-0.1,-0.3,3.7,4.5,-0.6,-9.4,6.9,0.1,4.7,4.8,4.5,5.5,19.2,5.7,4.6,6.4,2.8,7.7,11.6,4.7,3.4,10.4,10.9,5.2,1.6,-3.4,2.8,70.9,70.9,68.7,67.8,88.7,58.9,79.2,68.4,65.1,149.8,89.1,57.8,59.9,65.5,83.5,69.7,68.5,72.7,68.7,65.7,70.2,60.5,70.5,65.2,78.4,69.8,71.5,70.2,67.8,88.7,89.8,83.7,59.1,61.8,61.4,71.9,70.4,46.4,79.2,69.5,65.1,74.3,60.1,61.7,149.8,90.6,58.0,59.9,58.2,83.5,69.7,68.5,64.7,53.2,68.0,76.6,57.8,66.7,71.1
3,1998JJ00,279664,246662,21544,6192,11267,38241,12240,24526,24067,5832,24241,16531,14181,16653,29003,6168,8312,197542,21544,3913,4483,744,3430,3710,1873,1327,807,1257,6192,11267,9470,1797,36862,10636,17216,1034,2114,5862,12240,8243,24067,8917,11988,3162,5832,22006,1363,14181,2598,29003,6168,8312,49120,1379,16283,2235,15168,14055,33002,387375,341316,30511,8920,12333,62927,15170,35117,36873,4013,26893,27534,23250,24804,34275,8704,12042,267063,30511,5858,6328,1146,4774,5398,2384,1783,1090,1735,8920,12333,10224,2098,60400,16592,27061,1405,2831,12531,15170,11571,36873,11909,19993,5064,4013,24013,2239,23250,4372,34275,8704,12042,73908,2515,23512,2867,25283,20541,46044,5.1,5.4,1.3,1.6,6.5,1.9,9.7,3.2,7.0,28.6,7.1,2.1,5.6,7.4,7.1,7.2,8.8,5.6,1.3,3.3,-0.9,11.2,-1.6,1.9,4.4,4.0,0.5,-3.0,1.6,6.5,6.8,5.0,1.6,-0.5,3.8,4.9,-2.3,0.3,9.7,2.6,7.0,14.1,1.9,9.1,28.6,7.2,-1.3,5.6,8.7,7.1,7.2,8.8,4.5,9.9,3.5,5.9,2.4,7.2,3.3,72.2,72.3,70.6,69.4,91.4,60.8,80.7,69.8,65.3,145.3,90.1,60.0,61.0,67.1,84.6,70.9,69.0,74.0,70.6,66.8,70.8,64.9,71.8,68.7,78.6,74.4,74.0,72.5,69.4,91.4,92.6,85.6,61.0,64.1,63.6,73.6,74.7,46.8,80.7,71.2,65.3,74.9,60.0,62.4,145.3,91.6,60.9,61.0,59.4,84.6,70.9,69.0,66.5,54.8,69.3,78.0,60.0,68.4,71.7
4,1999JJ00,299389,264919,22418,6420,11984,40104,13381,25885,27017,7115,26439,17372,15305,17684,31503,6528,8820,213006,22418,4163,4506,816,3484,3929,2031,1422,718,1349,6420,11984,10016,1968,38639,11102,18474,1121,2195,5747,13381,8691,27017,10434,13146,3437,7115,23994,1480,15305,2767,31503,6528,8820,51913,1465,17194,2445,15892,14917,34470,406152,359045,31174,9090,12920,64079,16275,35867,40200,5351,29426,28190,24209,25080,36398,8964,12618,282971,31174,6084,6330,1178,4835,5493,2562,1828,1068,1775,9090,12920,10646,2268,61485,16747,28153,1490,2781,12193,16275,11782,40200,13741,21085,5298,5351,26329,2311,24209,4477,36398,8964,12618,75480,2584,24052,3072,25866,20720,47082,4.8,5.2,2.2,1.9,4.8,1.8,7.3,2.1,9.0,33.3,9.4,2.4,4.1,1.1,6.2,3.0,4.8,6.0,2.2,3.9,0.0,2.8,1.3,1.8,7.5,2.5,-2.0,2.3,1.9,4.8,4.1,8.1,1.8,0.9,4.0,6.1,-1.8,-2.7,7.3,1.8,9.0,15.4,5.5,4.6,33.3,9.6,3.2,4.1,2.4,6.2,3.0,4.8,2.1,2.8,2.3,7.2,2.3,0.9,2.3,73.7,73.8,71.9,70.6,92.8,62.6,82.2,72.2,67.2,133.0,89.8,61.6,63.2,70.5,86.6,72.8,69.9,75.3,71.9,68.4,71.2,69.3,72.1,71.5,79.3,77.8,67.2,76.0,70.6,92.8,94.1,86.8,62.8,66.3,65.6,75.2,78.9,47.1,82.2,73.8,67.2,75.9,62.3,64.9,133.0,91.1,64.0,63.2,61.8,86.6,72.8,69.9,68.8,56.7,71.5,79.6,61.4,72.0,73.2
5,2000JJ00,320406,283791,23163,6643,12701,42405,14324,27854,29153,8210,28150,18295,16485,19433,34320,7035,9690,227496,23163,4442,4665,943,3495,3991,2076,1480,723,1348,6643,12701,10550,2151,40918,11455,19622,1182,2403,6256,14324,8950,29153,10570,14764,3819,8210,25493,1513,16485,2968,34320,7035,9690,56295,1487,18904,2657,16782,16465,36615,420607,372498,31784,9246,13571,65220,17120,36998,40587,6587,31158,28598,25254,26178,37869,9358,13215,293337,31784,6388,6403,1277,4771,5717,2595,1860,1030,1736,9246,13571,11142,2427,62648,16786,29091,1528,2893,12138,17120,11691,40587,13559,21477,5535,6587,27812,2291,25254,4454,37869,9358,13215,78567,2554,25288,3330,26296,21815,48079,3.6,3.7,2.0,1.7,5.0,1.8,5.2,3.2,1.0,23.1,5.9,1.4,4.3,4.4,4.0,4.4,4.7,3.7,2.0,5.0,1.2,8.5,-1.3,4.1,1.3,1.8,-3.6,-2.1,1.7,5.0,4.7,7.0,1.9,0.2,3.3,2.5,4.0,-0.5,5.2,-0.8,1.0,-1.3,1.9,4.5,23.1,5.6,-0.9,4.3,-0.5,4.0,4.4,4.7,4.1,-1.2,5.1,8.4,1.7,5.3,2.1,76.2,76.2,72.9,71.8,93.6,65.0,83.7,75.3,71.8,124.6,90.3,64.0,65.3,74.2,90.6,75.2,73.3,77.6,72.9,69.5,72.9,73.8,73.3,69.8,80.0,79.6,70.2,77.6,71.8,93.6,94.7,88.6,65.3,68.2,67.5,77.4,83.1,51.5,83.7,76.6,71.8,78.0,68.7,69.0,124.6,91.7,66.1,65.3,66.6,90.6,75.2,73.3,71.7,58.2,74.8,79.8,63.8,75.5,76.2
6,2001JJ00,340804,301278,24784,7109,13445,45088,15370,30519,30216,9727,30206,19652,17414,21512,33342,7236,10130,239644,24784,4729,4926,1014,3735,4416,2134,1648,735,1447,7109,13445,11102,2343,43558,11786,20616,1268,2513,7375,15370,9740,30216,10363,15743,4110,9727,27285,1480,17414,3280,33342,7236,10130,61634,1530,20779,2921,18172,18232,39526,432203,381816,32127,9327,13691,66439,17604,37735,41006,7880,32209,29636,25185,27909,37745,9140,13361,299335,32127,6525,6254,1309,4823,5841,2568,1977,1054,1771,9327,13691,11241,2447,63829,16796,29790,1560,2917,12618,17604,11880,41006,12858,22510,5734,7880,28675,2162,25185,4721,37745,9140,13361,81982,2592,25836,3529,27470,23282,50356,2.8,2.5,1.1,0.9,0.9,1.9,2.8,2.0,1.0,19.6,3.4,3.6,-0.3,6.6,-0.3,-2.3,1.1,2.0,1.1,2.1,-2.3,2.4,1.1,2.2,-1.1,6.3,2.4,2.0,0.9,0.9,0.9,0.8,1.9,0.1,2.4,2.1,0.8,3.9,2.8,1.6,1.0,-5.2,4.8,3.6,19.6,3.1,-5.6,-0.3,6.0,-0.3,-2.3,1.1,4.3,1.5,2.2,6.0,4.5,6.7,4.7,78.9,78.9,77.1,76.2,98.2,67.9,87.3,80.9,73.7,123.4,93.8,66.3,69.1,77.1,88.3,79.2,75.8,80.1,77.1,72.5,78.8,77.5,77.4,75.6,83.1,83.4,69.7,81.7,76.2,98.2,98.8,95.7,68.2,70.2,69.2,81.3,86.2,58.5,87.3,82.0,73.7,80.6,69.9,71.7,123.4,95.2,68.5,69.1,69.5,88.3,79.2,75.8,75.2,59.0,80.4,82.8,66.2,78.3,78.5
7,2002JJ00,361580,319233,25610,7372,13792,47130,15686,34346,31804,10940,31775,21500,18056,23673,34371,7535,10713,250713,25610,4925,5028,996,3879,4659,2152,1752,739,1480,7372,13792,11408,2384,45399,12025,21816,1337,2635,7586,15686,10862,31804,11285,16155,4364,10940,28513,1617,18056,3513,34371,7535,10713,68520,1731,23484,3262,19883,20160,42347,441338,389243,32166,9392,13684,67655,17305,40047,41529,8608,33386,30402,24442,28935,37714,9202,13703,302819,32166,6503,6341,1185,4835,5917,2557,1988,1050,1785,9392,13684,11260,2420,64849,16725,30656,1582,2964,12768,17305,12443,41529,13640,22156,5737,8608,29551,2231,24442,4702,37714,9202,13703,86069,2811,27588,3854,28166,24308,52065,2.1,1.9,0.1,0.7,-0.1,1.8,-1.7,6.1,1.3,9.2,3.7,2.6,-3.0,3.7,-0.1,0.7,2.6,1.2,0.1,-0.3,1.4,-9.5,0.2,1.3,-0.4,0.5,-0.4,0.8,0.7,-0.1,0.2,-1.1,1.6,-0.4,2.9,1.4,1.6,1.2,-1.7,4.7,1.3,6.1,-1.6,0.0,9.2,3.1,3.2,-3.0,-0.4,-0.1,0.7,2.6,5.0,8.4,6.8,9.2,2.5,4.4,3.4,81.9,82.0,79.6,78.5,100.8,69.7,90.6,85.8,76.6,127.1,95.2,70.7,73.9,81.8,91.1,81.9,78.2,82.8,79.6,75.7,79.3,84.1,80.2,78.7,84.2,88.1,70.4,82.9,78.5,100.8,101.3,98.5,70.0,71.9,71.2,84.5,88.9,59.4,90.6,87.3,76.6,82.7,72.9,76.1,127.1,96.5,72.5,73.9,74.7,91.1,81.9,78.2,79.6,61.6,85.1,84.6,70.6,82.9,81.3
8,2003JJ00,373652,329146,26041,7520,13371,49643,15393,36772,31898,11526,32127,22735,17708,25291,35901,7422,10642,256214,26041,5035,5124,980,3953,4731,2174,1781,759,1504,7520,13371,10975,2396,48038,12641,23162,1330,2752,8153,15393,11554,31898,11104,16485,4309,11526,28623,1642,17708,3779,35901,7422,10642,72932,1605,25218,3504,21093,21512,44506,444698,391297,32284,9451,13472,69022,16865,41717,40627,8841,33614,30741,23386,30042,37312,8830,13251,302424,32284,6517,6382,1168,4819,5974,2508,2010,1085,1818,9451,13472,11024,2446,66456,17056,31592,1549,2988,13152,16865,12932,40627,13141,21911,5607,8841,29663,2167,23386,4866,37312,8830,13251,88595,2530,28769,3983,28572,25254,53380,0.8,0.5,0.4,0.6,-1.5,2.0,-2.5,4.2,-2.2,2.7,0.7,1.1,-4.3,3.8,-1.1,-4.0,-3.3,-0.1,0.4,0.2,0.7,-1.4,-0.3,1.0,-1.9,1.1,3.4,1.9,0.6,-1.5,-2.1,1.1,2.5,2.0,3.1,-2.1,0.8,3.0,-2.5,3.9,-2.2,-3.7,-1.1,-2.3,2.7,0.4,-2.8,-4.3,3.5,-1.1,-4.0,-3.3,2.9,-10.0,4.3,3.3,1.4,3.9,2.5,84.0,84.1,80.7,79.6,99.2,71.9,91.3,88.1,78.5,130.4,95.6,74.0,75.7,84.2,96.2,84.1,80.3,84.7,80.7,77.3,80.3,83.9,82.0,79.2,86.7,88.6,70.0,82.7,79.6,99.2,99.6,97.9,72.3,74.1,73.3,85.9,92.1,62.0,91.3,89.3,78.5,84.5,75.2,76.9,130.4,96.5,75.8,75.7,77.7,96.2,84.1,80.3,82.3,63.4,87.7,88.0,73.8,85.2,83.4
9,2004JJ00,380762,336690,26136,7585,13349,52106,15239,38402,33344,11442,32377,23414,17937,26031,36602,7357,10083,261633,26136,5113,5365,941,3886,4678,2186,1809,738,1420,7585,13349,10918,2431,50455,13414,24674,1341,2738,8288,15239,12371,33344,10961,17668,4715,11442,28814,1701,17937,3932,36602,7357,10083,75057,1651,26031,3563,21713,22099,44072,446353,394464,32458,9490,13603,70448,16782,43260,40792,8818,34263,30640,23312,30382,37187,8673,12210,304722,32458,6522,6452,1148,4823,6087,2525,2023,1061,1811,9490,13603,11090,2513,67880,17544,32635,1558,2921,13083,16782,13849,40792,12754,22105,6011,8818,30297,2194,23312,4891,37187,8673,12210,89466,2524,29386,3993,28443,25566,51853,0.4,0.8,0.5,0.4,1.0,2.1,-0.5,3.7,0.4,-0.3,1.9,-0.3,-0.3,1.1,-0.3,-1.8,-7.9,0.8,0.5,0.1,1.1,-1.7,0.1,1.9,0.7,0.6,-2.2,-0.4,0.4,1.0,0.6,2.7,2.1,2.9,3.3,0.6,-2.3,-0.5,-0.5,7.1,0.4,-2.9,0.9,7.2,-0.3,2.1,1.2,-0.3,0.5,-0.3,-1.8,-7.9,1.0,-0.2,2.1,0.3,-0.5,1.2,-2.9,85.3,85.4,80.5,79.9,98.1,74.0,90.8,88.8,81.7,129.8,94.5,76.4,76.9,85.7,98.4,84.8,82.6,85.9,80.5,78.4,83.2,82.0,80.6,76.8,86.6,89.4,69.6,78.4,79.9,98.1,98.5,96.8,74.3,76.5,75.6,86.1,93.8,63.4,90.8,89.3,81.7,85.9,79.9,78.4,129.8,95.1,77.5,76.9,80.4,98.4,84.8,82.6,83.9,65.4,88.6,89.2,76.3,86.4,85.0
10,2005JJ00,391614,346742,26028,7578,13396,55146,15277,39682,34295,11582,32883,24401,18409,27369,37997,7321,10020,268879,26028,5184,5440,938,3739,4634,2129,1837,758,1369,7578,13396,10890,2506,53459,13891,26159,1335,2795,9279,15277,13013,34295,10935,18373,4987,11582,29345,1596,18409,4205,37997,7321,10020,77863,1687,26669,3538,22805,23164,44872,450841,398913,32434,9530,13768,71436,16755,44537,40303,9197,34852,30735,23540,31514,37188,8541,11973,307495,32434,6586,6420,1141,4737,6115,2503,2077,1032,1815,9530,13768,11162,2607,68871,17705,33728,1542,2958,12713,16755,14550,40303,12472,21742,6179,9197,30932,2005,23540,5173,37188,8541,11973,91155,2516,29958,3939,28730,26427,51888,1.0,1.1,-0.1,0.4,1.2,1.4,-0.2,3.0,-1.2,4.3,1.7,0.3,1.0,3.7,0.0,-1.5,-1.9,0.9,-0.1,1.0,-0.5,-0.6,-1.8,0.4,-0.9,2.7,-2.7,0.2,0.4,1.2,0.7,3.7,1.5,0.9,3.3,-1.0,1.3,-2.8,-0.2,5.1,-1.2,-2.2,-1.6,2.8,4.3,2.1,-8.6,1.0,5.7,0.0,-1.5,-1.9,1.9,-0.3,1.9,-1.3,1.0,3.4,0.1,86.9,86.9,80.2,79.5,97.3,77.2,91.2,89.1,85.1,125.9,94.4,79.4,78.2,86.8,102.2,85.7,83.7,87.4,80.2,78.7,84.7,82.2,78.9,75.8,85.0,88.4,73.5,75.4,79.5,97.3,97.6,96.1,77.6,78.5,77.6,86.6,94.5,73.0,91.2,89.4,85.1,87.7,84.5,80.7,125.9,94.9,79.6,78.2,81.3,102.2,85.7,83.7,85.4,67.1,89.0,89.8,79.4,87.7,86.5
11,2006JJ00,411440,365572,27180,7686,14426,57739,16137,42848,35899,11525,34596,25565,19277,28427,41474,7751,10544,275889,27180,5353,5651,1005,3825,5060,2117,1908,761,1500,7686,14426,11715,2711,55712,13915,27479,1386,2899,10033,16137,6770,35899,11160,19311,5428,11525,30987,1628,19277,4395,41474,7751,10544,89683,2027,36078,3609,23937,24032,45868,462123,409590,33209,9553,14753,72242,17572,47157,40806,9574,36457,31010,24160,32143,37691,8891,12095,307016,33209,6793,6572,1195,4881,6243,2512,2125,999,1880,9553,14753,11970,2782,69324,17314,34599,1584,3020,12560,17572,7309,40806,12562,21853,6495,9574,32547,2004,24160,5331,37691,8891,12095,102509,2919,39855,3921,29006,26902,52490,2.5,2.7,2.4,0.2,7.2,1.1,4.9,5.9,1.2,4.1,4.6,0.9,2.6,2.0,1.4,4.1,1.0,-0.2,2.4,3.1,2.4,4.8,3.0,2.1,0.3,2.3,-3.2,3.6,0.2,7.2,7.2,6.7,0.7,-2.2,2.6,2.7,2.1,-1.2,4.9,-49.8,1.2,0.7,0.5,5.1,4.1,5.2,-0.1,2.6,3.1,1.4,4.1,1.0,12.5,16.0,33.0,-0.5,1.0,1.8,1.2,89.0,89.3,81.8,80.5,97.8,79.9,91.8,90.9,88.0,120.4,94.9,82.4,79.8,88.4,110.0,87.2,87.2,89.9,81.8,78.8,86.0,84.1,78.4,81.1,84.3,89.8,76.2,79.8,80.5,97.8,97.9,97.4,80.4,80.4,79.4,87.5,96.0,79.9,91.8,92.6,88.0,88.8,88.4,83.6,120.4,95.2,81.2,79.8,82.4,110.0,87.2,87.2,87.5,69.5,90.5,92.1,82.5,89.3,87.4
12,2007JJ00,430679,381973,28250,7988,15195,59202,17017,45286,36682,11294,36774,26923,20488,29761,44402,8195,10906,286818,28250,5788,5742,999,3938,5318,2184,1953,768,1560,7988,15195,12397,2798,57037,14110,28720,1457,2896,9854,17017,7221,36682,11350,19646,5686,11294,33000,1777,20488,3756,44402,8195,10906,95155,2165,38065,3774,25146,26005,48706,472690,417868,33890,9761,15383,72434,18211,48782,40955,9721,38855,30845,24859,32588,38260,9247,12227,312772,33890,7119,6646,1177,4870,6372,2597,2181,1049,1874,9761,15383,12538,2845,69396,17195,35435,1611,2993,11924,18211,7649,40955,12601,21738,6734,9721,34827,2147,24859,4466,38260,9247,12227,105043,3055,41138,4035,28700,28142,54800,2.3,2.0,2.0,2.2,4.3,0.3,3.6,3.4,0.4,1.5,6.6,-0.5,2.9,1.4,1.5,4.0,1.1,1.9,2.0,4.8,1.1,-1.5,-0.2,2.1,3.4,2.6,5.0,-0.3,2.2,4.3,4.7,2.3,0.1,-0.7,2.4,1.7,-0.9,-5.1,3.6,4.7,0.4,0.3,-0.5,3.7,1.5,7.0,7.1,2.9,-16.2,1.5,4.0,1.1,2.5,4.7,3.2,2.9,-1.1,4.6,4.4,91.1,91.4,83.4,81.8,98.8,81.7,93.4,92.8,89.6,116.2,94.6,87.3,82.4,91.3,116.1,88.6,89.2,91.7,83.4,81.3,86.4,84.8,80.9,83.5,84.1,89.6,73.2,83.3,81.8,98.8,98.9,98.3,82.2,82.1,81.0,90.4,96.8,82.6,93.4,94.4,89.6,90.1,90.4,84.4,116.2,94.8,82.8,82.4,84.1,116.1,88.6,89.2,90.6,70.9,92.5,93.5,87.6,92.4,88.9
13,2008JJ00,447484,395631,29830,8464,15251,61876,17481,46525,37875,10482,37967,28644,20583,32599,44769,8422,11707,295433,29830,6227,5910,987,4400,5508,2317,1980,857,1644,8464,15251,12406,2845,59699,14325,29913,1513,2895,11053,17481,8143,37875,11398,20432,6045,10482,33840,1953,20583,3778,44769,8422,11707,100198,2177,38382,4127,26691,28821,51853,480563,424286,33916,9775,15471,72869,18402,49257,40969,9447,40000,32084,23987,35098,38638,9209,13195,315556,33916,7203,6610,1117,4816,6419,2597,2183,1074,1898,9775,15471,12568,2903,69848,17097,36213,1634,2992,11683,18402,8500,40969,12675,21624,6792,9447,35658,2305,23987,4287,38638,9209,13195,108701,3034,40747,4351,29786,30785,56271,1.7,1.5,0.1,0.1,0.6,0.6,1.1,1.0,0.0,-2.8,2.9,4.0,-3.5,7.7,1.0,-0.4,7.9,0.9,0.1,1.2,-0.5,-5.1,-1.1,0.7,0.0,0.1,2.3,1.3,0.1,0.6,0.2,2.0,0.7,-0.6,2.2,1.4,0.0,-2.0,1.1,11.1,0.0,0.6,-0.5,0.9,-2.8,2.4,7.4,-3.5,-4.0,1.0,-0.4,7.9,3.5,-0.7,-1.0,7.8,3.8,9.4,2.7,93.1,93.2,88.0,86.6,98.6,84.9,95.0,94.5,92.4,111.0,94.9,89.3,85.8,92.9,115.9,91.5,88.7,93.6,88.0,86.4,89.4,88.3,91.4,85.8,89.2,90.7,79.8,86.6,86.6,98.6,98.7,98.0,85.5,83.8,82.6,92.6,96.8,94.6,95.0,95.8,92.4,89.9,94.5,89.0,111.0,94.9,84.7,85.8,88.1,115.9,91.5,88.7,92.2,71.7,94.2,94.9,89.6,93.6,92.1
14,2009JJ00,447976,393477,30108,8567,14943,63620,16295,50007,35440,9640,37104,30058,20007,35111,38818,8122,11881,285532,30108,6273,6007,1029,4369,5447,2341,2027,880,1735,8567,14943,12098,2845,61471,14953,31249,1453,2923,10893,16295,8257,35440,10345,19510,5585,9640,32666,1916,20007,3645,38818,8122,11881,107945,2149,41750,4438,28142,31466,54499,482223,423960,33367,9634,15240,73149,17035,52877,39865,8942,38857,32433,22662,36580,38252,8835,13637,309606,33367,7018,6482,1139,4766,6281,2492,2163,1085,1944,9634,15240,12365,2874,70219,17413,36933,1555,2986,11193,17035,8617,39865,11452,22071,6406,8942,34420,2211,22662,4081,38252,8835,13637,114414,2924,44258,4446,30222,32448,58278,0.3,-0.1,-1.6,-1.4,-1.5,0.4,-7.4,7.3,-2.7,-5.3,-2.9,1.1,-5.5,4.2,-1.0,-4.1,3.3,-1.9,-1.6,-2.6,-1.9,1.9,-1.0,-2.1,-4.1,-0.9,1.1,2.4,-1.4,-1.5,-1.6,-1.0,0.5,1.8,2.0,-4.8,-0.2,-4.2,-7.4,1.4,-2.7,-9.7,2.1,-5.7,-5.3,-3.5,-4.1,-5.5,-4.8,-1.0,-4.1,3.3,5.3,-3.6,8.6,2.2,1.5,5.4,3.6,92.9,92.8,90.2,88.9,98.1,87.0,95.7,94.6,88.9,107.8,95.5,92.7,88.3,96.0,101.5,91.9,87.1,92.2,90.2,89.4,92.7,90.4,91.7,86.7,94.0,93.7,81.1,89.3,88.9,98.1,97.8,99.0,87.5,85.9,84.6,93.4,97.9,97.3,95.7,95.8,88.9,90.3,88.4,87.2,107.8,94.9,86.7,88.3,89.3,101.5,91.9,87.1,94.3,73.5,94.3,99.8,93.1,97.0,93.5
15,2010JJ00,458253,403854,30695,8700,15275,66084,16196,53039,36666,9521,37626,31202,19664,36739,39341,8850,11956,290509,30695,6369,6106,1038,4392,5767,2304,2116,870,1733,8700,15275,12361,2914,63863,15794,32710,1434,2941,10984,16196,8402,36666,11050,19908,5708,9521,33134,1955,19664,3991,39341,8850,11956,113345,2221,44637,4492,29247,32748,54399,484157,426603,33569,9690,15522,75464,16762,55242,39606,8645,38821,32011,21728,37313,38193,9463,13280,309932,33569,6991,6630,1130,4773,6334,2421,2254,1095,1942,9690,15522,12591,2931,72484,17955,37818,1526,2958,12038,16762,8764,39606,12020,21165,6473,8645,34481,2189,21728,4320,38193,9463,13280,116696,2965,46480,4354,29823,32955,57577,0.4,0.6,0.6,0.6,1.9,3.2,-1.6,4.5,-0.6,-3.3,-0.1,-1.3,-4.1,2.0,-0.2,7.1,-2.6,0.1,0.6,-0.4,2.3,-0.8,0.1,0.8,-2.8,4.2,0.9,-0.1,0.6,1.9,1.8,2.0,3.2,3.1,2.4,-1.9,-0.9,7.6,-1.6,1.7,-0.6,5.0,-4.1,1.0,-3.3,0.2,-1.0,-4.1,5.8,-0.2,7.1,-2.6,2.0,1.4,5.0,-2.1,-1.3,1.6,-1.2,94.6,94.7,91.4,89.8,98.4,87.6,96.6,96.0,92.6,110.1,96.9,97.5,90.5,98.5,103.0,93.5,90.0,93.7,91.4,91.1,92.1,91.9,92.0,91.0,95.2,93.9,79.5,89.3,89.8,98.4,98.2,99.4,88.1,88.0,86.5,93.9,99.4,91.2,96.6,95.9,92.6,91.9,94.1,88.2,110.1,96.1,89.3,90.5,92.4,103.0,93.5,90.0,97.1,74.9,96.0,103.2,98.1,99.4,94.5
16,2011JJ00,464525,411071,31786,9022,15657,67034,16386,55124,37939,9396,37586,30870,20537,36582,40141,9220,12231,296819,31786,6519,6273,1107,4543,5900,2352,2215,1018,1859,9022,15657,12649,3008,64715,16491,33482,1435,2940,10367,16386,8782,37939,11012,21021,5906,9396,33162,2022,20537,4263,40141,9220,12231,114252,2319,46342,4424,28848,32319,53454,483634,428046,34015,9818,15690,74890,16725,57664,39480,8367,38671,31831,22255,36945,38213,9754,13027,310147,34015,6976,6659,1173,4893,6372,2472,2340,1087,2039,9818,15690,12696,2993,71849,18434,38101,1517,2950,10714,16725,9128,39480,11939,21012,6586,8367,34494,2206,22255,4491,38213,9754,13027,117894,3040,48537,4201,29629,32431,55607,-0.1,0.3,1.3,1.3,1.1,-0.8,-0.2,4.4,-0.3,-3.2,-0.4,-0.6,2.4,-1.0,0.1,3.1,-1.9,0.1,1.3,-0.2,0.4,3.9,2.5,0.6,2.1,3.8,-0.7,5.0,1.3,1.1,0.8,2.1,-0.9,2.7,0.7,-0.6,-0.3,-11.0,-0.2,4.2,-0.3,-0.7,-0.7,1.8,-3.2,0.0,0.8,2.4,4.0,0.1,3.1,-1.9,1.0,2.5,4.4,-3.5,-0.6,-1.6,-3.4,96.0,96.0,93.4,91.9,99.8,89.5,98.0,95.6,96.1,112.3,97.2,97.0,92.3,99.0,105.0,94.5,93.9,95.7,93.4,93.5,94.2,94.3,92.8,92.6,95.2,94.7,93.6,91.2,91.9,99.8,99.6,100.5,90.1,89.5,87.9,94.6,99.6,96.8,98.0,96.2,96.1,92.2,100.0,89.7,112.3,96.1,91.7,92.3,94.9,105.0,94.5,93.9,96.9,76.3,95.5,105.3,97.4,99.7,96.1
17,2012JJ00,467112,413141,32977,9428,15511,69946,16077,57267,36761,9545,36959,30893,20675,37171,36746,9600,12785,297167,32977,6878,6533,1100,4621,6027,2449,2332,1061,1976,9428,15511,12575,2936,67650,16962,34952,1374,2843,11519,16077,9283,36761,9368,21323,6070,9545,32683,2082,20675,4564,36746,9600,12785,115974,2296,47984,4276,28811,32607,53971,478087,423160,34281,9904,15457,76133,16199,58375,36819,8475,37484,31224,21869,36192,37559,9960,13131,306608,34281,7069,6646,1134,4904,6436,2502,2409,1087,2092,9904,15457,12524,2932,73098,18446,38934,1411,2948,11214,16199,9461,36819,9997,20391,6426,8475,33467,2206,21869,4651,37559,9960,13131,116547,3024,48914,4043,29024,31530,54945,-1.1,-1.1,0.8,0.9,-1.5,1.7,-3.1,1.2,-6.7,1.3,-3.1,-1.9,-1.7,-2.0,-1.7,2.1,0.8,-1.1,0.8,1.3,-0.2,-3.3,0.2,1.0,1.2,2.9,0.0,2.6,0.9,-1.5,-1.4,-2.1,1.7,0.1,2.2,-7.0,-0.1,4.7,-3.1,3.6,-6.7,-16.3,-3.0,-2.4,1.3,-3.0,0.0,-1.7,3.6,-1.7,2.1,0.8,-1.1,-0.5,0.8,-3.8,-2.0,-2.8,-1.2,97.7,97.6,96.2,95.2,100.4,91.9,99.2,98.1,99.8,112.6,98.6,98.9,94.5,102.7,97.8,96.4,97.4,96.9,96.2,97.3,98.3,97.0,94.2,93.7,97.9,96.8,97.6,94.5,95.2,100.4,100.4,100.1,92.5,92.0,89.8,97.4,96.4,102.7,99.2,98.1,99.8,93.7,104.6,94.5,112.6,97.7,94.4,94.5,98.1,97.8,96.4,97.4,99.5,75.9,98.1,105.8,99.3,103.4,98.2
18,2013JJ00,470767,415691,33551,9656,15346,73161,15554,58067,35786,9507,36298,30974,20947,36631,37499,10421,13135,300441,33551,6983,6581,1084,4653,6337,2423,2465,1037,1988,9656,15346,12559,2787,70725,17563,36944,1328,2840,12050,15554,10190,35786,8720,20735,6331,9507,32085,2050,20947,4831,37499,10421,13135,115250,2436,47877,4213,28924,31800,55076,475187,419266,33866,9775,15150,77098,15511,58114,35339,8589,36388,31392,21898,36013,37623,10683,13268,303652,33866,7029,6516,1110,4796,6444,2425,2449,1074,2024,9775,15150,12410,2739,74000,18396,39751,1325,2939,11448,15511,10257,35339,9034,19755,6522,8589,32168,2127,21898,4852,37623,10683,13268,115606,3094,47857,4221,29266,31162,55932,-0.6,-0.9,-1.2,-1.3,-2.0,1.3,-4.2,-0.4,-4.0,1.4,-2.9,0.5,0.1,-0.5,0.2,7.3,1.0,-1.0,-1.2,-0.6,-2.0,-2.2,-2.2,0.1,-3.1,1.7,-1.2,-3.2,-1.3,-2.0,-0.9,-6.6,1.2,-0.3,2.1,-6.1,-0.3,2.1,-4.2,8.4,-4.0,-9.6,-3.1,1.5,1.4,-3.9,-3.6,0.1,4.3,0.2,7.3,1.0,-0.8,2.3,-2.2,4.4,0.8,-1.2,1.8,99.1,99.1,99.1,98.8,101.3,94.9,100.3,99.9,101.3,110.7,99.8,98.7,95.7,101.7,99.7,97.6,99.0,98.9,99.1,99.3,101.0,97.7,97.0,98.3,99.9,100.7,96.5,98.2,98.8,101.3,101.2,101.8,95.6,95.5,92.9,100.2,96.6,105.3,100.3,99.3,101.3,96.5,105.0,97.1,110.7,99.7,96.4,95.7,99.6,99.7,97.6,99.0,99.7,78.7,100.0,99.8,98.8,102.0,98.5
19,2014JJ00,476709,420772,33824,9766,15877,74703,15791,58950,35901,9443,36054,31170,22065,36676,38180,11198,13570,304244,33824,6959,6492,1104,4822,6426,2460,2562,1030,1969,9766,15877,13072,2805,71884,18221,39057,1274,2909,10423,15791,10438,35901,9081,20388,6432,9443,31908,2071,22065,4724,38180,11198,13570,116528,2819,48512,4146,29099,31952,55937,477282,420836,34104,9826,15735,76317,15758,58968,35430,8937,36102,31399,22620,35758,37617,11343,13611,304790,34104,7015,6478,1133,4796,6582,2468,2554,1098,1979,9826,15735,12973,2762,73216,18584,40292,1275,2909,10163,15758,10444,35430,9286,19553,6585,8937,32053,2088,22620,4709,37617,11343,13611,116038,3103,48524,4049,29311,31047,56458,0.4,0.4,0.7,0.5,3.9,-1.0,1.6,1.5,0.3,4.0,-0.8,0.0,3.3,-0.7,0.0,6.2,2.6,0.4,0.7,-0.2,-0.6,2.1,0.0,2.1,1.8,4.3,2.2,-2.2,0.5,3.9,4.5,0.8,-1.1,1.0,1.4,-3.8,-1.0,-11.2,1.6,1.8,0.3,2.8,-1.0,1.0,4.0,-0.4,-1.9,3.3,-2.9,0.0,6.2,2.6,0.4,0.3,1.4,-4.1,0.2,-0.4,0.9,99.9,100.0,99.2,99.4,100.9,97.9,100.2,100.0,101.3,105.7,99.9,99.3,97.5,102.6,101.5,98.7,99.7,99.8,99.2,99.2,100.2,97.4,100.5,97.6,99.7,100.3,93.8,99.5,99.4,100.9,100.8,101.6,98.2,98.0,96.9,99.9,100.0,102.6,100.2,99.9,101.3,97.8,104.3,97.7,105.7,99.5,99.2,97.5,100.3,101.5,98.7,99.7,100.4,90.9,100.0,102.4,99.3,102.9,99.1
20,2015JJ00,483170,427351,34881,10040,16512,77333,16338,59409,36435,9290,36540,31551,23536,35805,37854,12067,13894,310816,34881,7056,6678,1170,4917,6777,2571,2643,1132,1937,10040,16512,13650,2862,74215,18824,40746,1255,2928,10462,16338,10544,36435,9716,19994,6725,9290,32431,2127,23536,4786,37854,12067,13894,116535,3118,48865,4109,29424,31019,55819,483170,427351,34881,10040,16512,77333,16338,59409,36435,9290,36540,31551,23536,35805,37854,12067,13894,310816,34881,7056,6678,1170,4917,6777,2571,2643,1132,1937,10040,16512,13650,2862,74215,18824,40746,1255,2928,10462,16338,10544,36435,9716,19994,6725,9290,32431,2127,23536,4786,37854,12067,13894,116535,3118,48865,4109,29424,31019,55819,1.2,1.5,2.3,2.2,4.9,1.3,3.7,0.7,2.8,4.0,1.2,0.5,4.1,0.1,0.6,6.4,2.1,2.0,2.3,0.6,3.1,3.3,2.5,3.0,4.2,3.5,3.1,-2.1,2.2,4.9,5.2,3.6,1.4,1.3,1.1,-1.6,0.7,2.9,3.7,1.0,2.8,4.6,2.3,2.1,4.0,1.2,1.9,4.1,1.6,0.6,6.4,2.1,0.4,0.5,0.7,1.5,0.4,-0.1,-1.1,100.0,100.0,100.0,100.0,100.0,100.0,100.0,100.0,100.0,100.0,100.0,100.0,100.0,100.0,100.0,100.0,100.0,100.0,100.0,100.0,100.0,100.0,100.0,100.0,100.0,100.0,100.0,100.0,100.0,100.0,100.0,100.0,100.0,100.0,100.0,100.0,100.0,100.0,100.0,100.0,100.0,100.0,100.0,100.0,100.0,100.0,100.0,100.0,100.0,100.0,100.0,100.0,100.0,100.0,100.0,100.0,100.0,100.0,100.0
21,2016JJ00,490883,433259,35561,10222,16560,78791,17170,58497,36620,8905,37082,32597,25084,36279,39182,13108,13817,316041,35561,7104,6854,1152,4976,7116,2582,2683,1120,1974,10222,16560,13750,2810,75446,19269,41886,1240,2907,10144,17170,10915,36620,9560,20199,6861,8905,32905,2176,25084,4586,39182,13108,13817,117218,3345,47582,4177,30421,31693,57624,488976,432009,35310,9995,16451,78211,17029,57986,36990,9290,37326,31745,24712,37604,38307,12861,13914,314296,35310,7089,6835,1125,5007,6924,2596,2693,1153,1888,9995,16451,13634,2817,74877,18871,41135,1244,2939,10688,17029,10866,36990,9418,20669,6903,9290,32727,2157,24712,4532,38307,12861,13914,117713,3334,47120,4599,29588,33072,56967,1.2,1.1,1.2,-0.4,-0.4,1.1,4.2,-2.4,1.5,0.0,2.2,0.6,5.0,5.0,1.2,6.6,0.1,1.1,1.2,0.5,2.4,-3.8,1.8,2.2,1.0,1.9,1.9,-2.5,-0.4,-0.4,-0.1,-1.6,0.9,0.2,1.0,-0.9,0.4,2.2,4.2,3.1,1.5,-3.1,3.4,2.6,0.0,0.9,1.4,5.0,-5.3,1.2,6.6,0.1,1.0,6.9,-3.6,11.9,0.6,6.6,2.1,100.4,100.3,100.7,102.3,100.7,100.7,100.8,100.9,99.0,95.9,99.3,102.7,101.5,96.5,102.3,101.9,99.3,100.6,100.7,100.2,100.3,102.4,99.4,102.8,99.5,99.6,97.1,104.6,102.3,100.7,100.9,99.8,100.8,102.1,101.8,99.7,98.9,94.9,100.8,100.5,99.0,101.5,97.7,99.4,95.9,100.5,100.9,101.5,101.2,102.3,101.9,99.3,99.6,100.3,101.0,90.8,102.8,95.8,101.2
22,2017JJ00,506752,448239,37041,10308,17235,80553,18301,61163,38291,8767,38481,33223,27212,36825,40184,14267,14922,327261,37041,7342,7132,1222,5300,7507,2650,2814,1166,1908,10308,17235,14274,2961,77115,19847,43037,1296,2896,10039,18301,11079,38291,9595,21530,7166,8767,34288,2271,27212,4514,40184,14267,14922,120978,3438,50084,4193,30952,32311,58513,497298,440173,35862,10044,17071,78758,18056,60281,37736,9727,38150,31679,25961,37027,39019,13804,14589,320994,35862,7305,6856,1104,5038,7145,2675,2802,1169,1771,10044,17071,14106,2965,75391,19092,41558,1310,2957,10453,18056,10956,37736,9274,21422,7053,9727,33754,2218,25961,4437,39019,13804,14589,119172,3367,49323,4363,29462,32591,57131,1.7,1.9,1.6,0.5,3.8,0.7,6.0,4.0,2.0,4.7,2.2,-0.2,5.1,-1.5,1.9,7.3,4.8,2.1,1.6,3.0,0.3,-1.8,0.6,3.2,3.1,4.1,1.4,-6.2,0.5,3.8,3.5,5.3,0.7,1.2,1.0,5.3,0.6,-2.2,6.0,0.8,2.0,-1.5,3.6,2.2,4.7,3.1,2.8,5.1,-2.1,1.9,7.3,4.8,1.2,1.0,4.7,-5.1,-0.4,-1.5,0.3,101.9,101.8,103.3,102.6,101.0,102.3,101.4,101.5,101.5,90.1,100.9,104.9,104.8,99.5,103.0,103.4,102.3,102.0,103.3,100.5,104.0,110.6,105.2,105.1,99.0,100.4,99.7,107.7,102.6,101.0,101.2,99.9,102.3,104.0,103.6,98.9,97.9,96.0,101.4,101.1,101.5,103.5,100.5,101.6,90.1,101.6,102.4,104.8,101.7,103.0,103.4,102.3,101.5,102.1,101.5,96.1,105.1,99.1,102.4
23,2018JJ00,530171,468974,37969,10596,17249,84387,19322,64399,41629,8361,40065,34331,29142,39147,42571,15057,14863,341560,37969,7474,7259,1295,5601,7695,2653,2902,1190,1900,10596,17249,14364,2885,80880,20495,45175,1353,2955,10902,19322,11400,41629,11110,23011,7508,8361,35553,2311,29142,4771,42571,15057,14863,127414,3507,52999,4512,32020,34376,61197,507284,449446,36340,10008,17074,80090,18900,62025,40144,9699,39164,31455,27034,38063,39533,14235,14150,327941,36340,7415,6913,1147,5134,7217,2694,2888,1220,1721,10008,17074,14160,2913,76716,19332,42435,1359,3041,10524,18900,11070,40144,10596,22215,7327,9699,34718,2220,27034,4573,39533,14235,14150,121497,3374,50952,4408,29236,33492,57847,2.0,2.1,1.3,-0.4,0.0,1.7,4.7,2.9,6.4,-0.3,2.7,-0.7,4.1,2.8,1.3,3.1,-3.0,2.2,1.3,1.5,0.8,3.8,1.9,1.0,0.7,3.1,4.3,-2.8,-0.4,0.0,0.4,-1.8,1.8,1.3,2.1,3.7,2.8,0.7,4.7,1.0,6.4,14.3,3.7,3.9,-0.3,2.9,0.1,4.1,3.1,1.3,3.1,-3.0,2.0,0.2,3.3,1.0,-0.8,2.8,1.3,104.5,104.3,104.5,105.9,101.0,105.4,102.2,103.8,103.7,86.2,102.3,109.1,107.8,102.8,107.7,105.8,105.0,104.2,104.5,100.8,105.0,112.9,109.1,106.6,98.5,100.5,97.6,110.4,105.9,101.0,101.4,99.0,105.4,106.0,106.5,99.6,97.2,103.6,102.2,103.0,103.7,104.8,103.6,102.5,86.2,102.4,104.1,107.8,104.3,107.7,105.8,105.0,104.9,103.9,104.0,102.4,109.5,102.6,105.8
24,2019JJ00,553681,489979,39807,10548,17859,88216,20319,65128,42973,8299,41474,35447,31098,46617,43434,16593,15353,353547,39807,7874,7640,1352,5901,8133,2780,3045,1215,1867,10548,17859,14803,3056,84655,21110,47454,1394,3067,11630,20319,11735,42973,11117,23772,8084,8299,36717,2307,31098,5036,43434,16593,15353,136432,3561,53393,4757,33140,41581,63702,515200,456356,36507,9844,17329,80503,19453,61210,40469,10011,39687,31135,27620,43592,40079,15239,14302,330833,36507,7479,6892,1156,5175,7291,2726,2920,1239,1644,9844,17329,14315,3015,77208,19437,43152,1396,3005,10179,19453,11186,40469,10539,22350,7577,10011,35184,2228,27620,4708,40079,15239,14302,125500,3294,50025,4465,28910,38894,58852,1.6,1.5,0.5,-1.6,1.5,0.5,2.9,-1.3,0.8,3.2,1.3,-1.0,2.2,14.5,1.4,7.1,1.1,0.9,0.5,0.9,-0.3,0.8,0.8,1.0,1.2,1.1,1.6,-4.5,-1.6,1.5,1.1,3.5,0.6,0.5,1.7,2.7,-1.2,-3.3,2.9,1.0,0.8,-0.5,0.6,3.4,3.2,1.3,0.3,2.2,3.0,1.4,7.1,1.1,3.3,-2.4,-1.8,1.3,-1.1,16.1,1.7,107.5,107.4,109.0,107.1,103.1,109.6,104.5,106.4,106.2,82.9,104.5,113.8,112.6,106.9,108.4,108.9,107.3,106.9,109.0,105.3,110.9,117.0,114.0,111.5,102.0,104.3,98.1,113.6,107.1,103.1,103.4,101.4,109.6,108.6,110.0,99.9,102.1,114.3,104.5,104.9,106.2,105.5,106.4,106.7,82.9,104.4,103.5,112.6,107.0,108.4,108.9,107.3,108.7,108.1,106.7,106.5,114.6,106.9,108.2
25,2020JJ00,543029,475395,44066,11398,15259,90728,22578,64673,37245,8411,36234,36784,20479,47571,43022,8456,5403,335490,44066,8195,8797,1562,6608,9309,2829,3280,1473,2013,11398,15259,12604,2655,86912,21989,49426,1654,3235,10608,22578,10881,37245,11334,21937,3974,8411,31224,2305,20479,4763,43022,8456,5403,139905,3816,53792,5010,34479,42808,67634,497208,435578,39686,9960,14714,81701,21335,59192,35295,10258,33893,31726,17706,43405,39413,7627,5110,309789,39686,7734,7566,1331,5723,8228,2743,3099,1488,1757,9960,14714,12060,2657,78264,19709,43589,1626,3110,10218,21335,10094,35295,10585,21030,3699,10258,29228,2220,17706,4345,39413,7627,5110,125666,3436,49085,4615,29504,39070,61599,-3.5,-4.6,8.7,1.2,-15.1,1.5,9.7,-3.3,-12.8,2.5,-14.6,1.9,-35.9,-0.4,-1.7,-50.0,-64.3,-6.4,8.7,3.4,9.8,15.2,10.6,12.8,0.6,6.1,20.1,6.9,1.2,-15.1,-15.8,-11.9,1.4,1.4,1.0,16.5,3.5,0.4,9.7,-9.8,-12.8,0.4,-5.9,-51.2,2.5,-16.9,-0.3,-35.9,-7.7,-1.7,-50.0,-64.3,0.1,4.3,-1.9,3.4,2.1,0.5,4.7,109.2,109.1,111.0,114.4,103.7,111.0,105.8,109.3,105.5,82.0,106.9,115.9,115.7,109.6,109.2,110.9,105.7,108.3,111.0,106.0,116.3,117.3,115.5,113.1,103.1,105.8,99.0,114.6,114.4,103.7,104.5,99.9,111.0,111.6,113.4,101.7,104.0,103.8,105.8,107.8,105.5,107.1,104.3,107.4,82.0,106.8,103.8,115.7,109.6,109.2,110.9,105.7,111.3,111.0,109.6,108.6,116.9,109.6,109.8
26,2021JJ00,585149,513496,45076,12127,17735,94745,24335,73908,40991,8723,38351,38570,23253,50650,45485,7981,7528,360910,45076,8491,8826,1631,6597,9486,2994,3386,1628,2037,12127,17735,14540,3195,90739,22839,51103,1705,3355,11737,24335,12213,40991,11657,24917,4417,8723,33358,2256,23253,5072,45485,7981,7528,152586,4006,61695,4993,36314,45578,71653,520133,456509,40249,10055,16760,83399,22178,65407,36259,10543,34883,32827,19406,44862,40354,7064,6641,323232,40249,7917,7549,1369,5623,8382,2870,3157,1649,1754,10055,16760,13623,3146,79920,20100,44034,1609,3054,11157,22178,10997,36259,10507,21758,4016,10543,30323,2348,19406,4538,40354,7064,6641,133108,3479,54394,4514,30484,40335,63596,4.6,4.8,1.4,0.9,13.9,2.1,4.0,10.5,2.7,2.8,2.9,3.5,9.6,3.4,2.4,-7.4,30.0,4.3,1.4,2.4,-0.2,2.8,-1.7,1.9,4.6,1.9,10.8,-0.1,0.9,13.9,13.0,18.4,2.1,2.0,1.0,-1.1,-1.8,9.2,4.0,8.9,2.7,-0.7,3.5,8.6,2.8,3.7,5.7,9.6,4.4,2.4,-7.4,30.0,5.9,1.2,10.8,-2.2,3.3,3.2,3.2,112.5,112.5,112.0,120.6,105.8,113.6,109.7,113.0,113.1,82.7,109.9,117.5,119.8,112.9,112.7,113.0,113.4,111.7,112.0,107.2,116.9,119.2,117.3,113.2,104.3,107.3,98.8,116.1,120.6,105.8,106.7,101.6,113.5,113.6,116.1,106.0,109.9,105.2,109.7,111.1,113.1,110.9,114.5,110.0,82.7,110.0,96.1,119.8,111.8,112.7,113.0,113.4,114.6,115.2,113.4,110.6,119.1,113.0,112.7
27,2022JJ00,651573,574394,47169,12324,20783,99036,26108,78629,49036,8884,46394,42002,37170,54258,52609,15230,15222,411073,47169,9087,9041,1652,6921,10025,3132,3503,1667,2141,12324,20783,17009,3774,94806,23826,52795,1819,3388,12978,26108,13253,49036,12145,28602,8289,8884,40942,2374,37170,5623,52609,15230,15222,163321,4230,65376,5452,39628,48635,77179,544265,479366,38426,10026,18942,82855,22136,67555,39755,11130,40239,32496,28812,45917,41788,12403,11699,344414,38426,7875,6926,1272,5072,8235,2811,3051,1488,1749,10026,18942,15298,3658,79260,20590,44389,1607,3037,9543,22136,11601,39755,10385,22514,6946,11130,35757,2547,28812,4849,41788,12403,11699,134905,3593,55942,4432,29996,41081,64873,4.6,5.0,-4.5,-0.3,13.0,-0.7,-0.2,3.3,9.6,5.6,15.4,-1.0,48.5,2.4,3.6,75.6,76.2,6.6,-4.5,-0.5,-8.3,-7.1,-9.8,-1.7,-2.0,-3.4,-9.8,-0.3,-0.3,13.0,12.3,16.3,-0.8,2.4,0.8,-0.1,-0.6,-14.5,-0.2,5.5,9.6,-1.2,3.5,72.9,5.6,17.9,8.5,48.5,6.9,3.6,75.6,76.2,1.4,3.3,2.8,-1.8,-1.6,1.8,2.0,119.7,119.8,122.8,122.9,109.7,119.5,117.9,116.4,123.3,79.8,115.3,129.3,129.0,118.2,125.9,122.8,130.1,119.4,122.8,115.4,130.5,129.9,136.5,121.7,111.4,114.8,112.1,122.4,122.9,109.7,111.2,103.2,119.6,115.7,118.9,113.2,111.6,136.0,117.9,114.2,123.3,117.0,127.0,119.3,79.8,114.5,93.2,129.0,116.0,125.9,122.8,130.1,121.1,117.7,116.9,123.0,132.1,118.4,119.0
