ID,Zorgaanbieders,FinancieringsvormenZorg,Perioden,UitgavenAanGezondheidszorgIngezetenen_1
0,A052785,A019149,2021JJ00,99490.0
1,A052785,A019149,2022JJ00,99832.0
2,A052785,A019149,2023JJ00,105142.0
3,A052785,A019149,2024JJ00,113403.0
4,A052785,A019150,2021JJ00,83329.0
5,A052785,A019150,2022JJ00,82721.0
6,A052785,A019150,2023JJ00,86761.0
7,A052785,A019150,2024JJ00,94092.0
8,A052785,A019151,2021JJ00,13601.0
9,A052785,A019151,2022JJ00,10268.0
10,A052785,A019151,2023JJ00,8634.0
11,A052785,A019151,2024JJ00,9147.0
12,A052785,A019152,2021JJ00,69728.0
13,A052785,A019152,2022JJ00,72453.0
14,A052785,A019152,2023JJ00,78127.0
15,A052785,A019152,2024JJ00,84945.0
16,A052785,A019154,2021JJ00,21772.0
17,A052785,A019154,2022JJ00,22975.0
18,A052785,A019154,2023JJ00,25108.0
19,A052785,A019154,2024JJ00,27768.0
20,A052785,A019155,2021JJ00,
21,A052785,A019155,2022JJ00,
22,A052785,A019155,2023JJ00,
23,A052785,A019155,2024JJ00,
24,A052785,A019156,2021JJ00,47956.0
25,A052785,A019156,2022JJ00,49479.0
26,A052785,A019156,2023JJ00,53020.0
27,A052785,A019156,2024JJ00,57177.0
28,A052785,A041720,2021JJ00,16161.0
29,A052785,A041720,2022JJ00,17111.0
30,A052785,A041720,2023JJ00,18381.0
31,A052785,A041720,2024JJ00,19311.0
32,A052785,A019157,2021JJ00,5246.0
33,A052785,A019157,2022JJ00,5200.0
34,A052785,A019157,2023JJ00,5540.0
35,A052785,A019157,2024JJ00,5742.0
36,A052785,A019158,2021JJ00,4127.0
37,A052785,A019158,2022JJ00,4136.0
38,A052785,A019158,2023JJ00,4303.0
39,A052785,A019158,2024JJ00,4359.0
40,A052785,A019161,2021JJ00,44.0
41,A052785,A019161,2022JJ00,21.0
42,A052785,A019161,2023JJ00,69.0
43,A052785,A019161,2024JJ00,95.0
44,A052785,A019162,2021JJ00,1076.0
45,A052785,A019162,2022JJ00,1044.0
46,A052785,A019162,2023JJ00,1168.0
47,A052785,A019162,2024JJ00,1288.0
48,A052785,A019163,2021JJ00,10915.0
49,A052785,A019163,2022JJ00,11911.0
50,A052785,A019163,2023JJ00,12841.0
51,A052785,A019163,2024JJ00,13569.0
52,A052785,A019164,2021JJ00,5821.0
53,A052785,A019164,2022JJ00,6605.0
54,A052785,A019164,2023JJ00,7367.0
55,A052785,A019164,2024JJ00,7890.0
56,A052785,A019165,2021JJ00,5094.0
57,A052785,A019165,2022JJ00,5306.0
58,A052785,A019165,2023JJ00,5474.0
59,A052785,A019165,2024JJ00,5679.0
60,A052786,A019149,2021JJ00,32401.0
61,A052786,A019149,2022JJ00,33360.0
62,A052786,A019149,2023JJ00,35871.0
63,A052786,A019149,2024JJ00,38706.0
64,A052786,A019150,2021JJ00,30189.0
65,A052786,A019150,2022JJ00,30946.0
66,A052786,A019150,2023JJ00,33280.0
67,A052786,A019150,2024JJ00,36027.0
68,A052786,A019151,2021JJ00,2442.0
69,A052786,A019151,2022JJ00,2351.0
70,A052786,A019151,2023JJ00,2428.0
71,A052786,A019151,2024JJ00,2721.0
72,A052786,A019152,2021JJ00,27746.0
73,A052786,A019152,2022JJ00,28595.0
74,A052786,A019152,2023JJ00,30851.0
75,A052786,A019152,2024JJ00,33306.0
76,A052786,A019154,2021JJ00,1019.0
77,A052786,A019154,2022JJ00,1012.0
78,A052786,A019154,2023JJ00,1075.0
79,A052786,A019154,2024JJ00,1202.0
80,A052786,A019155,2021JJ00,
81,A052786,A019155,2022JJ00,
82,A052786,A019155,2023JJ00,
83,A052786,A019155,2024JJ00,
84,A052786,A019156,2021JJ00,26727.0
85,A052786,A019156,2022JJ00,27583.0
86,A052786,A019156,2023JJ00,29776.0
87,A052786,A019156,2024JJ00,32104.0
88,A052786,A041720,2021JJ00,2212.0
89,A052786,A041720,2022JJ00,2414.0
90,A052786,A041720,2023JJ00,2592.0
91,A052786,A041720,2024JJ00,2678.0
92,A052786,A019157,2021JJ00,16.0
93,A052786,A019157,2022JJ00,16.0
94,A052786,A019157,2023JJ00,17.0
95,A052786,A019157,2024JJ00,17.0
96,A052786,A019158,2021JJ00,16.0
97,A052786,A019158,2022JJ00,16.0
98,A052786,A019158,2023JJ00,17.0
99,A052786,A019158,2024JJ00,17.0
100,A052786,A019161,2021JJ00,0.0
101,A052786,A019161,2022JJ00,0.0
102,A052786,A019161,2023JJ00,0.0
103,A052786,A019161,2024JJ00,0.0
104,A052786,A019162,2021JJ00,0.0
105,A052786,A019162,2022JJ00,0.0
106,A052786,A019162,2023JJ00,0.0
107,A052786,A019162,2024JJ00,0.0
108,A052786,A019163,2021JJ00,2196.0
109,A052786,A019163,2022JJ00,2398.0
110,A052786,A019163,2023JJ00,2575.0
111,A052786,A019163,2024JJ00,2661.0
112,A052786,A019164,2021JJ00,275.0
113,A052786,A019164,2022JJ00,387.0
114,A052786,A019164,2023JJ00,485.0
115,A052786,A019164,2024JJ00,520.0
116,A052786,A019165,2021JJ00,1921.0
117,A052786,A019165,2022JJ00,2011.0
118,A052786,A019165,2023JJ00,2089.0
119,A052786,A019165,2024JJ00,2141.0
120,A052787,A019149,2021JJ00,26332.0
121,A052787,A019149,2022JJ00,26916.0
122,A052787,A019149,2023JJ00,28863.0
123,A052787,A019149,2024JJ00,30969.0
124,A052787,A019150,2021JJ00,24361.0
125,A052787,A019150,2022JJ00,24783.0
126,A052787,A019150,2023JJ00,26561.0
127,A052787,A019150,2024JJ00,28587.0
128,A052787,A019151,2021JJ00,990.0
129,A052787,A019151,2022JJ00,792.0
130,A052787,A019151,2023JJ00,760.0
131,A052787,A019151,2024JJ00,862.0
132,A052787,A019152,2021JJ00,23370.0
133,A052787,A019152,2022JJ00,23991.0
134,A052787,A019152,2023JJ00,25802.0
135,A052787,A019152,2024JJ00,27725.0
136,A052787,A019154,2021JJ00,560.0
137,A052787,A019154,2022JJ00,574.0
138,A052787,A019154,2023JJ00,638.0
139,A052787,A019154,2024JJ00,707.0
140,A052787,A019155,2021JJ00,
141,A052787,A019155,2022JJ00,
142,A052787,A019155,2023JJ00,
143,A052787,A019155,2024JJ00,
144,A052787,A019156,2021JJ00,22811.0
145,A052787,A019156,2022JJ00,23417.0
146,A052787,A019156,2023JJ00,25164.0
147,A052787,A019156,2024JJ00,27018.0
148,A052787,A041720,2021JJ00,1971.0
149,A052787,A041720,2022JJ00,2134.0
150,A052787,A041720,2023JJ00,2302.0
151,A052787,A041720,2024JJ00,2381.0
152,A052787,A019157,2021JJ00,16.0
153,A052787,A019157,2022JJ00,16.0
154,A052787,A019157,2023JJ00,17.0
155,A052787,A019157,2024JJ00,17.0
156,A052787,A019158,2021JJ00,16.0
157,A052787,A019158,2022JJ00,16.0
158,A052787,A019158,2023JJ00,17.0
159,A052787,A019158,2024JJ00,17.0
160,A052787,A019161,2021JJ00,0.0
161,A052787,A019161,2022JJ00,0.0
162,A052787,A019161,2023JJ00,0.0
163,A052787,A019161,2024JJ00,0.0
164,A052787,A019162,2021JJ00,0.0
165,A052787,A019162,2022JJ00,0.0
166,A052787,A019162,2023JJ00,0.0
167,A052787,A019162,2024JJ00,0.0
168,A052787,A019163,2021JJ00,1955.0
169,A052787,A019163,2022JJ00,2118.0
170,A052787,A019163,2023JJ00,2285.0
171,A052787,A019163,2024JJ00,2364.0
172,A052787,A019164,2021JJ00,275.0
173,A052787,A019164,2022JJ00,387.0
174,A052787,A019164,2023JJ00,485.0
175,A052787,A019164,2024JJ00,520.0
176,A052787,A019165,2021JJ00,1680.0
177,A052787,A019165,2022JJ00,1730.0
178,A052787,A019165,2023JJ00,1799.0
179,A052787,A019165,2024JJ00,1844.0
180,A052788,A019149,2021JJ00,4651.0
181,A052788,A019149,2022JJ00,4989.0
182,A052788,A019149,2023JJ00,5462.0
183,A052788,A019149,2024JJ00,6070.0
184,A052788,A019150,2021JJ00,4502.0
185,A052788,A019150,2022JJ00,4802.0
186,A052788,A019150,2023JJ00,5270.0
187,A052788,A019150,2024JJ00,5873.0
188,A052788,A019151,2021JJ00,1344.0
189,A052788,A019151,2022JJ00,1443.0
190,A052788,A019151,2023JJ00,1552.0
191,A052788,A019151,2024JJ00,1733.0
192,A052788,A019152,2021JJ00,3158.0
193,A052788,A019152,2022JJ00,3359.0
194,A052788,A019152,2023JJ00,3718.0
195,A052788,A019152,2024JJ00,4140.0
196,A052788,A019154,2021JJ00,459.0
197,A052788,A019154,2022JJ00,438.0
198,A052788,A019154,2023JJ00,436.0
199,A052788,A019154,2024JJ00,494.0
200,A052788,A019155,2021JJ00,
201,A052788,A019155,2022JJ00,
202,A052788,A019155,2023JJ00,
203,A052788,A019155,2024JJ00,
204,A052788,A019156,2021JJ00,2699.0
205,A052788,A019156,2022JJ00,2921.0
206,A052788,A019156,2023JJ00,3282.0
207,A052788,A019156,2024JJ00,3646.0
208,A052788,A041720,2021JJ00,149.0
209,A052788,A041720,2022JJ00,187.0
210,A052788,A041720,2023JJ00,193.0
211,A052788,A041720,2024JJ00,197.0
212,A052788,A019157,2021JJ00,0.0
213,A052788,A019157,2022JJ00,0.0
214,A052788,A019157,2023JJ00,0.0
215,A052788,A019157,2024JJ00,0.0
216,A052788,A019158,2021JJ00,0.0
217,A052788,A019158,2022JJ00,0.0
218,A052788,A019158,2023JJ00,0.0
219,A052788,A019158,2024JJ00,0.0
220,A052788,A019161,2021JJ00,0.0
221,A052788,A019161,2022JJ00,0.0
222,A052788,A019161,2023JJ00,0.0
223,A052788,A019161,2024JJ00,0.0
224,A052788,A019162,2021JJ00,0.0
225,A052788,A019162,2022JJ00,0.0
226,A052788,A019162,2023JJ00,0.0
227,A052788,A019162,2024JJ00,0.0
228,A052788,A019163,2021JJ00,149.0
229,A052788,A019163,2022JJ00,187.0
230,A052788,A019163,2023JJ00,193.0
231,A052788,A019163,2024JJ00,197.0
232,A052788,A019164,2021JJ00,0.0
233,A052788,A019164,2022JJ00,0.0
234,A052788,A019164,2023JJ00,0.0
235,A052788,A019164,2024JJ00,0.0
236,A052788,A019165,2021JJ00,149.0
237,A052788,A019165,2022JJ00,187.0
238,A052788,A019165,2023JJ00,193.0
239,A052788,A019165,2024JJ00,197.0
240,A052789,A019149,2021JJ00,1418.0
241,A052789,A019149,2022JJ00,1454.0
242,A052789,A019149,2023JJ00,1546.0
243,A052789,A019149,2024JJ00,1667.0
244,A052789,A019150,2021JJ00,1326.0
245,A052789,A019150,2022JJ00,1361.0
246,A052789,A019150,2023JJ00,1449.0
247,A052789,A019150,2024JJ00,1567.0
248,A052789,A019151,2021JJ00,108.0
249,A052789,A019151,2022JJ00,116.0
250,A052789,A019151,2023JJ00,117.0
251,A052789,A019151,2024JJ00,126.0
252,A052789,A019152,2021JJ00,1218.0
253,A052789,A019152,2022JJ00,1245.0
254,A052789,A019152,2023JJ00,1332.0
255,A052789,A019152,2024JJ00,1441.0
256,A052789,A019154,2021JJ00,0.0
257,A052789,A019154,2022JJ00,0.0
258,A052789,A019154,2023JJ00,1.0
259,A052789,A019154,2024JJ00,1.0
260,A052789,A019155,2021JJ00,
261,A052789,A019155,2022JJ00,
262,A052789,A019155,2023JJ00,
263,A052789,A019155,2024JJ00,
264,A052789,A019156,2021JJ00,1218.0
265,A052789,A019156,2022JJ00,1244.0
266,A052789,A019156,2023JJ00,1331.0
267,A052789,A019156,2024JJ00,1440.0
268,A052789,A041720,2021JJ00,91.0
269,A052789,A041720,2022JJ00,93.0
270,A052789,A041720,2023JJ00,97.0
271,A052789,A041720,2024JJ00,100.0
272,A052789,A019157,2021JJ00,0.0
273,A052789,A019157,2022JJ00,0.0
274,A052789,A019157,2023JJ00,0.0
275,A052789,A019157,2024JJ00,0.0
276,A052789,A019158,2021JJ00,0.0
277,A052789,A019158,2022JJ00,0.0
278,A052789,A019158,2023JJ00,0.0
279,A052789,A019158,2024JJ00,0.0
280,A052789,A019161,2021JJ00,0.0
281,A052789,A019161,2022JJ00,0.0
282,A052789,A019161,2023JJ00,0.0
283,A052789,A019161,2024JJ00,0.0
284,A052789,A019162,2021JJ00,0.0
285,A052789,A019162,2022JJ00,0.0
286,A052789,A019162,2023JJ00,0.0
287,A052789,A019162,2024JJ00,0.0
288,A052789,A019163,2021JJ00,91.0
289,A052789,A019163,2022JJ00,93.0
290,A052789,A019163,2023JJ00,97.0
291,A052789,A019163,2024JJ00,100.0
292,A052789,A019164,2021JJ00,0.0
293,A052789,A019164,2022JJ00,0.0
294,A052789,A019164,2023JJ00,0.0
295,A052789,A019164,2024JJ00,0.0
296,A052789,A019165,2021JJ00,91.0
297,A052789,A019165,2022JJ00,93.0
298,A052789,A019165,2023JJ00,97.0
299,A052789,A019165,2024JJ00,100.0
300,A052790,A019149,2021JJ00,26704.0
301,A052790,A019149,2022JJ00,27279.0
302,A052790,A019149,2023JJ00,29315.0
303,A052790,A019149,2024JJ00,32086.0
304,A052790,A019150,2021JJ00,24933.0
305,A052790,A019150,2022JJ00,25408.0
306,A052790,A019150,2023JJ00,27373.0
307,A052790,A019150,2024JJ00,30043.0
308,A052790,A019151,2021JJ00,855.0
309,A052790,A019151,2022JJ00,565.0
310,A052790,A019151,2023JJ00,540.0
311,A052790,A019151,2024JJ00,595.0
312,A052790,A019152,2021JJ00,24078.0
313,A052790,A019152,2022JJ00,24843.0
314,A052790,A019152,2023JJ00,26833.0
315,A052790,A019152,2024JJ00,29448.0
316,A052790,A019154,2021JJ00,19303.0
317,A052790,A019154,2022JJ00,20331.0
318,A052790,A019154,2023JJ00,22115.0
319,A052790,A019154,2024JJ00,24497.0
320,A052790,A019155,2021JJ00,
321,A052790,A019155,2022JJ00,
322,A052790,A019155,2023JJ00,
323,A052790,A019155,2024JJ00,
324,A052790,A019156,2021JJ00,4775.0
325,A052790,A019156,2022JJ00,4512.0
326,A052790,A019156,2023JJ00,4718.0
327,A052790,A019156,2024JJ00,4951.0
328,A052790,A041720,2021JJ00,1771.0
329,A052790,A041720,2022JJ00,1870.0
330,A052790,A041720,2023JJ00,1942.0
331,A052790,A041720,2024JJ00,2043.0
332,A052790,A019157,2021JJ00,25.0
333,A052790,A019157,2022JJ00,24.0
334,A052790,A019157,2023JJ00,24.0
335,A052790,A019157,2024JJ00,25.0
336,A052790,A019158,2021JJ00,25.0
337,A052790,A019158,2022JJ00,24.0
338,A052790,A019158,2023JJ00,24.0
339,A052790,A019158,2024JJ00,25.0
340,A052790,A019161,2021JJ00,0.0
341,A052790,A019161,2022JJ00,0.0
342,A052790,A019161,2023JJ00,0.0
343,A052790,A019161,2024JJ00,0.0
344,A052790,A019162,2021JJ00,0.0
345,A052790,A019162,2022JJ00,0.0
346,A052790,A019162,2023JJ00,0.0
347,A052790,A019162,2024JJ00,0.0
348,A052790,A019163,2021JJ00,1747.0
349,A052790,A019163,2022JJ00,1846.0
350,A052790,A019163,2023JJ00,1918.0
351,A052790,A019163,2024JJ00,2018.0
352,A052790,A019164,2021JJ00,30.0
353,A052790,A019164,2022JJ00,31.0
354,A052790,A019164,2023JJ00,32.0
355,A052790,A019164,2024JJ00,34.0
356,A052790,A019165,2021JJ00,1717.0
357,A052790,A019165,2022JJ00,1815.0
358,A052790,A019165,2023JJ00,1886.0
359,A052790,A019165,2024JJ00,1984.0
360,A052791,A019149,2021JJ00,19206.0
361,A052791,A019149,2022JJ00,19502.0
362,A052791,A019149,2023JJ00,20983.0
363,A052791,A019149,2024JJ00,22989.0
364,A052791,A019150,2021JJ00,17849.0
365,A052791,A019150,2022JJ00,18070.0
366,A052791,A019150,2023JJ00,19494.0
367,A052791,A019150,2024JJ00,21426.0
368,A052791,A019151,2021JJ00,512.0
369,A052791,A019151,2022JJ00,288.0
370,A052791,A019151,2023JJ00,257.0
371,A052791,A019151,2024JJ00,279.0
372,A052791,A019152,2021JJ00,17336.0
373,A052791,A019152,2022JJ00,17782.0
374,A052791,A019152,2023JJ00,19237.0
375,A052791,A019152,2024JJ00,21147.0
376,A052791,A019154,2021JJ00,12869.0
377,A052791,A019154,2022JJ00,13579.0
378,A052791,A019154,2023JJ00,14862.0
379,A052791,A019154,2024JJ00,16573.0
380,A052791,A019155,2021JJ00,
381,A052791,A019155,2022JJ00,
382,A052791,A019155,2023JJ00,
383,A052791,A019155,2024JJ00,
384,A052791,A019156,2021JJ00,4468.0
385,A052791,A019156,2022JJ00,4203.0
386,A052791,A019156,2023JJ00,4375.0
387,A052791,A019156,2024JJ00,4574.0
388,A052791,A041720,2021JJ00,1357.0
389,A052791,A041720,2022JJ00,1432.0
390,A052791,A041720,2023JJ00,1489.0
391,A052791,A041720,2024JJ00,1564.0
392,A052791,A019157,2021JJ00,25.0
393,A052791,A019157,2022JJ00,24.0
394,A052791,A019157,2023JJ00,24.0
395,A052791,A019157,2024JJ00,25.0
396,A052791,A019158,2021JJ00,25.0
397,A052791,A019158,2022JJ00,24.0
398,A052791,A019158,2023JJ00,24.0
399,A052791,A019158,2024JJ00,25.0
400,A052791,A019161,2021JJ00,0.0
401,A052791,A019161,2022JJ00,0.0
402,A052791,A019161,2023JJ00,0.0
403,A052791,A019161,2024JJ00,0.0
404,A052791,A019162,2021JJ00,0.0
405,A052791,A019162,2022JJ00,0.0
406,A052791,A019162,2023JJ00,0.0
407,A052791,A019162,2024JJ00,0.0
408,A052791,A019163,2021JJ00,1333.0
409,A052791,A019163,2022JJ00,1407.0
410,A052791,A019163,2023JJ00,1465.0
411,A052791,A019163,2024JJ00,1539.0
412,A052791,A019164,2021JJ00,30.0
413,A052791,A019164,2022JJ00,31.0
414,A052791,A019164,2023JJ00,32.0
415,A052791,A019164,2024JJ00,34.0
416,A052791,A019165,2021JJ00,1303.0
417,A052791,A019165,2022JJ00,1377.0
418,A052791,A019165,2023JJ00,1433.0
419,A052791,A019165,2024JJ00,1505.0
420,A052792,A019149,2021JJ00,7499.0
421,A052792,A019149,2022JJ00,7777.0
422,A052792,A019149,2023JJ00,8331.0
423,A052792,A019149,2024JJ00,9097.0
424,A052792,A019150,2021JJ00,7084.0
425,A052792,A019150,2022JJ00,7338.0
426,A052792,A019150,2023JJ00,7879.0
427,A052792,A019150,2024JJ00,8618.0
428,A052792,A019151,2021JJ00,342.0
429,A052792,A019151,2022JJ00,277.0
430,A052792,A019151,2023JJ00,283.0
431,A052792,A019151,2024JJ00,317.0
432,A052792,A019152,2021JJ00,6742.0
433,A052792,A019152,2022JJ00,7061.0
434,A052792,A019152,2023JJ00,7595.0
435,A052792,A019152,2024JJ00,8301.0
436,A052792,A019154,2021JJ00,6435.0
437,A052792,A019154,2022JJ00,6752.0
438,A052792,A019154,2023JJ00,7253.0
439,A052792,A019154,2024JJ00,7924.0
440,A052792,A019155,2021JJ00,
441,A052792,A019155,2022JJ00,
442,A052792,A019155,2023JJ00,
443,A052792,A019155,2024JJ00,
444,A052792,A019156,2021JJ00,307.0
445,A052792,A019156,2022JJ00,309.0
446,A052792,A019156,2023JJ00,342.0
447,A052792,A019156,2024JJ00,377.0
448,A052792,A041720,2021JJ00,414.0
449,A052792,A041720,2022JJ00,438.0
450,A052792,A041720,2023JJ00,453.0
451,A052792,A041720,2024JJ00,479.0
452,A052792,A019157,2021JJ00,0.0
453,A052792,A019157,2022JJ00,0.0
454,A052792,A019157,2023JJ00,0.0
455,A052792,A019157,2024JJ00,0.0
456,A052792,A019158,2021JJ00,0.0
457,A052792,A019158,2022JJ00,0.0
458,A052792,A019158,2023JJ00,0.0
459,A052792,A019158,2024JJ00,0.0
460,A052792,A019161,2021JJ00,0.0
461,A052792,A019161,2022JJ00,0.0
462,A052792,A019161,2023JJ00,0.0
463,A052792,A019161,2024JJ00,0.0
464,A052792,A019162,2021JJ00,0.0
465,A052792,A019162,2022JJ00,0.0
466,A052792,A019162,2023JJ00,0.0
467,A052792,A019162,2024JJ00,0.0
468,A052792,A019163,2021JJ00,414.0
469,A052792,A019163,2022JJ00,438.0
470,A052792,A019163,2023JJ00,453.0
471,A052792,A019163,2024JJ00,479.0
472,A052792,A019164,2021JJ00,0.0
473,A052792,A019164,2022JJ00,0.0
474,A052792,A019164,2023JJ00,0.0
475,A052792,A019164,2024JJ00,0.0
476,A052792,A019165,2021JJ00,414.0
477,A052792,A019165,2022JJ00,438.0
478,A052792,A019165,2023JJ00,453.0
479,A052792,A019165,2024JJ00,479.0
480,A052795,A019149,2021JJ00,18230.0
481,A052795,A019149,2022JJ00,19535.0
482,A052795,A019149,2023JJ00,21387.0
483,A052795,A019149,2024JJ00,23133.0
484,A052795,A019150,2021JJ00,11191.0
485,A052795,A019150,2022JJ00,11946.0
486,A052795,A019150,2023JJ00,13007.0
487,A052795,A019150,2024JJ00,14328.0
488,A052795,A019151,2021JJ00,1624.0
489,A052795,A019151,2022JJ00,1766.0
490,A052795,A019151,2023JJ00,1774.0
491,A052795,A019151,2024JJ00,1986.0
492,A052795,A019152,2021JJ00,9567.0
493,A052795,A019152,2022JJ00,10180.0
494,A052795,A019152,2023JJ00,11233.0
495,A052795,A019152,2024JJ00,12341.0
496,A052795,A019154,2021JJ00,691.0
497,A052795,A019154,2022JJ00,804.0
498,A052795,A019154,2023JJ00,983.0
499,A052795,A019154,2024JJ00,1081.0
500,A052795,A019155,2021JJ00,
501,A052795,A019155,2022JJ00,
502,A052795,A019155,2023JJ00,
503,A052795,A019155,2024JJ00,
504,A052795,A019156,2021JJ00,8877.0
505,A052795,A019156,2022JJ00,9377.0
506,A052795,A019156,2023JJ00,10250.0
507,A052795,A019156,2024JJ00,11260.0
508,A052795,A041720,2021JJ00,7039.0
509,A052795,A041720,2022JJ00,7589.0
510,A052795,A041720,2023JJ00,8380.0
511,A052795,A041720,2024JJ00,8805.0
512,A052795,A019157,2021JJ00,3392.0
513,A052795,A019157,2022JJ00,3374.0
514,A052795,A019157,2023JJ00,3594.0
515,A052795,A019157,2024JJ00,3686.0
516,A052795,A019158,2021JJ00,3263.0
517,A052795,A019158,2022JJ00,3255.0
518,A052795,A019158,2023JJ00,3421.0
519,A052795,A019158,2024JJ00,3474.0
520,A052795,A019161,2021JJ00,44.0
521,A052795,A019161,2022JJ00,21.0
522,A052795,A019161,2023JJ00,69.0
523,A052795,A019161,2024JJ00,95.0
524,A052795,A019162,2021JJ00,85.0
525,A052795,A019162,2022JJ00,99.0
526,A052795,A019162,2023JJ00,104.0
527,A052795,A019162,2024JJ00,117.0
528,A052795,A019163,2021JJ00,3647.0
529,A052795,A019163,2022JJ00,4215.0
530,A052795,A019163,2023JJ00,4786.0
531,A052795,A019163,2024JJ00,5119.0
532,A052795,A019164,2021JJ00,3264.0
533,A052795,A019164,2022JJ00,3813.0
534,A052795,A019164,2023JJ00,4362.0
535,A052795,A019164,2024JJ00,4684.0
536,A052795,A019165,2021JJ00,383.0
537,A052795,A019165,2022JJ00,402.0
538,A052795,A019165,2023JJ00,424.0
539,A052795,A019165,2024JJ00,435.0
540,A052796,A019149,2021JJ00,3912.0
541,A052796,A019149,2022JJ00,3867.0
542,A052796,A019149,2023JJ00,4255.0
543,A052796,A019149,2024JJ00,4712.0
544,A052796,A019150,2021JJ00,3830.0
545,A052796,A019150,2022JJ00,3785.0
546,A052796,A019150,2023JJ00,4171.0
547,A052796,A019150,2024JJ00,4625.0
548,A052796,A019151,2021JJ00,147.0
549,A052796,A019151,2022JJ00,100.0
550,A052796,A019151,2023JJ00,78.0
551,A052796,A019151,2024JJ00,83.0
552,A052796,A019152,2021JJ00,3683.0
553,A052796,A019152,2022JJ00,3686.0
554,A052796,A019152,2023JJ00,4093.0
555,A052796,A019152,2024JJ00,4542.0
556,A052796,A019154,2021JJ00,0.0
557,A052796,A019154,2022JJ00,0.0
558,A052796,A019154,2023JJ00,0.0
559,A052796,A019154,2024JJ00,0.0
560,A052796,A019155,2021JJ00,
561,A052796,A019155,2022JJ00,
562,A052796,A019155,2023JJ00,
563,A052796,A019155,2024JJ00,
564,A052796,A019156,2021JJ00,3683.0
565,A052796,A019156,2022JJ00,3686.0
566,A052796,A019156,2023JJ00,4093.0
567,A052796,A019156,2024JJ00,4542.0
568,A052796,A041720,2021JJ00,82.0
569,A052796,A041720,2022JJ00,82.0
570,A052796,A041720,2023JJ00,84.0
571,A052796,A041720,2024JJ00,88.0
572,A052796,A019157,2021JJ00,10.0
573,A052796,A019157,2022JJ00,9.0
574,A052796,A019157,2023JJ00,9.0
575,A052796,A019157,2024JJ00,9.0
576,A052796,A019158,2021JJ00,10.0
577,A052796,A019158,2022JJ00,9.0
578,A052796,A019158,2023JJ00,9.0
579,A052796,A019158,2024JJ00,9.0
580,A052796,A019161,2021JJ00,0.0
581,A052796,A019161,2022JJ00,0.0
582,A052796,A019161,2023JJ00,0.0
583,A052796,A019161,2024JJ00,0.0
584,A052796,A019162,2021JJ00,0.0
585,A052796,A019162,2022JJ00,0.0
586,A052796,A019162,2023JJ00,0.0
587,A052796,A019162,2024JJ00,0.0
588,A052796,A019163,2021JJ00,72.0
589,A052796,A019163,2022JJ00,72.0
590,A052796,A019163,2023JJ00,75.0
591,A052796,A019163,2024JJ00,78.0
592,A052796,A019164,2021JJ00,32.0
593,A052796,A019164,2022JJ00,34.0
594,A052796,A019164,2023JJ00,37.0
595,A052796,A019164,2024JJ00,39.0
596,A052796,A019165,2021JJ00,40.0
597,A052796,A019165,2022JJ00,38.0
598,A052796,A019165,2023JJ00,38.0
599,A052796,A019165,2024JJ00,39.0
600,A052797,A019149,2021JJ00,3073.0
601,A052797,A019149,2022JJ00,3119.0
602,A052797,A019149,2023JJ00,3351.0
603,A052797,A019149,2024JJ00,3464.0
604,A052797,A019150,2021JJ00,717.0
605,A052797,A019150,2022JJ00,744.0
606,A052797,A019150,2023JJ00,840.0
607,A052797,A019150,2024JJ00,902.0
608,A052797,A019151,2021JJ00,5.0
609,A052797,A019151,2022JJ00,0.0
610,A052797,A019151,2023JJ00,0.0
611,A052797,A019151,2024JJ00,0.0
612,A052797,A019152,2021JJ00,712.0
613,A052797,A019152,2022JJ00,744.0
614,A052797,A019152,2023JJ00,840.0
615,A052797,A019152,2024JJ00,902.0
616,A052797,A019154,2021JJ00,95.0
617,A052797,A019154,2022JJ00,103.0
618,A052797,A019154,2023JJ00,121.0
619,A052797,A019154,2024JJ00,129.0
620,A052797,A019155,2021JJ00,
621,A052797,A019155,2022JJ00,
622,A052797,A019155,2023JJ00,
623,A052797,A019155,2024JJ00,
624,A052797,A019156,2021JJ00,617.0
625,A052797,A019156,2022JJ00,641.0
626,A052797,A019156,2023JJ00,719.0
627,A052797,A019156,2024JJ00,773.0
628,A052797,A041720,2021JJ00,2356.0
629,A052797,A041720,2022JJ00,2375.0
630,A052797,A041720,2023JJ00,2511.0
631,A052797,A041720,2024JJ00,2562.0
632,A052797,A019157,2021JJ00,1683.0
633,A052797,A019157,2022JJ00,1680.0
634,A052797,A019157,2023JJ00,1757.0
635,A052797,A019157,2024JJ00,1761.0
636,A052797,A019158,2021JJ00,1683.0
637,A052797,A019158,2022JJ00,1680.0
638,A052797,A019158,2023JJ00,1757.0
639,A052797,A019158,2024JJ00,1761.0
640,A052797,A019161,2021JJ00,0.0
641,A052797,A019161,2022JJ00,0.0
642,A052797,A019161,2023JJ00,0.0
643,A052797,A019161,2024JJ00,0.0
644,A052797,A019162,2021JJ00,0.0
645,A052797,A019162,2022JJ00,0.0
646,A052797,A019162,2023JJ00,0.0
647,A052797,A019162,2024JJ00,0.0
648,A052797,A019163,2021JJ00,673.0
649,A052797,A019163,2022JJ00,694.0
650,A052797,A019163,2023JJ00,754.0
651,A052797,A019163,2024JJ00,801.0
652,A052797,A019164,2021JJ00,581.0
653,A052797,A019164,2022JJ00,603.0
654,A052797,A019164,2023JJ00,656.0
655,A052797,A019164,2024JJ00,700.0
656,A052797,A019165,2021JJ00,92.0
657,A052797,A019165,2022JJ00,91.0
658,A052797,A019165,2023JJ00,98.0
659,A052797,A019165,2024JJ00,101.0
660,A052799,A019149,2021JJ00,5995.0
661,A052799,A019149,2022JJ00,6481.0
662,A052799,A019149,2023JJ00,7122.0
663,A052799,A019149,2024JJ00,7587.0
664,A052799,A019150,2021JJ00,2337.0
665,A052799,A019150,2022JJ00,2441.0
666,A052799,A019150,2023JJ00,2696.0
667,A052799,A019150,2024JJ00,2957.0
668,A052799,A019151,2021JJ00,578.0
669,A052799,A019151,2022JJ00,663.0
670,A052799,A019151,2023JJ00,708.0
671,A052799,A019151,2024JJ00,799.0
672,A052799,A019152,2021JJ00,1759.0
673,A052799,A019152,2022JJ00,1778.0
674,A052799,A019152,2023JJ00,1988.0
675,A052799,A019152,2024JJ00,2158.0
676,A052799,A019154,2021JJ00,30.0
677,A052799,A019154,2022JJ00,39.0
678,A052799,A019154,2023JJ00,47.0
679,A052799,A019154,2024JJ00,51.0
680,A052799,A019155,2021JJ00,
681,A052799,A019155,2022JJ00,
682,A052799,A019155,2023JJ00,
683,A052799,A019155,2024JJ00,
684,A052799,A019156,2021JJ00,1730.0
685,A052799,A019156,2022JJ00,1739.0
686,A052799,A019156,2023JJ00,1941.0
687,A052799,A019156,2024JJ00,2107.0
688,A052799,A041720,2021JJ00,3658.0
689,A052799,A041720,2022JJ00,4041.0
690,A052799,A041720,2023JJ00,4426.0
691,A052799,A041720,2024JJ00,4630.0
692,A052799,A019157,2021JJ00,1533.0
693,A052799,A019157,2022JJ00,1531.0
694,A052799,A019157,2023JJ00,1619.0
695,A052799,A019157,2024JJ00,1666.0
696,A052799,A019158,2021JJ00,1533.0
697,A052799,A019158,2022JJ00,1531.0
698,A052799,A019158,2023JJ00,1619.0
699,A052799,A019158,2024JJ00,1666.0
700,A052799,A019161,2021JJ00,0.0
701,A052799,A019161,2022JJ00,0.0
702,A052799,A019161,2023JJ00,0.0
703,A052799,A019161,2024JJ00,0.0
704,A052799,A019162,2021JJ00,0.0
705,A052799,A019162,2022JJ00,0.0
706,A052799,A019162,2023JJ00,0.0
707,A052799,A019162,2024JJ00,0.0
708,A052799,A019163,2021JJ00,2125.0
709,A052799,A019163,2022JJ00,2509.0
710,A052799,A019163,2023JJ00,2807.0
711,A052799,A019163,2024JJ00,2964.0
712,A052799,A019164,2021JJ00,2031.0
713,A052799,A019164,2022JJ00,2412.0
714,A052799,A019164,2023JJ00,2707.0
715,A052799,A019164,2024JJ00,2861.0
716,A052799,A019165,2021JJ00,94.0
717,A052799,A019165,2022JJ00,98.0
718,A052799,A019165,2023JJ00,100.0
719,A052799,A019165,2024JJ00,103.0
720,A052798,A019149,2021JJ00,4265.0
721,A052798,A019149,2022JJ00,5017.0
722,A052798,A019149,2023JJ00,5431.0
723,A052798,A019149,2024JJ00,6048.0
724,A052798,A019150,2021JJ00,3363.0
725,A052798,A019150,2022JJ00,3965.0
726,A052798,A019150,2023JJ00,4116.0
727,A052798,A019150,2024JJ00,4567.0
728,A052798,A019151,2021JJ00,890.0
729,A052798,A019151,2022JJ00,1004.0
730,A052798,A019151,2023JJ00,988.0
731,A052798,A019151,2024JJ00,1105.0
732,A052798,A019152,2021JJ00,2473.0
733,A052798,A019152,2022JJ00,2961.0
734,A052798,A019152,2023JJ00,3128.0
735,A052798,A019152,2024JJ00,3462.0
736,A052798,A019154,2021JJ00,87.0
737,A052798,A019154,2022JJ00,104.0
738,A052798,A019154,2023JJ00,122.0
739,A052798,A019154,2024JJ00,140.0
740,A052798,A019155,2021JJ00,
741,A052798,A019155,2022JJ00,
742,A052798,A019155,2023JJ00,
743,A052798,A019155,2024JJ00,
744,A052798,A019156,2021JJ00,2386.0
745,A052798,A019156,2022JJ00,2857.0
746,A052798,A019156,2023JJ00,3006.0
747,A052798,A019156,2024JJ00,3322.0
748,A052798,A041720,2021JJ00,903.0
749,A052798,A041720,2022JJ00,1053.0
750,A052798,A041720,2023JJ00,1315.0
751,A052798,A041720,2024JJ00,1480.0
752,A052798,A019157,2021JJ00,162.0
753,A052798,A019157,2022JJ00,149.0
754,A052798,A019157,2023JJ00,205.0
755,A052798,A019157,2024JJ00,245.0
756,A052798,A019158,2021JJ00,33.0
757,A052798,A019158,2022JJ00,29.0
758,A052798,A019158,2023JJ00,32.0
759,A052798,A019158,2024JJ00,33.0
760,A052798,A019161,2021JJ00,44.0
761,A052798,A019161,2022JJ00,21.0
762,A052798,A019161,2023JJ00,69.0
763,A052798,A019161,2024JJ00,95.0
764,A052798,A019162,2021JJ00,85.0
765,A052798,A019162,2022JJ00,99.0
766,A052798,A019162,2023JJ00,104.0
767,A052798,A019162,2024JJ00,117.0
768,A052798,A019163,2021JJ00,741.0
769,A052798,A019163,2022JJ00,904.0
770,A052798,A019163,2023JJ00,1110.0
771,A052798,A019163,2024JJ00,1235.0
772,A052798,A019164,2021JJ00,620.0
773,A052798,A019164,2022JJ00,765.0
774,A052798,A019164,2023JJ00,961.0
775,A052798,A019164,2024JJ00,1084.0
776,A052798,A019165,2021JJ00,121.0
777,A052798,A019165,2022JJ00,139.0
778,A052798,A019165,2023JJ00,149.0
779,A052798,A019165,2024JJ00,152.0
780,A052800,A019149,2021JJ00,984.0
781,A052800,A019149,2022JJ00,1050.0
782,A052800,A019149,2023JJ00,1228.0
783,A052800,A019149,2024JJ00,1322.0
784,A052800,A019150,2021JJ00,944.0
785,A052800,A019150,2022JJ00,1011.0
786,A052800,A019150,2023JJ00,1184.0
787,A052800,A019150,2024JJ00,1277.0
788,A052800,A019151,2021JJ00,3.0
789,A052800,A019151,2022JJ00,0.0
790,A052800,A019151,2023JJ00,0.0
791,A052800,A019151,2024JJ00,0.0
792,A052800,A019152,2021JJ00,941.0
793,A052800,A019152,2022JJ00,1011.0
794,A052800,A019152,2023JJ00,1184.0
795,A052800,A019152,2024JJ00,1277.0
796,A052800,A019154,2021JJ00,479.0
797,A052800,A019154,2022JJ00,558.0
798,A052800,A019154,2023JJ00,694.0
799,A052800,A019154,2024JJ00,761.0
800,A052800,A019155,2021JJ00,
801,A052800,A019155,2022JJ00,
802,A052800,A019155,2023JJ00,
803,A052800,A019155,2024JJ00,
804,A052800,A019156,2021JJ00,462.0
805,A052800,A019156,2022JJ00,453.0
806,A052800,A019156,2023JJ00,490.0
807,A052800,A019156,2024JJ00,516.0
808,A052800,A041720,2021JJ00,40.0
809,A052800,A041720,2022JJ00,39.0
810,A052800,A041720,2023JJ00,44.0
811,A052800,A041720,2024JJ00,45.0
812,A052800,A019157,2021JJ00,4.0
813,A052800,A019157,2022JJ00,4.0
814,A052800,A019157,2023JJ00,4.0
815,A052800,A019157,2024JJ00,4.0
816,A052800,A019158,2021JJ00,4.0
817,A052800,A019158,2022JJ00,4.0
818,A052800,A019158,2023JJ00,4.0
819,A052800,A019158,2024JJ00,4.0
820,A052800,A019161,2021JJ00,0.0
821,A052800,A019161,2022JJ00,0.0
822,A052800,A019161,2023JJ00,0.0
823,A052800,A019161,2024JJ00,0.0
824,A052800,A019162,2021JJ00,0.0
825,A052800,A019162,2022JJ00,0.0
826,A052800,A019162,2023JJ00,0.0
827,A052800,A019162,2024JJ00,0.0
828,A052800,A019163,2021JJ00,36.0
829,A052800,A019163,2022JJ00,35.0
830,A052800,A019163,2023JJ00,40.0
831,A052800,A019163,2024JJ00,41.0
832,A052800,A019164,2021JJ00,0.0
833,A052800,A019164,2022JJ00,0.0
834,A052800,A019164,2023JJ00,0.0
835,A052800,A019164,2024JJ00,0.0
836,A052800,A019165,2021JJ00,36.0
837,A052800,A019165,2022JJ00,35.0
838,A052800,A019165,2023JJ00,40.0
839,A052800,A019165,2024JJ00,41.0
840,A052801,A019149,2021JJ00,1120.0
841,A052801,A019149,2022JJ00,934.0
842,A052801,A019149,2023JJ00,882.0
843,A052801,A019149,2024JJ00,954.0
844,A052801,A019150,2021JJ00,1030.0
845,A052801,A019150,2022JJ00,893.0
846,A052801,A019150,2023JJ00,838.0
847,A052801,A019150,2024JJ00,910.0
848,A052801,A019151,2021JJ00,318.0
849,A052801,A019151,2022JJ00,182.0
850,A052801,A019151,2023JJ00,0.0
851,A052801,A019151,2024JJ00,0.0
852,A052801,A019152,2021JJ00,712.0
853,A052801,A019152,2022JJ00,711.0
854,A052801,A019152,2023JJ00,838.0
855,A052801,A019152,2024JJ00,910.0
856,A052801,A019154,2021JJ00,0.0
857,A052801,A019154,2022JJ00,0.0
858,A052801,A019154,2023JJ00,0.0
859,A052801,A019154,2024JJ00,0.0
860,A052801,A019155,2021JJ00,
861,A052801,A019155,2022JJ00,
862,A052801,A019155,2023JJ00,
863,A052801,A019155,2024JJ00,
864,A052801,A019156,2021JJ00,712.0
865,A052801,A019156,2022JJ00,711.0
866,A052801,A019156,2023JJ00,838.0
867,A052801,A019156,2024JJ00,910.0
868,A052801,A041720,2021JJ00,90.0
869,A052801,A041720,2022JJ00,41.0
870,A052801,A041720,2023JJ00,44.0
871,A052801,A041720,2024JJ00,45.0
872,A052801,A019157,2021JJ00,34.0
873,A052801,A019157,2022JJ00,0.0
874,A052801,A019157,2023JJ00,0.0
875,A052801,A019157,2024JJ00,0.0
876,A052801,A019158,2021JJ00,0.0
877,A052801,A019158,2022JJ00,0.0
878,A052801,A019158,2023JJ00,0.0
879,A052801,A019158,2024JJ00,0.0
880,A052801,A019161,2021JJ00,0.0
881,A052801,A019161,2022JJ00,0.0
882,A052801,A019161,2023JJ00,0.0
883,A052801,A019161,2024JJ00,0.0
884,A052801,A019162,2021JJ00,34.0
885,A052801,A019162,2022JJ00,0.0
886,A052801,A019162,2023JJ00,0.0
887,A052801,A019162,2024JJ00,0.0
888,A052801,A019163,2021JJ00,56.0
889,A052801,A019163,2022JJ00,41.0
890,A052801,A019163,2023JJ00,44.0
891,A052801,A019163,2024JJ00,45.0
892,A052801,A019164,2021JJ00,14.0
893,A052801,A019164,2022JJ00,0.0
894,A052801,A019164,2023JJ00,0.0
895,A052801,A019164,2024JJ00,0.0
896,A052801,A019165,2021JJ00,42.0
897,A052801,A019165,2022JJ00,41.0
898,A052801,A019165,2023JJ00,44.0
899,A052801,A019165,2024JJ00,45.0
900,A052802,A019149,2021JJ00,500.0
901,A052802,A019149,2022JJ00,487.0
902,A052802,A019149,2023JJ00,586.0
903,A052802,A019149,2024JJ00,635.0
904,A052802,A019150,2021JJ00,476.0
905,A052802,A019150,2022JJ00,465.0
906,A052802,A019150,2023JJ00,563.0
907,A052802,A019150,2024JJ00,611.0
908,A052802,A019151,2021JJ00,2.0
909,A052802,A019151,2022JJ00,0.0
910,A052802,A019151,2023JJ00,0.0
911,A052802,A019151,2024JJ00,0.0
912,A052802,A019152,2021JJ00,474.0
913,A052802,A019152,2022JJ00,465.0
914,A052802,A019152,2023JJ00,563.0
915,A052802,A019152,2024JJ00,611.0
916,A052802,A019154,2021JJ00,0.0
917,A052802,A019154,2022JJ00,0.0
918,A052802,A019154,2023JJ00,0.0
919,A052802,A019154,2024JJ00,0.0
920,A052802,A019155,2021JJ00,
921,A052802,A019155,2022JJ00,
922,A052802,A019155,2023JJ00,
923,A052802,A019155,2024JJ00,
924,A052802,A019156,2021JJ00,474.0
925,A052802,A019156,2022JJ00,465.0
926,A052802,A019156,2023JJ00,563.0
927,A052802,A019156,2024JJ00,611.0
928,A052802,A041720,2021JJ00,24.0
929,A052802,A041720,2022JJ00,23.0
930,A052802,A041720,2023JJ00,24.0
931,A052802,A041720,2024JJ00,24.0
932,A052802,A019157,2021JJ00,0.0
933,A052802,A019157,2022JJ00,0.0
934,A052802,A019157,2023JJ00,0.0
935,A052802,A019157,2024JJ00,0.0
936,A052802,A019158,2021JJ00,0.0
937,A052802,A019158,2022JJ00,0.0
938,A052802,A019158,2023JJ00,0.0
939,A052802,A019158,2024JJ00,0.0
940,A052802,A019161,2021JJ00,0.0
941,A052802,A019161,2022JJ00,0.0
942,A052802,A019161,2023JJ00,0.0
943,A052802,A019161,2024JJ00,0.0
944,A052802,A019162,2021JJ00,0.0
945,A052802,A019162,2022JJ00,0.0
946,A052802,A019162,2023JJ00,0.0
947,A052802,A019162,2024JJ00,0.0
948,A052802,A019163,2021JJ00,24.0
949,A052802,A019163,2022JJ00,23.0
950,A052802,A019163,2023JJ00,24.0
951,A052802,A019163,2024JJ00,24.0
952,A052802,A019164,2021JJ00,0.0
953,A052802,A019164,2022JJ00,0.0
954,A052802,A019164,2023JJ00,0.0
955,A052802,A019164,2024JJ00,0.0
956,A052802,A019165,2021JJ00,24.0
957,A052802,A019165,2022JJ00,23.0
958,A052802,A019165,2023JJ00,24.0
959,A052802,A019165,2024JJ00,24.0
960,A052803,A019149,2021JJ00,620.0
961,A052803,A019149,2022JJ00,447.0
962,A052803,A019149,2023JJ00,295.0
963,A052803,A019149,2024JJ00,320.0
964,A052803,A019150,2021JJ00,554.0
965,A052803,A019150,2022JJ00,428.0
966,A052803,A019150,2023JJ00,275.0
967,A052803,A019150,2024JJ00,299.0
968,A052803,A019151,2021JJ00,316.0
969,A052803,A019151,2022JJ00,182.0
970,A052803,A019151,2023JJ00,0.0
971,A052803,A019151,2024JJ00,0.0
972,A052803,A019152,2021JJ00,238.0
973,A052803,A019152,2022JJ00,247.0
974,A052803,A019152,2023JJ00,275.0
975,A052803,A019152,2024JJ00,299.0
976,A052803,A019154,2021JJ00,0.0
977,A052803,A019154,2022JJ00,0.0
978,A052803,A019154,2023JJ00,0.0
979,A052803,A019154,2024JJ00,0.0
980,A052803,A019155,2021JJ00,
981,A052803,A019155,2022JJ00,
982,A052803,A019155,2023JJ00,
983,A052803,A019155,2024JJ00,
984,A052803,A019156,2021JJ00,238.0
985,A052803,A019156,2022JJ00,247.0
986,A052803,A019156,2023JJ00,275.0
987,A052803,A019156,2024JJ00,299.0
988,A052803,A041720,2021JJ00,66.0
989,A052803,A041720,2022JJ00,18.0
990,A052803,A041720,2023JJ00,20.0
991,A052803,A041720,2024JJ00,21.0
992,A052803,A019157,2021JJ00,34.0
993,A052803,A019157,2022JJ00,0.0
994,A052803,A019157,2023JJ00,0.0
995,A052803,A019157,2024JJ00,0.0
996,A052803,A019158,2021JJ00,0.0
997,A052803,A019158,2022JJ00,0.0
998,A052803,A019158,2023JJ00,0.0
999,A052803,A019158,2024JJ00,0.0
1000,A052803,A019161,2021JJ00,0.0
1001,A052803,A019161,2022JJ00,0.0
1002,A052803,A019161,2023JJ00,0.0
1003,A052803,A019161,2024JJ00,0.0
1004,A052803,A019162,2021JJ00,34.0
1005,A052803,A019162,2022JJ00,0.0
1006,A052803,A019162,2023JJ00,0.0
1007,A052803,A019162,2024JJ00,0.0
1008,A052803,A019163,2021JJ00,32.0
1009,A052803,A019163,2022JJ00,18.0
1010,A052803,A019163,2023JJ00,20.0
1011,A052803,A019163,2024JJ00,21.0
1012,A052803,A019164,2021JJ00,14.0
1013,A052803,A019164,2022JJ00,0.0
1014,A052803,A019164,2023JJ00,0.0
1015,A052803,A019164,2024JJ00,0.0
1016,A052803,A019165,2021JJ00,18.0
1017,A052803,A019165,2022JJ00,18.0
1018,A052803,A019165,2023JJ00,20.0
1019,A052803,A019165,2024JJ00,21.0
1020,A052806,A019149,2021JJ00,7999.0
1021,A052806,A019149,2022JJ00,7975.0
1022,A052806,A019149,2023JJ00,7983.0
1023,A052806,A019149,2024JJ00,8522.0
1024,A052806,A019150,2021JJ00,5410.0
1025,A052806,A019150,2022JJ00,5420.0
1026,A052806,A019150,2023JJ00,5396.0
1027,A052806,A019150,2024JJ00,5793.0
1028,A052806,A019151,2021JJ00,348.0
1029,A052806,A019151,2022JJ00,137.0
1030,A052806,A019151,2023JJ00,0.0
1031,A052806,A019151,2024JJ00,0.0
1032,A052806,A019152,2021JJ00,5062.0
1033,A052806,A019152,2022JJ00,5283.0
1034,A052806,A019152,2023JJ00,5396.0
1035,A052806,A019152,2024JJ00,5793.0
1036,A052806,A019154,2021JJ00,193.0
1037,A052806,A019154,2022JJ00,198.0
1038,A052806,A019154,2023JJ00,244.0
1039,A052806,A019154,2024JJ00,239.0
1040,A052806,A019155,2021JJ00,
1041,A052806,A019155,2022JJ00,
1042,A052806,A019155,2023JJ00,
1043,A052806,A019155,2024JJ00,
1044,A052806,A019156,2021JJ00,4869.0
1045,A052806,A019156,2022JJ00,5085.0
1046,A052806,A019156,2023JJ00,5152.0
1047,A052806,A019156,2024JJ00,5554.0
1048,A052806,A041720,2021JJ00,2589.0
1049,A052806,A041720,2022JJ00,2555.0
1050,A052806,A041720,2023JJ00,2586.0
1051,A052806,A041720,2024JJ00,2729.0
1052,A052806,A019157,2021JJ00,316.0
1053,A052806,A019157,2022JJ00,239.0
1054,A052806,A019157,2023JJ00,217.0
1055,A052806,A019157,2024JJ00,220.0
1056,A052806,A019158,2021JJ00,261.0
1057,A052806,A019158,2022JJ00,239.0
1058,A052806,A019158,2023JJ00,217.0
1059,A052806,A019158,2024JJ00,220.0
1060,A052806,A019161,2021JJ00,0.0
1061,A052806,A019161,2022JJ00,0.0
1062,A052806,A019161,2023JJ00,0.0
1063,A052806,A019161,2024JJ00,0.0
1064,A052806,A019162,2021JJ00,54.0
1065,A052806,A019162,2022JJ00,0.0
1066,A052806,A019162,2023JJ00,0.0
1067,A052806,A019162,2024JJ00,0.0
1068,A052806,A019163,2021JJ00,2273.0
1069,A052806,A019163,2022JJ00,2316.0
1070,A052806,A019163,2023JJ00,2370.0
1071,A052806,A019163,2024JJ00,2509.0
1072,A052806,A019164,2021JJ00,1319.0
1073,A052806,A019164,2022JJ00,1361.0
1074,A052806,A019164,2023JJ00,1406.0
1075,A052806,A019164,2024JJ00,1504.0
1076,A052806,A019165,2021JJ00,954.0
1077,A052806,A019165,2022JJ00,954.0
1078,A052806,A019165,2023JJ00,964.0
1079,A052806,A019165,2024JJ00,1005.0
1080,A052807,A019149,2021JJ00,4483.0
1081,A052807,A019149,2022JJ00,4620.0
1082,A052807,A019149,2023JJ00,4642.0
1083,A052807,A019149,2024JJ00,4981.0
1084,A052807,A019150,2021JJ00,3510.0
1085,A052807,A019150,2022JJ00,3656.0
1086,A052807,A019150,2023JJ00,3649.0
1087,A052807,A019150,2024JJ00,3914.0
1088,A052807,A019151,2021JJ00,6.0
1089,A052807,A019151,2022JJ00,0.0
1090,A052807,A019151,2023JJ00,0.0
1091,A052807,A019151,2024JJ00,0.0
1092,A052807,A019152,2021JJ00,3504.0
1093,A052807,A019152,2022JJ00,3656.0
1094,A052807,A019152,2023JJ00,3649.0
1095,A052807,A019152,2024JJ00,3914.0
1096,A052807,A019154,2021JJ00,0.0
1097,A052807,A019154,2022JJ00,0.0
1098,A052807,A019154,2023JJ00,0.0
1099,A052807,A019154,2024JJ00,0.0
1100,A052807,A019155,2021JJ00,
1101,A052807,A019155,2022JJ00,
1102,A052807,A019155,2023JJ00,
1103,A052807,A019155,2024JJ00,
1104,A052807,A019156,2021JJ00,3504.0
1105,A052807,A019156,2022JJ00,3656.0
1106,A052807,A019156,2023JJ00,3649.0
1107,A052807,A019156,2024JJ00,3914.0
1108,A052807,A041720,2021JJ00,974.0
1109,A052807,A041720,2022JJ00,964.0
1110,A052807,A041720,2023JJ00,993.0
1111,A052807,A041720,2024JJ00,1067.0
1112,A052807,A019157,2021JJ00,41.0
1113,A052807,A019157,2022JJ00,31.0
1114,A052807,A019157,2023JJ00,29.0
1115,A052807,A019157,2024JJ00,29.0
1116,A052807,A019158,2021JJ00,41.0
1117,A052807,A019158,2022JJ00,31.0
1118,A052807,A019158,2023JJ00,29.0
1119,A052807,A019158,2024JJ00,29.0
1120,A052807,A019161,2021JJ00,0.0
1121,A052807,A019161,2022JJ00,0.0
1122,A052807,A019161,2023JJ00,0.0
1123,A052807,A019161,2024JJ00,0.0
1124,A052807,A019162,2021JJ00,0.0
1125,A052807,A019162,2022JJ00,0.0
1126,A052807,A019162,2023JJ00,0.0
1127,A052807,A019162,2024JJ00,0.0
1128,A052807,A019163,2021JJ00,933.0
1129,A052807,A019163,2022JJ00,933.0
1130,A052807,A019163,2023JJ00,964.0
1131,A052807,A019163,2024JJ00,1038.0
1132,A052807,A019164,2021JJ00,214.0
1133,A052807,A019164,2022JJ00,220.0
1134,A052807,A019164,2023JJ00,260.0
1135,A052807,A019164,2024JJ00,307.0
1136,A052807,A019165,2021JJ00,718.0
1137,A052807,A019165,2022JJ00,713.0
1138,A052807,A019165,2023JJ00,704.0
1139,A052807,A019165,2024JJ00,731.0
1140,A052808,A019149,2021JJ00,3516.0
1141,A052808,A019149,2022JJ00,3355.0
1142,A052808,A019149,2023JJ00,3341.0
1143,A052808,A019149,2024JJ00,3541.0
1144,A052808,A019150,2021JJ00,1901.0
1145,A052808,A019150,2022JJ00,1764.0
1146,A052808,A019150,2023JJ00,1748.0
1147,A052808,A019150,2024JJ00,1879.0
1148,A052808,A019151,2021JJ00,342.0
1149,A052808,A019151,2022JJ00,137.0
1150,A052808,A019151,2023JJ00,0.0
1151,A052808,A019151,2024JJ00,0.0
1152,A052808,A019152,2021JJ00,1559.0
1153,A052808,A019152,2022JJ00,1627.0
1154,A052808,A019152,2023JJ00,1748.0
1155,A052808,A019152,2024JJ00,1879.0
1156,A052808,A019154,2021JJ00,193.0
1157,A052808,A019154,2022JJ00,198.0
1158,A052808,A019154,2023JJ00,244.0
1159,A052808,A019154,2024JJ00,239.0
1160,A052808,A019155,2021JJ00,
1161,A052808,A019155,2022JJ00,
1162,A052808,A019155,2023JJ00,
1163,A052808,A019155,2024JJ00,
1164,A052808,A019156,2021JJ00,1365.0
1165,A052808,A019156,2022JJ00,1430.0
1166,A052808,A019156,2023JJ00,1503.0
1167,A052808,A019156,2024JJ00,1640.0
1168,A052808,A041720,2021JJ00,1615.0
1169,A052808,A041720,2022JJ00,1591.0
1170,A052808,A041720,2023JJ00,1593.0
1171,A052808,A041720,2024JJ00,1662.0
1172,A052808,A019157,2021JJ00,275.0
1173,A052808,A019157,2022JJ00,209.0
1174,A052808,A019157,2023JJ00,188.0
1175,A052808,A019157,2024JJ00,191.0
1176,A052808,A019158,2021JJ00,220.0
1177,A052808,A019158,2022JJ00,209.0
1178,A052808,A019158,2023JJ00,188.0
1179,A052808,A019158,2024JJ00,191.0
1180,A052808,A019161,2021JJ00,0.0
1181,A052808,A019161,2022JJ00,0.0
1182,A052808,A019161,2023JJ00,0.0
1183,A052808,A019161,2024JJ00,0.0
1184,A052808,A019162,2021JJ00,54.0
1185,A052808,A019162,2022JJ00,0.0
1186,A052808,A019162,2023JJ00,0.0
1187,A052808,A019162,2024JJ00,0.0
1188,A052808,A019163,2021JJ00,1340.0
1189,A052808,A019163,2022JJ00,1382.0
1190,A052808,A019163,2023JJ00,1406.0
1191,A052808,A019163,2024JJ00,1471.0
1192,A052808,A019164,2021JJ00,1104.0
1193,A052808,A019164,2022JJ00,1141.0
1194,A052808,A019164,2023JJ00,1146.0
1195,A052808,A019164,2024JJ00,1197.0
1196,A052808,A019165,2021JJ00,236.0
1197,A052808,A019165,2022JJ00,241.0
1198,A052808,A019165,2023JJ00,260.0
1199,A052808,A019165,2024JJ00,274.0
1200,A052811,A019149,2021JJ00,6531.0
1201,A052811,A019149,2022JJ00,4227.0
1202,A052811,A019149,2023JJ00,3242.0
1203,A052811,A019149,2024JJ00,3092.0
1204,A052811,A019150,2021JJ00,5795.0
1205,A052811,A019150,2022JJ00,3472.0
1206,A052811,A019150,2023JJ00,2395.0
1207,A052811,A019150,2024JJ00,2161.0
1208,A052811,A019151,2021JJ00,5612.0
1209,A052811,A019151,2022JJ00,3254.0
1210,A052811,A019151,2023JJ00,2196.0
1211,A052811,A019151,2024JJ00,1949.0
1212,A052811,A019152,2021JJ00,182.0
1213,A052811,A019152,2022JJ00,217.0
1214,A052811,A019152,2023JJ00,199.0
1215,A052811,A019152,2024JJ00,212.0
1216,A052811,A019154,2021JJ00,4.0
1217,A052811,A019154,2022JJ00,4.0
1218,A052811,A019154,2023JJ00,5.0
1219,A052811,A019154,2024JJ00,6.0
1220,A052811,A019155,2021JJ00,
1221,A052811,A019155,2022JJ00,
1222,A052811,A019155,2023JJ00,
1223,A052811,A019155,2024JJ00,
1224,A052811,A019156,2021JJ00,178.0
1225,A052811,A019156,2022JJ00,213.0
1226,A052811,A019156,2023JJ00,194.0
1227,A052811,A019156,2024JJ00,206.0
1228,A052811,A041720,2021JJ00,737.0
1229,A052811,A041720,2022JJ00,755.0
1230,A052811,A041720,2023JJ00,846.0
1231,A052811,A041720,2024JJ00,931.0
1232,A052811,A019157,2021JJ00,691.0
1233,A052811,A019157,2022JJ00,721.0
1234,A052811,A019157,2023JJ00,813.0
1235,A052811,A019157,2024JJ00,896.0
1236,A052811,A019158,2021JJ00,1.0
1237,A052811,A019158,2022JJ00,0.0
1238,A052811,A019158,2023JJ00,1.0
1239,A052811,A019158,2024JJ00,1.0
1240,A052811,A019161,2021JJ00,0.0
1241,A052811,A019161,2022JJ00,0.0
1242,A052811,A019161,2023JJ00,0.0
1243,A052811,A019161,2024JJ00,0.0
1244,A052811,A019162,2021JJ00,690.0
1245,A052811,A019162,2022JJ00,721.0
1246,A052811,A019162,2023JJ00,812.0
1247,A052811,A019162,2024JJ00,895.0
1248,A052811,A019163,2021JJ00,46.0
1249,A052811,A019163,2022JJ00,34.0
1250,A052811,A019163,2023JJ00,33.0
1251,A052811,A019163,2024JJ00,35.0
1252,A052811,A019164,2021JJ00,35.0
1253,A052811,A019164,2022JJ00,21.0
1254,A052811,A019164,2023JJ00,22.0
1255,A052811,A019164,2024JJ00,23.0
1256,A052811,A019165,2021JJ00,11.0
1257,A052811,A019165,2022JJ00,13.0
1258,A052811,A019165,2023JJ00,11.0
1259,A052811,A019165,2024JJ00,11.0
1260,A052812,A019149,2021JJ00,3144.0
1261,A052812,A019149,2022JJ00,3147.0
1262,A052812,A019149,2023JJ00,3194.0
1263,A052812,A019149,2024JJ00,3436.0
1264,A052812,A019150,2021JJ00,2682.0
1265,A052812,A019150,2022JJ00,2659.0
1266,A052812,A019150,2023JJ00,2702.0
1267,A052812,A019150,2024JJ00,2949.0
1268,A052812,A019151,2021JJ00,1382.0
1269,A052812,A019151,2022JJ00,1265.0
1270,A052812,A019151,2023JJ00,1268.0
1271,A052812,A019151,2024JJ00,1413.0
1272,A052812,A019152,2021JJ00,1300.0
1273,A052812,A019152,2022JJ00,1394.0
1274,A052812,A019152,2023JJ00,1435.0
1275,A052812,A019152,2024JJ00,1537.0
1276,A052812,A019154,2021JJ00,265.0
1277,A052812,A019154,2022JJ00,291.0
1278,A052812,A019154,2023JJ00,305.0
1279,A052812,A019154,2024JJ00,328.0
1280,A052812,A019155,2021JJ00,
1281,A052812,A019155,2022JJ00,
1282,A052812,A019155,2023JJ00,
1283,A052812,A019155,2024JJ00,
1284,A052812,A019156,2021JJ00,1035.0
1285,A052812,A019156,2022JJ00,1103.0
1286,A052812,A019156,2023JJ00,1130.0
1287,A052812,A019156,2024JJ00,1209.0
1288,A052812,A041720,2021JJ00,462.0
1289,A052812,A041720,2022JJ00,488.0
1290,A052812,A041720,2023JJ00,492.0
1291,A052812,A041720,2024JJ00,487.0
1292,A052812,A019157,2021JJ00,462.0
1293,A052812,A019157,2022JJ00,488.0
1294,A052812,A019157,2023JJ00,492.0
1295,A052812,A019157,2024JJ00,487.0
1296,A052812,A019158,2021JJ00,462.0
1297,A052812,A019158,2022JJ00,488.0
1298,A052812,A019158,2023JJ00,492.0
1299,A052812,A019158,2024JJ00,487.0
1300,A052812,A019161,2021JJ00,0.0
1301,A052812,A019161,2022JJ00,0.0
1302,A052812,A019161,2023JJ00,0.0
1303,A052812,A019161,2024JJ00,0.0
1304,A052812,A019162,2021JJ00,0.0
1305,A052812,A019162,2022JJ00,0.0
1306,A052812,A019162,2023JJ00,0.0
1307,A052812,A019162,2024JJ00,0.0
1308,A052812,A019163,2021JJ00,0.0
1309,A052812,A019163,2022JJ00,0.0
1310,A052812,A019163,2023JJ00,0.0
1311,A052812,A019163,2024JJ00,0.0
1312,A052812,A019164,2021JJ00,0.0
1313,A052812,A019164,2022JJ00,0.0
1314,A052812,A019164,2023JJ00,0.0
1315,A052812,A019164,2024JJ00,0.0
1316,A052812,A019165,2021JJ00,0.0
1317,A052812,A019165,2022JJ00,0.0
1318,A052812,A019165,2023JJ00,0.0
1319,A052812,A019165,2024JJ00,0.0
1320,A052813,A019149,2021JJ00,885.0
1321,A052813,A019149,2022JJ00,810.0
1322,A052813,A019149,2023JJ00,762.0
1323,A052813,A019149,2024JJ00,871.0
1324,A052813,A019150,2021JJ00,885.0
1325,A052813,A019150,2022JJ00,810.0
1326,A052813,A019150,2023JJ00,762.0
1327,A052813,A019150,2024JJ00,871.0
1328,A052813,A019151,2021JJ00,885.0
1329,A052813,A019151,2022JJ00,810.0
1330,A052813,A019151,2023JJ00,762.0
1331,A052813,A019151,2024JJ00,871.0
1332,A052813,A019152,2021JJ00,0.0
1333,A052813,A019152,2022JJ00,0.0
1334,A052813,A019152,2023JJ00,0.0
1335,A052813,A019152,2024JJ00,0.0
1336,A052813,A019154,2021JJ00,0.0
1337,A052813,A019154,2022JJ00,0.0
1338,A052813,A019154,2023JJ00,0.0
1339,A052813,A019154,2024JJ00,0.0
1340,A052813,A019155,2021JJ00,
1341,A052813,A019155,2022JJ00,
1342,A052813,A019155,2023JJ00,
1343,A052813,A019155,2024JJ00,
1344,A052813,A019156,2021JJ00,0.0
1345,A052813,A019156,2022JJ00,0.0
1346,A052813,A019156,2023JJ00,0.0
1347,A052813,A019156,2024JJ00,0.0
1348,A052813,A041720,2021JJ00,0.0
1349,A052813,A041720,2022JJ00,0.0
1350,A052813,A041720,2023JJ00,0.0
1351,A052813,A041720,2024JJ00,0.0
1352,A052813,A019157,2021JJ00,0.0
1353,A052813,A019157,2022JJ00,0.0
1354,A052813,A019157,2023JJ00,0.0
1355,A052813,A019157,2024JJ00,0.0
1356,A052813,A019158,2021JJ00,0.0
1357,A052813,A019158,2022JJ00,0.0
1358,A052813,A019158,2023JJ00,0.0
1359,A052813,A019158,2024JJ00,0.0
1360,A052813,A019161,2021JJ00,0.0
1361,A052813,A019161,2022JJ00,0.0
1362,A052813,A019161,2023JJ00,0.0
1363,A052813,A019161,2024JJ00,0.0
1364,A052813,A019162,2021JJ00,0.0
1365,A052813,A019162,2022JJ00,0.0
1366,A052813,A019162,2023JJ00,0.0
1367,A052813,A019162,2024JJ00,0.0
1368,A052813,A019163,2021JJ00,0.0
1369,A052813,A019163,2022JJ00,0.0
1370,A052813,A019163,2023JJ00,0.0
1371,A052813,A019163,2024JJ00,0.0
1372,A052813,A019164,2021JJ00,0.0
1373,A052813,A019164,2022JJ00,0.0
1374,A052813,A019164,2023JJ00,0.0
1375,A052813,A019164,2024JJ00,0.0
1376,A052813,A019165,2021JJ00,0.0
1377,A052813,A019165,2022JJ00,0.0
1378,A052813,A019165,2023JJ00,0.0
1379,A052813,A019165,2024JJ00,0.0
1380,A052814,A019149,2021JJ00,1797.0
1381,A052814,A019149,2022JJ00,1849.0
1382,A052814,A019149,2023JJ00,1940.0
1383,A052814,A019149,2024JJ00,2078.0
1384,A052814,A019150,2021JJ00,1797.0
1385,A052814,A019150,2022JJ00,1849.0
1386,A052814,A019150,2023JJ00,1940.0
1387,A052814,A019150,2024JJ00,2078.0
1388,A052814,A019151,2021JJ00,496.0
1389,A052814,A019151,2022JJ00,455.0
1390,A052814,A019151,2023JJ00,505.0
1391,A052814,A019151,2024JJ00,541.0
1392,A052814,A019152,2021JJ00,1300.0
1393,A052814,A019152,2022JJ00,1394.0
1394,A052814,A019152,2023JJ00,1435.0
1395,A052814,A019152,2024JJ00,1537.0
1396,A052814,A019154,2021JJ00,265.0
1397,A052814,A019154,2022JJ00,291.0
1398,A052814,A019154,2023JJ00,305.0
1399,A052814,A019154,2024JJ00,328.0
1400,A052814,A019155,2021JJ00,
1401,A052814,A019155,2022JJ00,
1402,A052814,A019155,2023JJ00,
1403,A052814,A019155,2024JJ00,
1404,A052814,A019156,2021JJ00,1035.0
1405,A052814,A019156,2022JJ00,1103.0
1406,A052814,A019156,2023JJ00,1130.0
1407,A052814,A019156,2024JJ00,1209.0
1408,A052814,A041720,2021JJ00,0.0
1409,A052814,A041720,2022JJ00,0.0
1410,A052814,A041720,2023JJ00,0.0
1411,A052814,A041720,2024JJ00,0.0
1412,A052814,A019157,2021JJ00,0.0
1413,A052814,A019157,2022JJ00,0.0
1414,A052814,A019157,2023JJ00,0.0
1415,A052814,A019157,2024JJ00,0.0
1416,A052814,A019158,2021JJ00,0.0
1417,A052814,A019158,2022JJ00,0.0
1418,A052814,A019158,2023JJ00,0.0
1419,A052814,A019158,2024JJ00,0.0
1420,A052814,A019161,2021JJ00,0.0
1421,A052814,A019161,2022JJ00,0.0
1422,A052814,A019161,2023JJ00,0.0
1423,A052814,A019161,2024JJ00,0.0
1424,A052814,A019162,2021JJ00,0.0
1425,A052814,A019162,2022JJ00,0.0
1426,A052814,A019162,2023JJ00,0.0
1427,A052814,A019162,2024JJ00,0.0
1428,A052814,A019163,2021JJ00,0.0
1429,A052814,A019163,2022JJ00,0.0
1430,A052814,A019163,2023JJ00,0.0
1431,A052814,A019163,2024JJ00,0.0
1432,A052814,A019164,2021JJ00,0.0
1433,A052814,A019164,2022JJ00,0.0
1434,A052814,A019164,2023JJ00,0.0
1435,A052814,A019164,2024JJ00,0.0
1436,A052814,A019165,2021JJ00,0.0
1437,A052814,A019165,2022JJ00,0.0
1438,A052814,A019165,2023JJ00,0.0
1439,A052814,A019165,2024JJ00,0.0
1440,A052815,A019149,2021JJ00,462.0
1441,A052815,A019149,2022JJ00,488.0
1442,A052815,A019149,2023JJ00,492.0
1443,A052815,A019149,2024JJ00,487.0
1444,A052815,A019150,2021JJ00,0.0
1445,A052815,A019150,2022JJ00,0.0
1446,A052815,A019150,2023JJ00,0.0
1447,A052815,A019150,2024JJ00,0.0
1448,A052815,A019151,2021JJ00,0.0
1449,A052815,A019151,2022JJ00,0.0
1450,A052815,A019151,2023JJ00,0.0
1451,A052815,A019151,2024JJ00,0.0
1452,A052815,A019152,2021JJ00,0.0
1453,A052815,A019152,2022JJ00,0.0
1454,A052815,A019152,2023JJ00,0.0
1455,A052815,A019152,2024JJ00,0.0
1456,A052815,A019154,2021JJ00,0.0
1457,A052815,A019154,2022JJ00,0.0
1458,A052815,A019154,2023JJ00,0.0
1459,A052815,A019154,2024JJ00,0.0
1460,A052815,A019155,2021JJ00,
1461,A052815,A019155,2022JJ00,
1462,A052815,A019155,2023JJ00,
1463,A052815,A019155,2024JJ00,
1464,A052815,A019156,2021JJ00,0.0
1465,A052815,A019156,2022JJ00,0.0
1466,A052815,A019156,2023JJ00,0.0
1467,A052815,A019156,2024JJ00,0.0
1468,A052815,A041720,2021JJ00,462.0
1469,A052815,A041720,2022JJ00,488.0
1470,A052815,A041720,2023JJ00,492.0
1471,A052815,A041720,2024JJ00,487.0
1472,A052815,A019157,2021JJ00,462.0
1473,A052815,A019157,2022JJ00,488.0
1474,A052815,A019157,2023JJ00,492.0
1475,A052815,A019157,2024JJ00,487.0
1476,A052815,A019158,2021JJ00,462.0
1477,A052815,A019158,2022JJ00,488.0
1478,A052815,A019158,2023JJ00,492.0
1479,A052815,A019158,2024JJ00,487.0
1480,A052815,A019161,2021JJ00,0.0
1481,A052815,A019161,2022JJ00,0.0
1482,A052815,A019161,2023JJ00,0.0
1483,A052815,A019161,2024JJ00,0.0
1484,A052815,A019162,2021JJ00,0.0
1485,A052815,A019162,2022JJ00,0.0
1486,A052815,A019162,2023JJ00,0.0
1487,A052815,A019162,2024JJ00,0.0
1488,A052815,A019163,2021JJ00,0.0
1489,A052815,A019163,2022JJ00,0.0
1490,A052815,A019163,2023JJ00,0.0
1491,A052815,A019163,2024JJ00,0.0
1492,A052815,A019164,2021JJ00,0.0
1493,A052815,A019164,2022JJ00,0.0
1494,A052815,A019164,2023JJ00,0.0
1495,A052815,A019164,2024JJ00,0.0
1496,A052815,A019165,2021JJ00,0.0
1497,A052815,A019165,2022JJ00,0.0
1498,A052815,A019165,2023JJ00,0.0
1499,A052815,A019165,2024JJ00,0.0
1500,A052816,A019149,2021JJ00,0.0
1501,A052816,A019149,2022JJ00,0.0
1502,A052816,A019149,2023JJ00,0.0
1503,A052816,A019149,2024JJ00,0.0
1504,A052816,A019150,2021JJ00,0.0
1505,A052816,A019150,2022JJ00,0.0
1506,A052816,A019150,2023JJ00,0.0
1507,A052816,A019150,2024JJ00,0.0
1508,A052816,A019151,2021JJ00,0.0
1509,A052816,A019151,2022JJ00,0.0
1510,A052816,A019151,2023JJ00,0.0
1511,A052816,A019151,2024JJ00,0.0
1512,A052816,A019152,2021JJ00,0.0
1513,A052816,A019152,2022JJ00,0.0
1514,A052816,A019152,2023JJ00,0.0
1515,A052816,A019152,2024JJ00,0.0
1516,A052816,A019154,2021JJ00,0.0
1517,A052816,A019154,2022JJ00,0.0
1518,A052816,A019154,2023JJ00,0.0
1519,A052816,A019154,2024JJ00,0.0
1520,A052816,A019155,2021JJ00,
1521,A052816,A019155,2022JJ00,
1522,A052816,A019155,2023JJ00,
1523,A052816,A019155,2024JJ00,
1524,A052816,A019156,2021JJ00,0.0
1525,A052816,A019156,2022JJ00,0.0
1526,A052816,A019156,2023JJ00,0.0
1527,A052816,A019156,2024JJ00,0.0
1528,A052816,A041720,2021JJ00,0.0
1529,A052816,A041720,2022JJ00,0.0
1530,A052816,A041720,2023JJ00,0.0
1531,A052816,A041720,2024JJ00,0.0
1532,A052816,A019157,2021JJ00,0.0
1533,A052816,A019157,2022JJ00,0.0
1534,A052816,A019157,2023JJ00,0.0
1535,A052816,A019157,2024JJ00,0.0
1536,A052816,A019158,2021JJ00,0.0
1537,A052816,A019158,2022JJ00,0.0
1538,A052816,A019158,2023JJ00,0.0
1539,A052816,A019158,2024JJ00,0.0
1540,A052816,A019161,2021JJ00,0.0
1541,A052816,A019161,2022JJ00,0.0
1542,A052816,A019161,2023JJ00,0.0
1543,A052816,A019161,2024JJ00,0.0
1544,A052816,A019162,2021JJ00,0.0
1545,A052816,A019162,2022JJ00,0.0
1546,A052816,A019162,2023JJ00,0.0
1547,A052816,A019162,2024JJ00,0.0
1548,A052816,A019163,2021JJ00,0.0
1549,A052816,A019163,2022JJ00,0.0
1550,A052816,A019163,2023JJ00,0.0
1551,A052816,A019163,2024JJ00,0.0
1552,A052816,A019164,2021JJ00,0.0
1553,A052816,A019164,2022JJ00,0.0
1554,A052816,A019164,2023JJ00,0.0
1555,A052816,A019164,2024JJ00,0.0
1556,A052816,A019165,2021JJ00,0.0
1557,A052816,A019165,2022JJ00,0.0
1558,A052816,A019165,2023JJ00,0.0
1559,A052816,A019165,2024JJ00,0.0
1560,A052817,A019149,2021JJ00,2765.0
1561,A052817,A019149,2022JJ00,2731.0
1562,A052817,A019149,2023JJ00,2661.0
1563,A052817,A019149,2024JJ00,2861.0
1564,A052817,A019150,2021JJ00,1679.0
1565,A052817,A019150,2022JJ00,1573.0
1566,A052817,A019150,2023JJ00,1402.0
1567,A052817,A019150,2024JJ00,1512.0
1568,A052817,A019151,2021JJ00,789.0
1569,A052817,A019151,2022JJ00,674.0
1570,A052817,A019151,2023JJ00,427.0
1571,A052817,A019151,2024JJ00,482.0
1572,A052817,A019152,2021JJ00,890.0
1573,A052817,A019152,2022JJ00,899.0
1574,A052817,A019152,2023JJ00,975.0
1575,A052817,A019152,2024JJ00,1030.0
1576,A052817,A019154,2021JJ00,293.0
1577,A052817,A019154,2022JJ00,332.0
1578,A052817,A019154,2023JJ00,378.0
1579,A052817,A019154,2024JJ00,413.0
1580,A052817,A019155,2021JJ00,
1581,A052817,A019155,2022JJ00,
1582,A052817,A019155,2023JJ00,
1583,A052817,A019155,2024JJ00,
1584,A052817,A019156,2021JJ00,597.0
1585,A052817,A019156,2022JJ00,567.0
1586,A052817,A019156,2023JJ00,597.0
1587,A052817,A019156,2024JJ00,617.0
1588,A052817,A041720,2021JJ00,1086.0
1589,A052817,A041720,2022JJ00,1158.0
1590,A052817,A041720,2023JJ00,1259.0
1591,A052817,A041720,2024JJ00,1349.0
1592,A052817,A019157,2021JJ00,284.0
1593,A052817,A019157,2022JJ00,289.0
1594,A052817,A019157,2023JJ00,319.0
1595,A052817,A019157,2024JJ00,344.0
1596,A052817,A019158,2021JJ00,71.0
1597,A052817,A019158,2022JJ00,65.0
1598,A052817,A019158,2023JJ00,67.0
1599,A052817,A019158,2024JJ00,67.0
1600,A052817,A019161,2021JJ00,0.0
1601,A052817,A019161,2022JJ00,0.0
1602,A052817,A019161,2023JJ00,0.0
1603,A052817,A019161,2024JJ00,0.0
1604,A052817,A019162,2021JJ00,213.0
1605,A052817,A019162,2022JJ00,224.0
1606,A052817,A019162,2023JJ00,252.0
1607,A052817,A019162,2024JJ00,277.0
1608,A052817,A019163,2021JJ00,802.0
1609,A052817,A019163,2022JJ00,869.0
1610,A052817,A019163,2023JJ00,940.0
1611,A052817,A019163,2024JJ00,1005.0
1612,A052817,A019164,2021JJ00,774.0
1613,A052817,A019164,2022JJ00,841.0
1614,A052817,A019164,2023JJ00,910.0
1615,A052817,A019164,2024JJ00,975.0
1616,A052817,A019165,2021JJ00,28.0
1617,A052817,A019165,2022JJ00,28.0
1618,A052817,A019165,2023JJ00,31.0
1619,A052817,A019165,2024JJ00,31.0
1620,A052818,A019149,2021JJ00,157.0
1621,A052818,A019149,2022JJ00,139.0
1622,A052818,A019149,2023JJ00,129.0
1623,A052818,A019149,2024JJ00,132.0
1624,A052818,A019150,2021JJ00,157.0
1625,A052818,A019150,2022JJ00,139.0
1626,A052818,A019150,2023JJ00,129.0
1627,A052818,A019150,2024JJ00,132.0
1628,A052818,A019151,2021JJ00,0.0
1629,A052818,A019151,2022JJ00,0.0
1630,A052818,A019151,2023JJ00,0.0
1631,A052818,A019151,2024JJ00,0.0
1632,A052818,A019152,2021JJ00,157.0
1633,A052818,A019152,2022JJ00,139.0
1634,A052818,A019152,2023JJ00,129.0
1635,A052818,A019152,2024JJ00,132.0
1636,A052818,A019154,2021JJ00,0.0
1637,A052818,A019154,2022JJ00,0.0
1638,A052818,A019154,2023JJ00,0.0
1639,A052818,A019154,2024JJ00,0.0
1640,A052818,A019155,2021JJ00,
1641,A052818,A019155,2022JJ00,
1642,A052818,A019155,2023JJ00,
1643,A052818,A019155,2024JJ00,
1644,A052818,A019156,2021JJ00,157.0
1645,A052818,A019156,2022JJ00,139.0
1646,A052818,A019156,2023JJ00,129.0
1647,A052818,A019156,2024JJ00,132.0
1648,A052818,A041720,2021JJ00,0.0
1649,A052818,A041720,2022JJ00,0.0
1650,A052818,A041720,2023JJ00,0.0
1651,A052818,A041720,2024JJ00,0.0
1652,A052818,A019157,2021JJ00,0.0
1653,A052818,A019157,2022JJ00,0.0
1654,A052818,A019157,2023JJ00,0.0
1655,A052818,A019157,2024JJ00,0.0
1656,A052818,A019158,2021JJ00,0.0
1657,A052818,A019158,2022JJ00,0.0
1658,A052818,A019158,2023JJ00,0.0
1659,A052818,A019158,2024JJ00,0.0
1660,A052818,A019161,2021JJ00,0.0
1661,A052818,A019161,2022JJ00,0.0
1662,A052818,A019161,2023JJ00,0.0
1663,A052818,A019161,2024JJ00,0.0
1664,A052818,A019162,2021JJ00,0.0
1665,A052818,A019162,2022JJ00,0.0
1666,A052818,A019162,2023JJ00,0.0
1667,A052818,A019162,2024JJ00,0.0
1668,A052818,A019163,2021JJ00,0.0
1669,A052818,A019163,2022JJ00,0.0
1670,A052818,A019163,2023JJ00,0.0
1671,A052818,A019163,2024JJ00,0.0
1672,A052818,A019164,2021JJ00,0.0
1673,A052818,A019164,2022JJ00,0.0
1674,A052818,A019164,2023JJ00,0.0
1675,A052818,A019164,2024JJ00,0.0
1676,A052818,A019165,2021JJ00,0.0
1677,A052818,A019165,2022JJ00,0.0
1678,A052818,A019165,2023JJ00,0.0
1679,A052818,A019165,2024JJ00,0.0
1680,A052819,A019149,2021JJ00,2608.0
1681,A052819,A019149,2022JJ00,2592.0
1682,A052819,A019149,2023JJ00,2532.0
1683,A052819,A019149,2024JJ00,2729.0
1684,A052819,A019150,2021JJ00,1522.0
1685,A052819,A019150,2022JJ00,1434.0
1686,A052819,A019150,2023JJ00,1273.0
1687,A052819,A019150,2024JJ00,1380.0
1688,A052819,A019151,2021JJ00,789.0
1689,A052819,A019151,2022JJ00,674.0
1690,A052819,A019151,2023JJ00,427.0
1691,A052819,A019151,2024JJ00,482.0
1692,A052819,A019152,2021JJ00,733.0
1693,A052819,A019152,2022JJ00,760.0
1694,A052819,A019152,2023JJ00,846.0
1695,A052819,A019152,2024JJ00,897.0
1696,A052819,A019154,2021JJ00,293.0
1697,A052819,A019154,2022JJ00,332.0
1698,A052819,A019154,2023JJ00,378.0
1699,A052819,A019154,2024JJ00,413.0
1700,A052819,A019155,2021JJ00,
1701,A052819,A019155,2022JJ00,
1702,A052819,A019155,2023JJ00,
1703,A052819,A019155,2024JJ00,
1704,A052819,A019156,2021JJ00,439.0
1705,A052819,A019156,2022JJ00,428.0
1706,A052819,A019156,2023JJ00,468.0
1707,A052819,A019156,2024JJ00,484.0
1708,A052819,A041720,2021JJ00,1086.0
1709,A052819,A041720,2022JJ00,1158.0
1710,A052819,A041720,2023JJ00,1259.0
1711,A052819,A041720,2024JJ00,1349.0
1712,A052819,A019157,2021JJ00,284.0
1713,A052819,A019157,2022JJ00,289.0
1714,A052819,A019157,2023JJ00,319.0
1715,A052819,A019157,2024JJ00,344.0
1716,A052819,A019158,2021JJ00,71.0
1717,A052819,A019158,2022JJ00,65.0
1718,A052819,A019158,2023JJ00,67.0
1719,A052819,A019158,2024JJ00,67.0
1720,A052819,A019161,2021JJ00,0.0
1721,A052819,A019161,2022JJ00,0.0
1722,A052819,A019161,2023JJ00,0.0
1723,A052819,A019161,2024JJ00,0.0
1724,A052819,A019162,2021JJ00,213.0
1725,A052819,A019162,2022JJ00,224.0
1726,A052819,A019162,2023JJ00,252.0
1727,A052819,A019162,2024JJ00,277.0
1728,A052819,A019163,2021JJ00,802.0
1729,A052819,A019163,2022JJ00,869.0
1730,A052819,A019163,2023JJ00,940.0
1731,A052819,A019163,2024JJ00,1005.0
1732,A052819,A019164,2021JJ00,774.0
1733,A052819,A019164,2022JJ00,841.0
1734,A052819,A019164,2023JJ00,910.0
1735,A052819,A019164,2024JJ00,975.0
1736,A052819,A019165,2021JJ00,28.0
1737,A052819,A019165,2022JJ00,28.0
1738,A052819,A019165,2023JJ00,31.0
1739,A052819,A019165,2024JJ00,31.0
1740,A052820,A019149,2021JJ00,597.0
1741,A052820,A019149,2022JJ00,645.0
1742,A052820,A019149,2023JJ00,608.0
1743,A052820,A019149,2024JJ00,612.0
1744,A052820,A019150,2021JJ00,421.0
1745,A052820,A019150,2022JJ00,405.0
1746,A052820,A019150,2023JJ00,367.0
1747,A052820,A019150,2024JJ00,368.0
1748,A052820,A019151,2021JJ00,231.0
1749,A052820,A019151,2022JJ00,74.0
1750,A052820,A019151,2023JJ00,0.0
1751,A052820,A019151,2024JJ00,0.0
1752,A052820,A019152,2021JJ00,190.0
1753,A052820,A019152,2022JJ00,331.0
1754,A052820,A019152,2023JJ00,367.0
1755,A052820,A019152,2024JJ00,368.0
1756,A052820,A019154,2021JJ00,3.0
1757,A052820,A019154,2022JJ00,3.0
1758,A052820,A019154,2023JJ00,3.0
1759,A052820,A019154,2024JJ00,3.0
1760,A052820,A019155,2021JJ00,
1761,A052820,A019155,2022JJ00,
1762,A052820,A019155,2023JJ00,
1763,A052820,A019155,2024JJ00,
1764,A052820,A019156,2021JJ00,186.0
1765,A052820,A019156,2022JJ00,327.0
1766,A052820,A019156,2023JJ00,365.0
1767,A052820,A019156,2024JJ00,366.0
1768,A052820,A041720,2021JJ00,176.0
1769,A052820,A041720,2022JJ00,241.0
1770,A052820,A041720,2023JJ00,240.0
1771,A052820,A041720,2024JJ00,244.0
1772,A052820,A019157,2021JJ00,28.0
1773,A052820,A019157,2022JJ00,48.0
1774,A052820,A019157,2023JJ00,65.0
1775,A052820,A019157,2024JJ00,68.0
1776,A052820,A019158,2021JJ00,28.0
1777,A052820,A019158,2022JJ00,48.0
1778,A052820,A019158,2023JJ00,65.0
1779,A052820,A019158,2024JJ00,68.0
1780,A052820,A019161,2021JJ00,0.0
1781,A052820,A019161,2022JJ00,0.0
1782,A052820,A019161,2023JJ00,0.0
1783,A052820,A019161,2024JJ00,0.0
1784,A052820,A019162,2021JJ00,0.0
1785,A052820,A019162,2022JJ00,0.0
1786,A052820,A019162,2023JJ00,0.0
1787,A052820,A019162,2024JJ00,0.0
1788,A052820,A019163,2021JJ00,148.0
1789,A052820,A019163,2022JJ00,192.0
1790,A052820,A019163,2023JJ00,175.0
1791,A052820,A019163,2024JJ00,176.0
1792,A052820,A019164,2021JJ00,109.0
1793,A052820,A019164,2022JJ00,150.0
1794,A052820,A019164,2023JJ00,150.0
1795,A052820,A019164,2024JJ00,150.0
1796,A052820,A019165,2021JJ00,39.0
1797,A052820,A019165,2022JJ00,42.0
1798,A052820,A019165,2023JJ00,25.0
1799,A052820,A019165,2024JJ00,26.0
