ID,Cijfersoort,RegioS,Perioden,ContactMetHuisarts_1,ContactMetEenSpecialist_2,ContactMetDeTandarts_3,ContactMetEenFysiotherapeut_4,ContactMetRIAGG_5,MedicijngebruikOpRecept_6,MedicijngebruikNietOpRecept_7,GebruikVanDeAnticonceptiepil_8,MinderDanGoed_9,HogeBloeddruk_10,Migraine_11,AstmaChronischeBronchitisCARA_12,Gewrichtsslijtage_13,SuikerziekteTotaal_14,SuikerziekteType1_15,SuikerziekteType2_16,Rugaandoening_17,OoitBeroerteGehad_18,OoitHartinfarctGehad_19,MentalHealthInventory_20,Minstens1MalaiseKlacht_21,Moeheid_22,Slapeloosheid_23,PersonenMet1OfMeerOESOScores_24,Beweeglijkheid_25,Rokers_26,RokersMan_27,RokersVrouw_28,ZwareRokersOnderBevolking_29,ZwareRokersOnderBevolkingMan_30,ZwareRokersOnderBevolkingVrouw_31,DrinktNooitAlcohol_32,ZwareOfOvermatigeDrinker_33,VoldoenAanNormGezondBewegen_34,Ondergewicht_35,NormaalGewicht_36,OvergewichtTotaal_37,MatigOvergewicht_38,ErnstigOvergewicht_39,OvergewichtManTotaal_40,MatigOvergewichtMan_41,ErnstigOvergewichtMan_42,OvergewichtVrouwTotaal_43,MatigOvergewichtVrouw_44,ErnstigOvergewichtVrouw_45,GeenGebitsprothese_46,KunstgebitBovenEnOnder_47,Baarmoederhalskanker30JaarOfOuder_48,Borstkanker50JaarOfOuder_49
0,1,NL00,2007X001 ,72.8,40.0,78.1,17.6,1.4,37.4,39.1,38.6,19.5,11.1,12.1,7.6,9.7,3.5,0.7,2.8,8.8,1.8,2.3,10.0,71.6,44.8,22.2,12.6,8.1,29.3,33.2,25.5,7.3,8.6,6.0,19.0,18.1,54.4,1.7,52.4,45.9,34.9,11.0,51.0,41.1,9.9,40.8,28.7,12.1,67.8,13.2,67.5,77.2
1,1,NL00,2005X002 ,72.8,40.6,78.0,18.3,1.4,38.1,39.4,38.2,19.4,11.8,12.0,7.7,9.8,3.7,0.7,2.9,8.7,1.9,2.1,9.6,72.2,45.6,22.4,12.5,7.9,28.7,32.5,25.0,7.1,8.6,5.7,18.9,17.8,55.4,1.8,52.3,45.9,34.9,11.1,51.2,41.2,10.0,40.7,28.6,12.1,68.4,12.7,67.4,77.3
2,1,LD01,2007X001 ,71.3,38.9,75.0,16.2,1.0,39.0,40.9,38.1,19.7,12.4,12.6,8.8,9.6,3.7,1.0,2.8,9.2,2.2,2.5,8.9,72.5,43.7,21.1,12.8,8.5,31.5,35.1,28.1,6.9,8.0,5.8,21.1,18.4,56.5,1.4,50.9,47.7,35.8,11.8,51.2,40.7,10.5,44.3,31.2,13.1,64.9,17.9,66.1,76.5
3,1,LD01,2005X002 ,70.7,40.4,75.6,17.0,0.9,39.1,41.3,38.4,19.0,12.8,11.9,8.3,9.5,4.0,1.0,2.9,8.8,2.4,2.2,8.3,73.1,44.0,21.1,12.0,7.8,30.8,34.4,27.3,6.9,8.4,5.5,21.3,17.3,57.6,1.5,51.4,47.1,35.4,11.7,51.0,40.7,10.3,43.4,30.4,13.0,65.5,17.5,65.4,77.5
4,1,LD02,2007X001 ,71.0,38.9,79.1,17.2,1.2,35.9,39.7,37.1,18.4,10.9,11.0,7.4,9.3,3.3,0.7,2.6,8.3,1.6,2.1,8.8,71.0,43.8,21.7,12.0,7.6,28.9,32.3,25.5,6.8,7.7,6.0,18.7,18.7,56.0,1.6,49.8,48.6,36.5,12.1,53.6,42.9,10.6,43.5,29.9,13.6,68.2,13.2,67.8,79.9
5,1,LD02,2005X002 ,71.4,39.2,78.7,18.1,1.4,37.1,40.0,37.2,18.5,11.6,11.1,7.8,9.5,3.5,0.8,2.7,8.1,1.8,2.1,8.6,71.9,45.1,21.9,12.1,7.4,28.6,31.7,25.4,6.5,7.6,5.4,18.3,18.1,57.4,1.6,50.2,48.2,36.2,12.0,53.6,43.3,10.3,42.8,29.0,13.8,69.1,13.0,67.3,79.4
6,1,LD03,2007X001 ,73.1,40.3,78.0,18.2,1.7,37.2,39.7,38.6,19.6,11.1,12.3,7.5,9.7,3.4,0.6,2.7,8.7,1.7,2.2,10.6,72.6,47.2,23.0,12.4,8.1,29.1,33.6,24.7,7.1,8.9,5.3,18.9,17.4,54.0,1.9,53.9,44.2,34.2,10.0,49.2,40.3,8.9,39.3,28.2,11.1,68.8,11.5,67.0,75.0
7,1,LD03,2005X002 ,73.0,40.8,78.1,18.6,1.6,37.7,39.8,37.8,19.5,11.7,12.3,7.6,9.7,3.6,0.7,3.0,8.7,1.8,1.9,10.1,73.2,47.8,23.1,12.1,7.9,28.1,32.5,23.9,7.1,8.9,5.3,18.7,17.1,55.0,2.0,53.7,44.3,34.0,10.3,49.6,40.1,9.5,39.2,28.0,11.1,69.6,10.9,67.8,75.7
8,1,LD04,2007X001 ,74.6,40.9,78.7,17.5,1.3,38.6,36.4,40.3,20.1,10.8,12.3,7.3,10.1,3.6,0.7,2.9,9.3,2.0,2.5,10.6,69.6,40.9,21.5,13.4,8.2,29.1,32.5,25.8,8.4,9.3,7.5,18.5,19.0,52.8,1.6,52.3,46.1,34.5,11.6,52.2,41.4,10.8,40.0,27.5,12.5,66.6,14.3,69.2,79.5
9,1,LD04,2005X002 ,74.6,41.6,78.4,18.4,1.2,39.6,37.0,40.3,20.1,11.7,12.0,7.6,10.7,3.8,0.7,3.1,9.4,2.2,2.6,10.3,70.1,42.1,21.9,14.1,8.6,29.1,32.3,25.8,8.1,8.9,7.1,18.9,19.1,53.3,1.6,51.7,46.7,35.3,11.4,52.4,41.9,10.5,40.7,28.4,12.4,66.7,14.2,67.5,78.7
10,1,PV20,2007X001 ,72.4,37.9,74.9,16.5,1.5,39.3,42.8,39.9,20.4,11.7,14.1,9.2,9.9,4.0,0.8,3.1,9.0,1.6,1.8,10.3,71.3,42.7,20.5,14.0,10.0,33.2,36.1,30.5,8.1,9.7,6.5,21.1,19.1,57.4,1.3,51.1,47.6,35.5,12.1,50.9,39.6,11.4,44.3,31.6,12.8,69.9,16.1,65.6,75.1
11,1,PV20,2005X002 ,71.5,41.2,75.6,16.7,1.3,40.0,43.5,42.0,20.3,11.8,14.0,8.4,9.5,4.3,1.0,3.2,8.1,1.8,1.7,9.1,73.0,43.5,20.1,12.3,8.1,32.0,36.1,28.2,8.0,9.7,6.3,22.1,17.2,58.6,1.3,52.1,46.7,35.6,11.1,49.6,39.6,9.9,43.7,31.4,12.3,69.6,15.7,65.1,77.5
12,1,PV21,2007X001 ,68.9,38.3,73.8,15.9,0.7,38.2,39.0,38.5,19.6,13.0,11.1,7.6,10.2,4.0,1.1,2.8,9.3,2.7,3.0,8.6,72.6,46.0,22.6,12.6,8.1,30.0,34.7,25.6,5.3,6.4,4.3,21.0,18.3,54.9,1.3,51.8,46.9,36.3,10.6,50.7,41.1,9.6,43.3,31.8,11.5,62.6,20.1,65.5,76.5
13,1,PV21,2005X002 ,68.1,38.7,74.5,16.3,0.5,38.3,39.7,37.2,18.4,13.6,10.3,8.1,9.9,4.2,1.1,3.0,8.8,3.1,2.6,8.1,72.2,46.4,21.9,11.3,7.6,29.3,33.4,25.6,5.8,6.8,4.9,20.1,16.7,55.9,1.8,52.9,45.3,34.7,10.6,48.8,39.4,9.4,42.1,30.4,11.7,64.1,19.7,64.1,79.0
14,1,PV22,2007X001 ,73.3,40.9,76.7,16.2,0.8,39.5,41.2,35.3,19.1,12.4,12.8,10.1,8.4,3.2,1.0,2.3,9.2,2.1,2.6,7.8,73.9,41.7,19.7,11.6,7.1,31.4,34.4,28.6,7.5,8.0,6.9,21.3,17.7,57.7,1.6,49.6,48.8,35.6,13.1,52.3,41.7,10.6,45.5,30.0,15.5,61.9,17.4,67.4,78.1
15,1,PV22,2005X002 ,73.0,41.7,77.0,18.1,0.9,39.0,40.7,35.0,18.4,12.9,11.8,8.4,8.9,3.5,1.0,2.5,9.5,2.2,2.1,7.5,74.3,41.6,21.1,12.5,7.6,31.3,33.9,28.7,7.0,8.9,5.2,21.8,18.1,58.6,1.5,48.4,50.1,36.2,13.9,55.6,43.6,12.0,44.6,29.0,15.7,62.2,16.6,67.3,75.5
16,1,PV23,2007X001 ,69.9,38.6,77.9,17.3,1.1,34.0,36.8,37.6,17.6,10.2,10.6,7.4,8.9,3.6,0.9,2.7,7.9,1.5,1.6,8.6,68.8,42.2,21.1,11.9,7.2,30.7,33.8,27.6,6.8,6.8,6.9,17.8,20.2,57.6,2.0,51.7,46.4,34.6,11.8,52.7,42.5,10.2,39.8,26.3,13.5,67.8,14.1,66.9,77.5
17,1,PV23,2005X002 ,70.0,38.3,77.0,17.9,1.3,35.8,37.8,35.8,18.1,11.5,10.7,7.8,9.2,3.8,1.0,2.8,7.9,1.8,1.9,7.9,69.6,43.2,22.0,12.2,7.2,31.2,32.7,29.7,6.7,6.6,6.8,17.0,20.9,58.8,2.0,50.2,47.8,35.9,11.9,53.4,43.2,10.2,42.0,28.2,13.8,67.8,15.0,67.5,78.2
18,1,PV24,2007X001 ,74.4,39.8,78.9,16.6,0.8,35.0,41.3,33.4,18.6,10.1,11.7,8.0,8.1,2.9,0.5,2.4,8.1,1.2,1.8,9.5,75.3,48.4,22.3,11.9,8.4,27.1,28.6,25.4,7.6,9.7,5.3,20.1,16.5,49.9,1.5,45.6,52.8,38.4,14.5,53.3,42.7,10.6,52.3,33.5,18.8,69.5,11.2,66.4,82.8
19,1,PV24,2005X002 ,75.0,41.8,80.7,17.1,1.0,34.7,40.8,32.6,18.4,9.9,11.6,8.1,6.9,2.7,0.4,2.4,8.3,1.5,1.7,10.0,74.4,49.4,22.9,11.4,7.4,26.6,29.4,23.3,6.9,9.5,4.0,19.4,16.3,54.0,1.6,48.1,50.3,36.3,14.1,50.9,40.7,10.2,49.7,31.3,18.4,74.0,8.5,69.7,88.2
20,1,PV25,2007X001 ,70.9,39.0,79.7,17.3,1.3,37.2,41.0,37.5,18.9,11.5,11.0,7.4,9.7,3.3,0.6,2.7,8.5,1.8,2.4,8.8,71.5,43.8,22.0,12.2,7.6,28.2,32.2,24.4,6.7,7.8,5.6,19.0,18.2,56.3,1.4,49.5,49.0,37.2,11.8,54.1,43.3,10.9,44.0,31.2,12.8,68.2,13.0,68.5,80.7
21,1,PV25,2005X002 ,71.6,39.3,79.4,18.5,1.5,38.2,41.2,38.9,18.7,12.0,11.2,7.7,10.1,3.5,0.8,2.7,8.2,1.8,2.3,8.8,72.7,45.4,21.7,12.2,7.5,27.4,31.6,23.4,6.3,7.8,4.8,18.7,16.9,57.2,1.4,50.6,48.0,36.3,11.7,54.3,43.9,10.4,42.1,29.1,13.0,69.0,12.6,66.9,78.6
22,1,PV26,2007X001 ,71.1,37.6,78.6,19.5,1.3,36.3,45.3,40.0,17.7,10.7,11.9,7.2,8.6,2.6,0.7,1.9,7.9,1.6,2.1,9.1,74.2,48.9,21.8,10.8,7.0,28.1,32.2,24.1,6.6,9.1,4.3,17.5,17.1,57.4,2.1,55.3,42.6,32.0,10.6,48.6,38.2,10.4,36.8,26.2,10.7,71.1,10.5,70.5,76.1
23,1,PV26,2005X002 ,70.9,37.8,79.3,19.7,1.3,35.5,44.3,37.8,17.7,10.9,11.8,7.0,7.7,3.3,0.7,2.6,7.2,1.6,1.8,9.1,74.4,48.7,21.7,9.8,6.1,27.5,32.6,22.6,6.5,8.8,4.4,17.6,16.0,57.6,2.5,55.1,42.4,32.1,10.3,47.7,38.1,9.7,37.3,26.4,10.9,72.3,9.9,71.2,80.2
24,1,PV27,2007X001 ,73.0,40.8,78.2,17.9,1.7,36.6,40.3,40.5,19.5,11.5,12.3,7.9,10.2,3.5,0.6,2.9,9.1,1.7,2.2,11.5,72.9,47.2,23.9,13.4,8.4,29.9,35.2,24.9,7.5,9.8,5.4,16.7,19.5,54.6,1.9,55.1,43.1,34.3,8.8,47.7,40.0,7.7,38.6,28.7,9.8,68.6,11.9,65.9,74.1
25,1,PV27,2005X002 ,73.2,40.9,78.9,18.5,1.7,36.7,40.9,39.1,19.1,11.8,12.6,7.8,10.2,3.4,0.5,2.9,8.9,1.8,2.0,11.0,74.0,48.2,24.7,12.9,8.1,28.4,33.4,23.7,7.5,9.9,5.3,16.4,19.7,56.0,1.8,54.9,43.3,33.9,9.4,48.4,40.2,8.1,38.3,27.8,10.5,70.4,10.3,66.6,75.0
26,1,PV28,2007X001 ,74.1,41.1,77.6,17.9,2.0,37.8,38.4,36.9,20.1,10.7,12.7,7.3,9.3,3.6,0.6,2.9,8.8,1.8,2.1,10.5,72.8,47.5,23.1,12.1,8.1,28.7,32.6,24.8,6.9,8.2,5.6,21.3,16.2,52.0,1.8,52.8,45.4,34.5,10.9,50.2,40.6,9.6,40.6,28.5,12.1,68.5,11.4,66.7,75.4
27,1,PV28,2005X002 ,73.9,41.9,77.1,18.2,1.7,38.8,38.7,36.2,20.1,11.7,12.7,7.5,9.5,4.0,0.7,3.2,8.9,1.8,1.9,9.9,73.0,48.2,22.7,12.1,8.3,28.1,31.8,24.5,6.9,8.3,5.6,21.1,15.8,53.2,1.9,52.6,45.5,34.4,11.1,50.8,40.1,10.7,40.5,29.0,11.5,68.4,11.3,67.4,74.5
28,1,PV29,2007X001 ,70.1,38.9,77.7,17.8,0.5,38.4,29.9,38.4,21.0,13.2,9.9,7.8,13.5,2.7,0.7,2.0,8.3,1.6,2.5,9.9,63.4,39.5,20.4,12.9,8.1,29.5,35.3,24.1,6.9,8.7,5.2,16.5,14.0,56.8,1.8,52.1,46.1,36.8,9.4,51.6,44.8,6.8,40.7,28.8,11.9,65.7,13.7,66.7,76.3
29,1,PV29,2005X002 ,70.1,38.7,77.3,19.0,0.4,41.3,27.9,43.7,23.2,13.2,9.4,8.3,14.2,3.2,0.9,2.3,9.0,1.8,2.6,8.5,64.5,39.5,19.7,12.5,7.0,27.5,31.6,23.4,6.7,7.4,6.1,15.8,14.4,56.8,1.8,51.5,46.7,36.5,10.2,54.0,45.7,8.3,38.8,26.5,12.3,66.3,14.1,69.6,77.7
30,1,PV30,2007X001 ,73.9,39.1,79.4,17.1,1.1,36.9,35.6,39.8,18.0,10.0,11.5,7.1,9.5,3.6,0.7,2.9,8.7,1.6,2.1,10.4,67.6,39.8,20.3,12.9,7.9,29.2,32.4,26.0,8.3,8.9,7.7,18.1,19.2,54.1,1.5,52.9,45.6,34.3,11.4,51.0,40.5,10.4,40.2,27.9,12.3,67.3,14.5,70.5,80.4
31,1,PV30,2005X002 ,73.9,40.2,78.5,18.5,1.0,38.4,36.4,39.3,18.4,11.0,11.4,7.5,10.2,3.6,0.7,3.0,8.8,2.0,2.2,10.1,68.5,41.3,20.7,13.6,8.3,29.1,32.5,25.6,8.0,9.0,7.0,18.3,19.4,54.4,1.4,52.7,45.8,34.9,10.9,51.0,41.2,9.8,40.4,28.3,12.1,67.3,14.7,68.4,79.0
32,1,PV31,2007X001 ,76.1,44.7,77.2,18.3,1.7,42.1,38.0,41.5,24.6,12.4,14.1,7.7,11.3,3.8,0.8,3.0,10.6,2.8,3.4,10.9,73.7,43.5,23.9,14.3,9.0,29.0,32.7,25.3,8.6,10.3,7.0,19.2,18.7,50.2,1.8,51.0,47.2,35.0,12.2,54.5,43.0,11.5,39.7,26.9,12.8,65.1,14.0,66.7,77.7
33,1,PV31,2005X002 ,76.1,44.8,78.0,18.3,1.6,42.2,38.2,42.4,23.8,13.0,13.2,7.8,11.6,4.1,0.8,3.3,10.6,2.7,3.5,10.6,73.7,43.8,24.3,15.0,9.3,29.1,32.0,26.2,8.1,8.7,7.4,20.2,18.5,51.0,1.8,49.7,48.5,36.1,12.4,55.4,43.3,12.0,41.3,28.5,12.8,65.5,13.2,65.6,78.1
34,1,1   ,2007X001 ,73.3,40.9,76.7,16.2,0.8,39.5,41.2,35.3,19.1,12.4,12.8,10.1,8.4,3.2,1.0,2.3,9.2,2.1,2.6,7.8,73.9,41.7,19.7,11.6,7.1,31.4,34.4,28.6,7.5,8.0,6.9,21.3,17.7,57.7,1.6,49.6,48.8,35.6,13.1,52.3,41.7,10.6,45.5,30.0,15.5,61.9,17.4,67.4,78.1
35,1,1   ,2005X002 ,73.0,41.7,77.0,18.1,0.9,39.0,40.7,35.0,18.4,12.9,11.8,8.4,8.9,3.5,1.0,2.5,9.5,2.2,2.1,7.5,74.3,41.6,21.1,12.5,7.6,31.3,33.9,28.7,7.0,8.9,5.2,21.8,18.1,58.6,1.5,48.4,50.1,36.2,13.9,55.6,43.6,12.0,44.6,29.0,15.7,62.2,16.6,67.3,75.5
36,1,2   ,2007X001 ,66.8,33.9,74.9,14.4,1.1,33.0,37.3,39.7,16.6,11.2,11.5,6.2,7.0,3.3,0.8,2.5,6.9,1.6,1.5,7.5,66.2,39.6,19.6,12.0,7.1,30.2,34.0,26.4,5.8,5.4,6.2,18.2,19.6,56.4,1.3,52.1,46.5,34.2,12.4,54.4,43.9,10.5,38.8,24.5,14.3,65.7,16.6,69.2,82.1
37,1,2   ,2005X002 ,67.4,33.9,75.1,14.3,1.6,35.1,38.5,38.6,17.0,12.6,11.3,6.6,7.6,3.7,0.8,2.8,6.5,2.0,1.8,6.6,66.6,40.7,20.5,12.6,6.5,29.9,30.9,28.8,5.9,6.0,5.7,17.8,19.9,58.8,1.1,52.0,46.9,33.7,13.1,54.3,43.7,10.7,39.2,23.6,15.6,65.2,16.5,68.1,82.5
38,1,3   ,2007X001 ,70.8,41.8,79.0,19.6,1.1,35.3,36.8,35.9,19.2,10.2,10.4,7.8,10.7,3.8,1.0,2.8,8.8,1.5,2.0,9.7,70.9,43.0,22.1,13.1,8.4,30.4,32.4,28.3,7.1,6.8,7.4,17.8,20.3,58.8,2.1,49.8,48.1,36.1,12.0,53.7,42.8,10.8,42.3,29.2,13.2,67.5,13.2,65.6,75.4
39,1,3   ,2005X002 ,70.7,41.3,77.6,20.3,1.2,36.8,37.3,34.0,19.6,11.2,10.1,8.3,10.9,3.9,1.1,2.8,8.8,1.7,2.2,9.1,72.1,44.3,23.1,12.9,8.2,31.9,32.7,31.1,7.1,6.2,8.1,16.3,21.5,59.8,2.0,48.5,49.4,37.8,11.6,53.9,43.1,10.8,44.7,32.2,12.5,68.1,14.5,68.1,76.3
40,1,4   ,2007X001 ,71.3,38.3,80.6,17.1,1.5,37.7,41.4,35.3,19.0,10.5,10.1,6.9,9.7,2.9,0.2,2.7,8.0,1.4,2.0,8.6,72.7,46.6,22.6,12.2,6.6,29.3,34.1,24.7,6.3,7.8,4.9,18.6,16.7,56.6,2.0,49.4,48.6,37.8,10.8,52.7,42.6,10.1,44.6,33.2,11.4,68.7,12.1,67.4,80.6
41,1,4   ,2005X002 ,73.0,38.2,80.7,18.8,1.7,38.2,42.0,39.5,17.5,10.0,11.7,6.8,9.2,2.8,0.2,2.6,7.5,1.5,1.8,8.3,74.6,48.5,22.5,11.5,5.6,28.7,35.0,23.1,6.1,7.5,4.8,20.0,14.8,57.5,1.2,53.9,44.9,35.1,9.8,50.8,41.5,9.4,39.7,29.4,10.2,70.5,11.7,67.0,79.7
42,1,5   ,2007X001 ,72.1,40.4,78.8,15.7,0.8,37.8,38.2,42.3,17.4,13.1,10.8,7.4,10.1,2.8,0.3,2.5,7.2,2.0,3.1,7.6,69.4,41.6,19.2,11.0,7.4,28.8,34.3,23.2,8.7,9.5,7.8,20.0,18.6,50.0,0.2,46.9,53.0,37.9,15.1,60.2,47.6,12.6,45.6,27.9,17.6,67.9,13.5,70.8,78.8
43,1,5   ,2005X002 ,72.9,42.8,79.9,17.5,0.3,38.5,37.6,38.9,17.0,11.9,10.3,8.6,10.7,3.1,1.3,1.8,8.2,2.0,3.1,8.4,70.6,44.8,20.4,15.3,9.9,27.0,30.9,23.1,7.3,8.4,6.2,19.0,17.3,49.8,1.2,45.3,53.5,38.7,14.9,60.2,46.7,13.5,46.9,30.7,16.2,67.8,12.5,68.8,70.9
44,1,6   ,2007X001 ,71.4,39.2,82.1,16.8,1.1,37.5,40.1,40.5,19.1,10.9,13.7,8.0,9.9,4.0,0.8,3.2,8.5,2.1,2.7,8.4,73.9,44.7,22.5,13.3,9.0,27.9,34.3,22.1,5.7,6.8,4.8,18.1,18.5,53.6,2.1,53.3,44.5,34.1,10.4,48.2,38.1,10.1,40.9,30.2,10.7,72.3,10.8,67.0,78.2
45,1,6   ,2005X002 ,70.9,39.6,82.2,17.0,1.2,38.0,40.6,41.1,19.4,12.7,13.7,9.5,10.3,4.4,0.7,3.6,8.2,1.9,2.4,8.2,74.1,44.0,23.1,11.3,7.1,27.8,33.4,22.3,5.6,7.2,4.1,16.3,19.4,56.4,2.1,54.2,43.7,33.2,10.5,52.5,43.0,9.5,34.7,23.2,11.5,71.4,8.5,67.4,78.1
46,1,7   ,2007X001 ,74.4,39.8,78.9,16.6,0.8,35.0,41.3,33.4,18.6,10.1,11.7,8.0,8.1,2.9,0.5,2.4,8.1,1.2,1.8,9.5,75.3,48.4,22.3,11.9,8.4,27.1,28.6,25.4,7.6,9.7,5.3,20.1,16.5,49.9,1.5,45.6,52.8,38.4,14.5,53.3,42.7,10.6,52.3,33.5,18.8,69.5,11.2,66.4,82.8
47,1,7   ,2005X002 ,75.0,41.8,80.7,17.1,1.0,34.7,40.8,32.6,18.4,9.9,11.6,8.1,6.9,2.7,0.4,2.4,8.3,1.5,1.7,10.0,74.4,49.4,22.9,11.4,7.4,26.6,29.4,23.3,6.9,9.5,4.0,19.4,16.3,54.0,1.6,48.1,50.3,36.3,14.1,50.9,40.7,10.2,49.7,31.3,18.4,74.0,8.5,69.7,88.2
48,1,8   ,2007X001 ,70.6,34.3,78.6,18.9,2.2,38.7,45.3,29.7,16.5,12.7,10.6,5.8,8.1,2.0,1.0,1.0,6.0,2.1,2.9,7.9,70.1,45.9,22.3,9.8,6.6,28.4,32.0,24.9,5.8,7.6,3.9,16.9,20.1,54.9,1.2,51.4,47.4,35.9,11.5,54.8,41.6,13.2,39.8,30.1,9.7,70.7,10.3,68.9,71.3
49,1,8   ,2005X002 ,,,,,,,,,,,,,,,,,,,,,,,,,,,,,,,,,,,,,,,,,,,,,,,,,
50,1,9   ,2007X001 ,72.0,36.8,76.1,20.3,1.8,33.7,46.9,46.2,19.0,7.8,12.6,7.4,6.3,1.7,0.6,1.1,7.2,0.9,2.4,11.8,78.0,54.6,24.2,9.1,6.1,31.5,36.1,27.2,6.6,9.4,4.2,16.2,17.4,62.2,3.8,61.7,34.5,26.9,7.5,40.5,33.6,6.9,28.9,20.8,8.1,78.3,8.3,72.4,70.7
51,1,9   ,2005X002 ,69.5,37.1,77.1,18.9,2.1,33.4,46.2,42.1,20.2,8.3,13.7,7.9,6.0,2.8,0.5,2.3,7.0,1.1,1.7,10.1,76.9,53.7,22.4,7.9,5.6,31.3,36.4,26.5,7.3,10.0,4.7,16.1,16.5,60.1,3.8,61.2,35.0,26.7,8.4,39.5,33.1,6.4,30.4,20.1,10.3,78.8,7.5,71.9,76.8
52,1,10  ,2007X001 ,71.1,41.1,80.5,19.2,1.4,35.6,38.3,39.8,19.7,11.8,10.4,8.4,10.2,2.8,0.3,2.5,9.4,1.4,2.6,10.2,73.3,44.0,24.3,11.1,6.8,29.1,35.4,22.9,8.5,12.3,4.9,17.1,20.5,54.8,1.4,53.6,45.0,34.8,10.2,50.3,40.3,10.0,39.7,29.3,10.4,68.5,11.4,67.9,70.8
53,1,10  ,2005X002 ,72.2,40.5,80.5,20.4,1.8,36.2,39.3,41.7,18.2,12.6,11.0,8.0,10.4,2.3,0.2,2.0,8.7,1.4,2.1,9.2,73.6,45.8,24.4,11.1,6.5,28.0,33.0,23.3,9.2,12.7,6.0,16.8,20.5,56.5,1.2,53.8,44.9,34.8,10.1,52.6,42.9,9.7,37.7,27.1,10.6,69.9,10.3,68.1,70.8
54,1,11  ,2007X001 ,75.1,42.8,74.8,17.1,1.9,37.1,39.3,39.9,20.8,11.9,15.3,8.5,10.5,3.8,0.5,3.3,9.3,2.1,2.1,13.3,74.7,51.7,25.7,17.2,11.4,32.0,38.6,26.1,8.1,10.3,6.1,17.7,18.5,50.6,2.0,56.5,41.5,34.4,7.1,46.5,41.2,5.3,36.8,28.1,8.7,70.9,10.5,63.4,73.5
55,1,11  ,2005X002 ,74.5,41.8,76.6,17.1,2.0,36.4,40.1,35.6,19.7,11.6,15.2,8.3,10.3,3.1,0.2,2.9,9.1,2.1,2.1,13.2,75.2,51.2,26.7,15.5,10.5,29.7,37.6,22.3,7.4,10.2,4.8,17.0,17.5,52.2,2.0,57.5,40.5,32.7,7.8,46.1,40.0,6.1,35.1,25.6,9.5,73.8,8.1,64.8,75.6
56,1,12  ,2007X001 ,75.5,43.7,77.7,21.8,3.5,42.2,45.8,40.3,19.8,10.0,13.8,11.1,10.7,4.4,1.0,3.4,9.1,1.7,2.2,14.9,72.8,48.4,26.1,11.8,6.6,29.6,34.2,25.2,7.3,9.8,4.8,16.6,19.3,57.4,2.4,53.6,44.0,35.0,9.0,51.3,42.1,9.2,36.8,27.9,8.9,62.5,11.7,63.5,79.0
57,1,12  ,2005X002 ,74.1,44.4,78.9,23.0,2.2,41.0,47.4,39.9,18.5,10.6,11.7,10.4,9.8,4.5,0.9,3.6,9.5,1.8,2.2,13.5,75.3,50.6,26.9,11.7,6.3,28.4,31.6,25.5,7.8,8.6,7.1,17.2,22.2,55.6,2.0,52.9,45.1,35.5,9.6,51.7,45.2,6.5,38.7,26.0,12.7,63.1,11.3,64.0,74.8
58,1,13  ,2007X001 ,77.5,45.1,73.6,17.8,3.6,39.0,40.1,35.3,22.9,10.7,11.2,8.1,8.5,3.7,0.6,3.1,8.7,1.6,2.6,15.5,74.1,52.7,25.6,13.1,8.5,34.6,39.1,29.8,8.5,10.9,6.2,24.2,18.1,54.2,0.9,52.6,46.5,34.4,12.1,53.8,43.0,10.7,38.9,25.3,13.6,69.6,10.4,67.1,71.4
59,1,13  ,2005X002 ,76.8,44.9,73.9,18.2,2.6,39.9,39.3,37.1,23.0,12.2,11.1,8.3,9.8,5.1,1.0,4.1,8.4,1.4,1.9,13.5,74.1,52.2,25.6,11.9,8.0,32.8,37.4,28.3,8.1,10.4,5.9,24.1,16.1,55.5,1.3,54.8,43.9,31.3,12.6,46.6,35.5,11.0,41.1,27.0,14.1,70.8,9.0,68.0,71.1
60,1,14  ,2007X001 ,74.0,43.8,79.0,19.0,1.6,37.6,38.7,32.5,19.3,8.8,13.3,8.0,8.6,3.9,0.3,3.6,9.0,1.9,1.9,9.6,75.7,49.2,22.3,10.0,7.7,24.7,28.6,20.5,5.8,7.3,4.2,17.7,16.8,57.0,2.3,54.9,42.8,35.2,7.5,46.8,40.3,6.5,38.6,29.9,8.6,69.3,10.1,69.4,82.1
61,1,14  ,2005X002 ,72.8,44.6,79.8,17.8,1.3,37.8,40.8,30.8,18.2,10.5,13.2,8.0,8.7,3.7,0.5,3.2,9.0,1.4,2.0,9.5,75.7,49.2,21.5,10.1,7.3,25.0,27.0,23.0,6.0,7.2,4.9,16.9,17.3,57.6,2.0,55.0,43.0,34.4,8.6,48.4,40.3,8.2,37.6,28.7,9.0,70.4,9.3,71.2,81.9
62,1,15  ,2007X001 ,77.1,40.8,75.6,18.2,2.5,39.7,37.5,37.9,22.6,11.5,14.1,8.5,11.0,3.7,0.6,3.1,8.9,2.3,2.4,12.8,73.6,47.1,24.8,14.0,10.7,29.9,34.3,25.9,7.7,8.3,7.1,23.2,14.3,46.7,2.1,52.3,45.6,32.7,13.0,49.2,38.0,11.2,42.3,27.8,14.6,69.0,12.2,61.7,69.5
63,1,15  ,2005X002 ,75.8,41.1,76.6,18.4,2.0,40.4,36.8,38.2,22.1,12.0,14.6,8.1,10.5,3.9,0.7,3.2,9.5,2.6,2.1,10.9,72.7,48.0,24.0,14.4,10.6,29.3,33.1,26.0,7.4,8.3,6.6,22.6,14.1,49.7,2.3,51.2,46.5,34.9,11.6,52.9,42.1,10.8,40.8,28.5,12.3,69.6,12.0,64.6,72.5
64,1,16  ,2007X001 ,69.6,39.3,75.9,18.9,0.9,36.9,40.9,34.4,18.4,10.8,14.5,5.3,9.2,3.7,0.8,2.8,9.8,1.4,1.9,10.2,72.2,47.8,22.7,11.8,8.4,28.2,33.9,22.6,7.5,8.0,7.1,24.1,11.5,49.4,1.7,48.2,50.1,38.0,12.1,57.2,46.0,11.1,43.2,30.3,13.0,66.1,13.5,63.0,80.2
65,1,16  ,2005X002 ,69.3,39.1,77.3,19.8,1.1,37.7,40.3,30.6,19.6,11.5,13.3,6.1,10.0,4.6,0.9,3.7,9.1,1.6,1.7,8.8,72.6,47.7,21.2,11.2,7.9,29.1,34.1,23.8,7.2,8.4,5.9,24.0,12.8,48.8,1.1,47.2,51.7,37.9,13.8,57.8,44.6,13.3,45.5,31.1,14.4,67.0,13.2,69.2,79.2
66,1,17  ,2007X001 ,68.9,36.3,83.6,17.9,1.1,38.0,35.1,38.1,19.0,11.9,11.8,7.2,9.2,3.6,0.4,3.2,9.2,2.0,1.9,6.7,70.3,45.9,20.8,11.8,6.5,28.2,32.6,24.4,5.6,6.9,4.5,21.5,15.2,53.4,1.5,47.6,50.9,39.9,11.0,57.7,48.8,8.9,44.9,32.0,12.8,71.4,11.3,70.5,82.8
67,1,17  ,2005X002 ,,,,,,,,,,,,,,,,,,,,,,,,,,,,,,,,,,,,,,,,,,,,,,,,,
68,1,18  ,2007X001 ,70.1,38.9,77.7,17.8,0.5,38.4,29.9,38.4,21.0,13.2,9.9,7.8,13.5,2.7,0.7,2.0,8.3,1.6,2.5,9.9,63.4,39.5,20.4,12.9,8.1,29.5,35.3,24.1,6.9,8.7,5.2,16.5,14.0,56.8,1.8,52.1,46.1,36.8,9.4,51.6,44.8,6.8,40.7,28.8,11.9,65.7,13.7,66.7,76.3
69,1,18  ,2005X002 ,70.1,38.7,77.3,19.0,0.4,41.3,27.9,43.7,23.2,13.2,9.4,8.3,14.2,3.2,0.9,2.3,9.0,1.8,2.6,8.5,64.5,39.5,19.7,12.5,7.0,27.5,31.6,23.4,6.7,7.4,6.1,15.8,14.4,56.8,1.8,51.5,46.7,36.5,10.2,54.0,45.7,8.3,38.8,26.5,12.3,66.3,14.1,69.6,77.7
70,1,19  ,2007X001 ,75.1,44.1,78.7,19.1,2.1,37.5,38.0,40.9,21.0,10.5,13.6,6.7,9.9,2.9,0.5,2.4,10.3,1.7,2.7,8.7,71.3,39.7,21.5,12.1,7.0,27.1,32.2,22.4,6.7,9.1,4.6,19.1,19.9,52.8,1.9,52.3,45.7,35.0,10.7,53.9,43.5,10.3,37.8,26.7,11.1,67.5,13.2,69.7,80.4
71,1,19  ,2005X002 ,75.0,44.3,77.8,18.9,1.6,37.8,37.2,43.1,20.2,11.9,11.9,6.8,10.4,3.5,0.5,3.0,9.4,1.9,3.3,9.1,70.5,39.0,21.5,13.7,7.6,26.1,30.2,22.0,6.5,7.9,5.1,19.6,18.4,55.0,1.2,50.1,48.7,37.6,11.1,55.5,43.6,11.9,41.6,31.4,10.2,66.3,13.3,66.1,80.4
72,1,20  ,2007X001 ,72.4,37.9,74.9,16.5,1.5,39.3,42.8,39.9,20.4,11.7,14.1,9.2,9.9,4.0,0.8,3.1,9.0,1.6,1.8,10.3,71.3,42.7,20.5,14.0,10.0,33.2,36.1,30.5,8.1,9.7,6.5,21.1,19.1,57.4,1.3,51.1,47.6,35.5,12.1,50.9,39.6,11.4,44.3,31.6,12.8,69.9,16.1,65.6,75.1
73,1,20  ,2005X002 ,71.5,41.2,75.6,16.7,1.3,40.0,43.5,42.0,20.3,11.8,14.0,8.4,9.5,4.3,1.0,3.2,8.1,1.8,1.7,9.1,73.0,43.5,20.1,12.3,8.1,32.0,36.1,28.2,8.0,9.7,6.3,22.1,17.2,58.6,1.3,52.1,46.7,35.6,11.1,49.6,39.6,9.9,43.7,31.4,12.3,69.6,15.7,65.1,77.5
74,1,21  ,2007X001 ,68.9,38.3,73.8,15.9,0.7,38.2,39.0,38.5,19.6,13.0,11.1,7.6,10.2,4.0,1.1,2.8,9.3,2.7,3.0,8.6,72.6,46.0,22.6,12.6,8.1,30.0,34.7,25.6,5.3,6.4,4.3,21.0,18.3,54.9,1.3,51.8,46.9,36.3,10.6,50.7,41.1,9.6,43.3,31.8,11.5,62.6,20.1,65.5,76.5
75,1,21  ,2005X002 ,68.1,38.7,74.5,16.3,0.5,38.3,39.7,37.2,18.4,13.6,10.3,8.1,9.9,4.2,1.1,3.0,8.8,3.1,2.6,8.1,72.2,46.4,21.9,11.3,7.6,29.3,33.4,25.6,5.8,6.8,4.9,20.1,16.7,55.9,1.8,52.9,45.3,34.7,10.6,48.8,39.4,9.4,42.1,30.4,11.7,64.1,19.7,64.1,79.0
76,1,22  ,2007X001 ,71.0,39.3,79.7,19.4,0.6,36.4,44.6,40.3,17.6,11.1,12.2,7.6,9.7,3.1,0.6,2.6,9.0,1.8,1.6,8.4,74.3,47.7,20.5,11.9,7.6,26.4,30.6,22.4,7.0,9.6,4.5,18.4,15.7,56.5,1.7,53.9,44.4,32.8,11.6,49.7,38.8,10.8,39.4,27.1,12.3,67.9,11.6,70.4,79.3
77,1,22  ,2005X002 ,71.3,38.0,80.0,19.9,1.0,36.2,43.7,35.9,16.9,11.6,11.2,6.8,8.2,3.4,0.8,2.7,7.3,1.7,1.8,8.8,73.6,47.1,21.4,10.3,6.3,26.2,31.4,21.4,6.3,8.5,4.2,18.0,15.9,56.9,2.1,53.0,44.9,33.9,11.0,50.6,39.8,10.8,39.5,28.5,11.1,70.2,10.7,71.1,80.7
78,1,23  ,2007X001 ,72.1,40.4,80.8,17.4,1.3,36.9,43.5,43.3,17.2,10.9,10.6,7.3,9.5,4.3,1.2,3.1,8.4,1.8,1.8,8.7,70.2,46.6,22.2,10.4,6.5,29.9,33.4,26.3,7.1,7.9,6.3,17.6,18.1,56.3,1.5,50.6,47.9,35.6,12.3,53.7,40.4,13.4,42.2,30.9,11.3,69.2,12.0,67.5,76.5
79,1,23  ,2005X002 ,74.4,42.5,81.0,19.7,1.5,39.6,41.9,44.6,19.5,12.3,11.9,7.2,8.7,4.0,0.9,3.1,7.9,1.2,1.7,8.3,71.6,47.0,23.2,10.6,5.4,24.7,26.5,22.8,5.8,6.2,5.2,15.9,20.1,58.2,0.7,49.7,49.6,35.6,14.0,51.9,36.7,15.2,47.0,34.3,12.7,69.5,10.5,67.0,80.4
80,1,24  ,2007X001 ,77.3,42.1,78.1,16.9,1.2,40.8,36.8,41.5,19.4,10.7,12.4,7.4,9.9,4.9,0.9,4.0,9.4,1.7,1.9,10.9,70.3,42.0,20.7,13.7,8.4,30.1,33.7,26.8,8.5,9.1,7.8,19.0,17.2,54.4,1.2,52.0,46.8,34.7,12.1,53.1,41.5,11.6,41.0,28.4,12.5,63.6,16.4,68.2,75.8
81,1,24  ,2005X002 ,77.1,42.5,76.8,18.2,1.0,42.8,38.6,40.0,20.8,12.4,11.3,8.2,11.0,5.1,0.9,4.2,9.0,2.0,2.2,10.7,71.9,44.2,21.6,15.0,9.0,30.3,33.8,26.8,8.5,9.9,7.1,18.4,17.2,54.2,1.3,52.4,46.3,34.2,12.1,53.5,42.0,11.5,39.1,26.3,12.8,64.1,16.2,65.9,74.0
82,1,25  ,2007X001 ,71.4,39.0,78.9,17.6,1.1,35.2,33.5,38.6,17.7,9.9,11.1,7.2,8.9,3.0,0.6,2.5,8.9,1.8,2.3,9.9,64.9,37.3,19.1,12.7,7.7,28.7,30.9,26.4,9.3,9.5,9.1,18.3,19.8,54.9,1.0,53.7,45.3,33.8,11.5,49.1,38.9,10.2,41.2,28.3,12.9,68.4,14.0,71.2,82.1
83,1,25  ,2005X002 ,71.8,40.1,78.4,18.9,0.9,35.6,33.8,37.6,18.1,10.7,11.9,7.1,9.8,2.9,0.6,2.3,8.8,2.2,2.2,9.2,65.2,38.2,19.3,13.6,8.2,29.1,32.2,25.9,8.9,9.7,8.0,19.0,19.9,54.9,1.3,53.9,44.9,34.5,10.4,47.7,39.1,8.6,41.9,29.6,12.3,68.3,14.3,70.0,82.0
84,1,26  ,2007X001 ,72.6,40.0,80.3,16.4,1.4,35.2,38.6,40.1,16.7,10.4,10.7,6.0,8.2,3.1,0.9,2.2,7.8,1.2,1.7,7.3,70.6,44.2,21.0,10.7,5.5,26.6,28.7,24.4,5.7,7.5,4.0,18.1,19.7,55.2,2.0,56.4,41.6,32.7,8.9,45.6,37.2,8.5,37.6,28.3,9.3,66.9,10.8,71.4,75.8
85,1,26  ,2005X002 ,72.5,40.9,77.7,17.2,1.3,37.1,39.1,39.3,16.7,11.8,10.0,6.4,7.9,3.3,0.9,2.5,8.1,1.4,1.4,7.2,71.3,45.8,20.7,10.7,5.9,24.8,28.6,21.3,5.9,7.7,4.2,18.5,18.8,56.6,2.1,55.0,42.9,33.3,9.6,47.3,36.9,10.4,38.8,29.9,8.9,64.4,12.2,68.0,71.9
86,1,27  ,2007X001 ,76.8,45.1,75.9,17.6,1.3,45.5,37.9,42.5,27.3,13.6,14.4,8.5,12.4,4.5,1.0,3.5,10.8,3.7,3.9,12.7,75.4,46.3,26.0,16.2,10.7,30.6,33.3,27.8,10.2,11.2,9.1,19.2,17.8,48.3,1.7,49.9,48.5,35.1,13.4,55.1,42.8,12.4,41.5,27.0,14.5,63.6,14.4,64.3,75.8
87,1,27  ,2005X002 ,76.9,45.2,78.1,17.7,1.6,45.6,38.9,42.2,26.7,13.7,14.3,8.4,12.5,4.6,1.0,3.6,11.5,3.4,3.6,11.9,76.2,47.4,26.6,16.1,10.7,31.6,33.5,29.6,9.4,9.5,9.4,20.9,18.6,48.0,2.4,49.1,48.5,34.9,13.6,55.5,43.4,12.2,41.2,26.1,15.0,65.1,13.2,65.1,75.8
88,1,28  ,2007X001 ,71.3,36.9,80.3,17.0,1.4,34.8,40.0,40.8,18.6,11.3,10.1,6.0,9.9,3.1,0.6,2.5,8.9,1.4,2.3,10.2,71.3,43.5,20.9,12.1,7.4,27.7,31.6,24.0,6.1,7.7,4.6,14.6,20.8,58.2,2.0,56.7,41.3,32.7,8.5,43.4,37.0,6.4,39.3,28.7,10.6,67.1,14.4,67.7,74.7
89,1,28  ,2005X002 ,71.5,38.1,79.9,16.9,1.1,34.8,40.9,39.6,19.1,11.7,11.0,6.5,10.7,4.1,0.7,3.4,9.0,2.0,1.9,10.0,73.3,45.7,22.0,12.6,8.2,28.8,31.9,25.8,6.9,9.1,4.7,15.2,20.8,59.9,2.4,55.0,42.5,33.8,8.7,45.2,38.2,7.0,40.0,29.5,10.4,68.7,13.2,68.5,75.9
90,1,29  ,2007X001 ,74.0,36.4,81.2,16.8,1.1,35.6,37.3,39.9,17.2,9.4,11.2,6.8,10.0,3.1,0.6,2.5,8.0,1.4,1.9,10.7,68.7,40.9,21.5,12.4,7.5,28.9,33.1,24.6,6.8,7.8,5.7,17.1,20.4,52.6,2.3,52.7,45.0,34.5,10.5,51.6,41.8,9.7,38.0,26.8,11.2,69.3,13.4,71.9,83.0
91,1,29  ,2005X002 ,73.7,38.1,80.4,18.3,1.3,38.0,37.8,41.2,16.7,10.2,10.9,7.3,10.0,3.2,0.6,2.6,8.7,1.7,2.2,10.8,69.6,42.7,21.7,12.4,7.6,28.1,31.8,24.2,6.5,7.3,5.6,17.3,20.7,54.0,1.8,51.6,46.7,36.1,10.5,53.0,43.3,9.8,39.8,28.5,11.3,69.0,13.6,68.6,80.1
92,1,30  ,2007X001 ,71.0,39.2,79.2,17.9,1.3,36.1,41.3,36.5,18.5,11.4,10.5,7.7,9.1,3.4,0.9,2.5,9.0,1.8,2.1,9.0,70.1,42.8,21.9,11.1,7.1,28.1,30.5,25.5,7.0,8.2,5.8,19.1,19.2,58.2,1.4,50.2,48.4,36.6,11.8,54.0,43.4,10.6,42.7,29.7,13.0,67.4,14.0,68.9,81.2
93,1,30  ,2005X002 ,71.2,39.1,77.8,19.2,1.6,37.8,41.5,36.9,19.0,12.8,10.4,7.8,10.1,3.8,1.0,2.8,8.8,1.9,2.2,9.1,71.1,44.4,20.9,11.6,7.7,27.0,29.8,24.1,6.5,8.4,4.6,18.8,17.6,58.4,1.7,48.9,49.4,37.2,12.3,54.5,44.5,10.0,44.5,30.0,14.5,68.3,14.4,65.6,79.3
94,2,NL00,2007X001 ,72.8,40.0,78.1,17.6,1.4,37.4,39.1,38.6,19.5,11.1,12.1,7.6,9.7,3.5,0.7,2.8,8.8,1.8,2.3,10.0,71.6,44.8,22.2,12.6,8.1,29.3,33.2,25.5,7.3,8.6,6.0,19.0,18.1,54.4,1.7,52.4,45.9,34.9,11.0,51.0,41.1,9.9,40.8,28.7,12.1,67.8,13.2,67.5,77.2
95,2,NL00,2005X002 ,72.8,40.6,78.0,18.3,1.4,38.1,39.4,38.2,19.4,11.8,12.0,7.7,9.8,3.7,0.7,2.9,8.7,1.9,2.1,9.6,72.2,45.6,22.4,12.5,7.9,28.7,32.5,25.0,7.1,8.6,5.7,18.9,17.8,55.4,1.8,52.3,45.9,34.9,11.1,51.2,41.2,10.0,40.7,28.6,12.1,68.4,12.7,67.4,77.3
96,2,LD01,2007X001 ,70.8,38.4,75.7,15.8,1.0,37.8,40.8,37.8,19.2,11.9,12.3,8.9,9.2,3.6,1.0,2.7,9.0,2.1,2.4,8.8,72.0,43.4,20.7,12.5,8.3,31.7,35.0,28.4,7.0,8.0,5.9,21.0,18.6,56.4,1.4,50.9,47.8,36.0,11.8,51.4,40.8,10.5,44.2,31.2,13.0,65.6,17.2,66.6,76.9
97,2,LD01,2005X002 ,70.3,39.9,76.1,16.7,0.9,38.1,41.2,38.3,18.6,12.4,11.8,8.2,9.1,3.9,1.0,2.8,8.6,2.3,2.1,8.2,72.9,44.1,20.8,11.8,7.6,31.0,34.7,27.5,7.0,8.5,5.6,21.1,17.5,57.3,1.5,51.3,47.2,35.5,11.7,51.2,40.8,10.4,43.2,30.2,13.0,66.3,16.7,66.0,78.1
98,2,LD02,2007X001 ,71.3,39.3,78.9,17.5,1.2,36.6,40.0,37.1,18.9,11.3,11.2,7.4,9.6,3.4,0.7,2.7,8.4,1.7,2.2,8.9,71.5,44.1,22.0,12.3,7.8,28.8,32.3,25.3,6.8,7.7,6.0,19.0,18.5,56.2,1.7,50.0,48.4,36.3,12.1,53.4,42.9,10.6,43.4,29.8,13.6,67.9,13.6,67.0,79.4
99,2,LD02,2005X002 ,71.7,39.5,78.6,18.4,1.4,37.6,40.2,36.9,18.8,12.0,11.2,7.8,9.8,3.6,0.8,2.8,8.3,1.8,2.2,8.7,72.1,45.3,22.1,12.3,7.6,28.5,31.8,25.4,6.5,7.7,5.4,18.5,18.0,57.5,1.6,50.4,48.0,36.0,12.0,53.3,43.1,10.2,42.8,29.0,13.8,68.9,13.3,66.8,79.0
100,2,LD03,2007X001 ,73.1,40.4,78.0,18.2,1.7,37.4,39.6,38.4,19.7,11.2,12.3,7.5,9.8,3.4,0.6,2.7,8.8,1.7,2.2,10.6,72.5,47.0,23.0,12.4,8.0,29.0,33.5,24.7,7.1,8.9,5.3,18.7,17.6,54.1,1.8,53.7,44.4,34.3,10.1,49.5,40.4,9.0,39.5,28.3,11.1,68.4,11.6,67.7,75.9
101,2,LD03,2005X002 ,73.0,40.9,78.1,18.6,1.6,38.0,39.6,37.5,19.7,11.9,12.3,7.6,9.8,3.7,0.7,3.1,8.7,1.8,2.0,10.0,73.0,47.5,23.1,12.1,7.8,28.0,32.3,23.8,7.1,8.8,5.4,18.6,17.3,55.2,1.9,53.4,44.7,34.2,10.4,50.0,40.3,9.6,39.4,28.2,11.2,69.0,11.1,67.9,76.0
102,2,LD04,2007X001 ,74.6,40.7,78.7,17.4,1.3,38.0,36.6,41.2,19.7,10.5,12.4,7.3,9.9,3.5,0.7,2.8,9.1,2.0,2.4,10.6,69.6,41.2,21.4,13.3,8.3,29.1,32.6,25.7,8.3,9.2,7.4,18.6,18.9,52.5,1.6,52.7,45.7,34.1,11.5,51.5,40.9,10.6,39.9,27.4,12.5,67.4,14.0,68.3,78.0
103,2,LD04,2005X002 ,74.6,41.4,78.5,18.3,1.2,38.8,37.3,41.5,19.7,11.2,12.1,7.6,10.2,3.6,0.7,2.9,9.1,2.1,2.5,10.3,70.2,42.5,21.8,13.8,8.5,29.1,32.4,25.9,8.0,8.8,7.1,18.9,18.9,53.0,1.6,52.3,46.0,34.7,11.3,51.9,41.5,10.3,40.3,28.0,12.3,68.0,13.6,67.4,78.0
104,2,PV20,2007X001 ,72.4,38.4,74.5,16.2,1.5,39.3,42.7,36.9,20.6,11.7,13.6,9.5,9.9,3.9,0.8,3.1,9.0,1.6,1.8,10.3,70.3,41.9,20.2,14.2,10.0,32.5,34.9,30.1,8.3,9.6,7.0,22.0,18.7,57.3,1.2,49.4,49.4,36.5,12.9,53.0,40.6,12.4,45.8,32.3,13.5,67.6,17.2,67.4,78.5
105,2,PV20,2005X002 ,71.7,41.5,75.7,16.5,1.2,40.1,43.2,38.0,20.4,11.9,13.8,8.7,9.5,4.2,1.0,3.2,8.1,1.8,1.8,9.4,71.9,42.8,19.7,12.7,8.3,32.7,35.5,27.3,8.1,9.7,6.6,23.1,16.5,58.6,1.1,50.4,48.5,36.6,11.8,51.7,41.0,10.7,45.3,32.3,13.0,67.7,16.5,66.2,79.4
106,2,PV21,2007X001 ,68.2,37.7,75.1,15.4,0.7,36.5,39.1,38.0,18.9,12.2,11.0,7.6,9.5,3.7,1.1,2.6,9.0,2.4,2.8,8.5,72.0,45.7,22.3,12.3,7.9,30.9,35.6,26.3,5.6,6.6,4.6,20.3,18.9,54.6,1.5,52.2,46.3,35.9,10.5,49.7,40.3,9.4,43.0,31.5,11.5,64.2,18.5,66.2,76.0
107,2,PV21,2005X002 ,68.0,38.2,75.3,16.0,0.5,37.1,40.0,37.4,17.9,13.1,10.1,7.9,9.4,4.0,1.1,2.9,8.7,3.0,2.6,8.0,72.1,46.2,21.7,11.1,7.3,30.8,34.2,26.2,6.0,7.0,5.1,19.6,17.3,55.5,1.9,53.3,44.9,34.4,10.5,48.4,39.2,9.2,41.4,29.7,11.7,65.3,18.5,64.9,78.8
108,2,PV22,2007X001 ,72.7,40.3,77.9,15.7,0.7,37.5,41.3,39.4,18.0,11.6,12.9,10.0,8.2,3.0,0.9,2.0,8.9,2.1,2.4,7.3,74.1,42.3,18.7,11.1,7.0,32.2,34.8,29.6,7.3,8.1,6.6,21.1,17.9,56.6,1.7,51.1,47.1,34.8,12.4,51.5,41.1,10.4,42.8,28.5,14.3,65.1,15.7,65.5,77.9
109,2,PV22,2005X002 ,72.6,40.8,78.2,18.1,0.9,37.2,41.2,39.0,17.5,12.0,12.4,8.2,8.7,3.2,0.9,2.3,9.4,2.0,1.9,7.4,75.0,42.8,20.6,12.1,7.6,33.7,34.8,29.7,7.1,9.0,5.3,21.3,18.7,58.7,1.5,49.7,48.7,35.1,13.7,54.9,42.8,12.1,42.6,27.4,15.2,65.7,14.7,67.1,76.2
110,2,PV23,2007X001 ,70.5,39.3,77.4,17.7,1.1,35.3,37.3,36.5,18.2,10.8,10.9,7.3,9.4,3.9,1.0,2.9,8.2,1.6,1.7,8.5,69.3,42.2,21.6,12.2,7.4,30.3,33.2,27.5,6.8,6.7,6.9,18.0,19.7,58.6,1.9,51.3,46.8,34.7,12.1,53.7,43.2,10.5,40.0,26.4,13.6,66.3,15.1,67.4,78.6
111,2,PV23,2005X002 ,70.5,38.7,76.9,18.1,1.3,36.7,38.1,34.8,18.5,11.9,11.0,7.7,9.5,4.0,1.0,2.9,8.2,1.8,1.9,7.8,70.0,43.3,22.4,12.5,7.3,32.6,32.4,30.0,7.0,6.5,7.0,17.3,20.1,59.6,2.0,50.0,48.0,35.9,12.1,54.1,43.6,10.5,42.0,28.2,13.8,66.9,15.5,68.3,78.6
112,2,PV24,2007X001 ,76.0,42.2,77.2,18.0,0.7,38.7,41.6,32.0,20.7,11.9,12.8,8.5,9.6,3.9,0.5,3.4,8.5,1.5,2.6,9.8,76.6,48.3,23.2,13.6,9.9,26.5,28.9,24.1,7.5,10.1,5.0,19.9,16.0,50.7,1.8,45.4,52.8,38.0,14.9,54.0,43.2,10.7,51.7,32.7,18.9,65.0,13.7,65.9,80.3
113,2,PV24,2005X002 ,76.4,44.5,78.7,18.3,1.1,38.6,41.2,32.9,20.2,12.0,11.9,8.6,8.4,3.7,0.4,3.3,9.0,1.9,2.5,9.9,75.3,48.4,24.7,13.2,9.3,25.6,29.3,22.1,6.7,9.8,3.8,19.5,14.9,54.7,1.7,47.7,50.5,36.4,14.2,51.1,41.2,9.9,50.0,31.6,18.4,68.5,11.5,66.2,85.7
114,2,PV25,2007X001 ,70.9,38.8,80.0,17.3,1.4,36.8,41.2,38.3,18.8,11.4,11.1,7.3,9.7,3.2,0.6,2.6,8.5,1.7,2.3,8.8,71.8,44.2,21.9,12.2,7.7,28.3,32.3,24.3,6.7,7.9,5.5,19.4,18.1,55.8,1.5,50.1,48.4,36.8,11.6,53.3,42.8,10.6,43.5,30.9,12.6,69.3,12.8,67.2,79.9
115,2,PV25,2005X002 ,71.5,39.1,79.6,18.5,1.5,37.9,41.2,39.1,18.6,12.0,11.3,7.7,10.1,3.5,0.8,2.7,8.2,1.8,2.3,8.8,72.9,45.7,21.7,12.2,7.5,28.7,32.1,23.4,6.6,8.0,4.8,19.0,17.0,56.9,1.4,51.1,47.5,35.9,11.6,53.2,43.0,10.2,41.9,28.9,13.0,70.0,12.3,66.4,78.1
116,2,PV26,2007X001 ,71.2,38.1,78.5,19.8,1.2,37.3,45.1,38.8,18.2,11.5,11.6,7.2,9.3,2.7,0.7,2.0,8.2,1.7,2.3,9.2,73.9,48.3,21.9,11.2,7.3,27.7,31.9,23.6,6.5,8.9,4.2,17.6,17.2,57.3,2.0,54.5,43.5,32.8,10.7,49.3,38.9,10.4,37.8,26.8,11.0,69.3,11.4,68.8,76.1
117,2,PV26,2005X002 ,71.2,38.7,78.9,20.1,1.2,37.2,44.1,36.5,18.6,12.1,11.5,7.0,8.6,3.8,0.8,3.0,7.6,1.8,2.1,9.2,74.3,48.2,22.0,10.5,6.6,28.5,31.9,22.2,6.6,8.6,4.4,18.3,16.1,57.9,2.3,54.2,43.5,33.0,10.5,48.5,38.7,9.8,38.5,27.3,11.2,69.6,11.3,68.8,78.5
118,2,PV27,2007X001 ,72.8,40.5,78.5,17.8,1.8,35.9,40.2,40.9,19.2,11.1,12.4,7.9,9.7,3.4,0.6,2.8,8.9,1.7,2.2,11.4,72.9,47.2,23.7,13.1,8.1,29.9,34.9,25.0,7.5,9.7,5.4,16.8,19.6,54.4,1.9,55.3,42.8,34.1,8.7,47.7,39.9,7.8,37.9,28.3,9.6,69.2,11.4,67.7,75.1
119,2,PV27,2005X002 ,73.1,40.8,79.0,18.4,1.7,36.4,40.8,39.4,19.0,11.6,12.5,7.7,9.9,3.4,0.5,2.9,8.7,1.8,2.0,10.9,73.9,48.0,24.5,12.8,7.9,29.7,32.8,23.9,8.0,9.7,5.2,16.6,19.8,56.0,1.8,55.0,43.2,33.9,9.3,48.6,40.3,8.3,37.9,27.6,10.4,70.3,10.2,67.6,75.7
120,2,PV28,2007X001 ,74.2,41.3,77.5,18.2,2.0,38.6,38.4,36.3,20.5,11.1,12.7,7.3,9.7,3.7,0.6,3.0,9.0,1.8,2.2,10.6,72.7,47.1,23.3,12.4,8.3,28.7,32.7,24.7,7.0,8.3,5.7,21.0,16.4,52.4,1.8,52.3,45.9,34.9,11.0,50.6,40.9,9.7,41.3,28.9,12.3,67.5,11.8,67.0,76.2
121,2,PV28,2005X002 ,73.8,42.0,77.0,18.4,1.7,39.4,38.5,35.5,20.4,12.1,12.7,7.5,9.9,4.1,0.8,3.4,9.1,1.9,1.9,9.8,72.8,47.8,22.8,12.3,8.4,29.5,32.0,24.5,7.2,8.4,5.7,20.8,16.0,53.3,1.8,52.1,46.1,34.9,11.3,51.1,40.4,10.8,41.1,29.4,11.7,67.6,11.7,67.6,75.0
122,2,PV29,2007X001 ,69.6,37.7,78.2,17.6,0.5,36.5,30.1,38.4,19.6,12.1,10.0,7.7,12.1,2.4,0.6,1.8,7.8,1.5,2.2,9.8,63.6,40.1,20.0,11.6,7.3,30.0,35.2,24.9,6.8,8.6,4.9,16.8,13.3,56.4,2.1,52.9,44.9,35.4,9.5,51.8,44.7,7.1,38.2,26.2,12.0,68.6,12.0,67.5,76.8
123,2,PV29,2005X002 ,70.0,37.5,78.2,19.1,0.4,39.7,27.9,46.2,21.5,12.0,9.5,7.8,12.6,2.9,0.8,2.1,8.5,1.6,2.1,8.3,64.9,40.8,19.2,11.5,6.5,29.4,33.0,24.2,7.1,7.7,6.6,15.7,13.2,56.8,2.1,53.3,44.6,34.4,10.2,53.9,45.4,8.5,35.4,23.6,11.9,69.6,12.2,70.2,76.6
124,2,PV30,2007X001 ,74.1,39.3,78.8,17.3,1.2,37.2,35.9,40.4,18.2,10.2,11.5,7.1,9.8,3.7,0.7,2.9,8.7,1.7,2.1,10.5,68.0,40.1,20.6,13.2,8.1,29.2,32.6,25.9,8.2,8.9,7.6,18.2,19.2,54.2,1.5,53.0,45.5,34.1,11.4,50.6,40.2,10.3,40.5,28.0,12.4,67.2,14.7,69.0,78.8
125,2,PV30,2005X002 ,74.1,40.2,78.4,18.5,1.1,38.3,36.7,40.3,18.4,11.0,11.5,7.5,10.2,3.6,0.7,2.9,8.7,2.0,2.1,10.2,68.7,41.7,20.8,13.6,8.3,30.7,32.5,25.7,8.0,9.0,7.0,18.2,19.3,54.4,1.5,53.1,45.4,34.5,10.9,50.7,40.9,9.7,40.2,28.2,12.1,67.8,14.5,68.0,78.3
126,2,PV31,2007X001 ,75.5,43.7,78.1,17.5,1.7,39.7,38.1,43.2,23.0,11.1,14.0,7.8,10.2,3.3,0.7,2.6,9.7,2.5,3.0,10.7,73.0,43.3,23.2,13.6,8.6,28.9,32.6,25.3,8.3,10.0,6.8,19.2,18.1,49.4,1.9,52.0,46.1,34.2,12.0,53.5,42.4,11.1,38.8,26.0,12.8,68.0,12.8,67.1,76.5
127,2,PV31,2005X002 ,75.6,44.0,78.7,17.6,1.6,39.9,38.4,44.3,22.3,11.7,13.3,7.8,10.5,3.6,0.7,2.9,9.7,2.4,3.1,10.5,73.4,44.0,23.9,14.4,8.9,30.9,31.9,26.3,8.4,8.6,7.2,20.2,17.9,50.0,2.0,50.8,47.3,35.1,12.2,54.3,42.7,11.5,40.3,27.5,12.9,68.3,12.1,66.4,77.8
128,2,1   ,2007X001 ,72.7,40.3,77.9,15.7,0.7,37.5,41.3,39.4,18.0,11.6,12.9,10.0,8.2,3.0,0.9,2.0,8.9,2.1,2.4,7.3,74.1,42.3,18.7,11.1,7.0,32.2,34.8,29.6,7.3,8.1,6.6,21.1,17.9,56.6,1.7,51.1,47.1,34.8,12.4,51.5,41.1,10.4,42.8,28.5,14.3,65.1,15.7,65.5,77.9
129,2,1   ,2005X002 ,72.6,40.8,78.2,18.1,0.9,37.2,41.2,39.0,17.5,12.0,12.4,8.2,8.7,3.2,0.9,2.3,9.4,2.0,1.9,7.4,75.0,42.8,20.6,12.1,7.6,32.2,34.8,29.7,7.1,9.0,5.3,21.3,18.7,58.7,1.5,49.7,48.7,35.1,13.7,54.9,42.8,12.1,42.6,27.4,15.2,65.7,14.7,67.1,76.2
130,2,2   ,2007X001 ,66.9,34.3,74.8,14.7,1.1,34.0,38.0,39.0,17.1,11.9,11.7,6.1,7.6,3.4,0.9,2.5,6.9,1.7,1.6,7.3,66.8,39.1,19.6,11.9,7.0,29.6,33.2,26.2,5.8,5.5,6.2,18.6,19.8,56.5,1.3,51.4,47.3,34.6,12.7,55.1,44.4,10.7,39.6,24.9,14.7,64.6,17.7,68.0,79.6
131,2,2   ,2005X002 ,67.5,34.5,75.4,14.6,1.6,35.6,39.2,38.5,17.2,13.3,11.7,6.6,7.9,3.7,0.9,2.8,6.8,2.0,1.9,6.5,67.1,40.5,20.8,12.8,6.7,29.8,30.4,29.3,6.0,6.0,6.0,18.1,19.8,58.6,1.1,51.6,47.3,34.0,13.3,54.8,44.2,10.7,39.9,24.0,15.9,64.6,17.2,67.5,78.5
132,2,3   ,2007X001 ,71.3,42.5,78.7,19.8,1.1,35.5,37.2,35.1,19.5,10.4,10.6,7.7,10.7,3.8,0.9,2.9,8.7,1.4,2.0,9.5,71.1,42.9,22.5,13.1,8.2,30.3,32.2,28.4,7.1,6.7,7.5,18.0,19.7,59.6,2.0,49.9,48.0,36.0,12.0,54.2,43.4,10.9,41.9,28.7,13.1,67.1,13.2,67.0,78.6
133,2,3   ,2005X002 ,71.1,41.6,77.5,20.3,1.2,36.6,37.5,33.4,19.6,11.0,10.3,8.2,10.4,3.7,1.0,2.6,8.7,1.6,2.2,9.0,72.3,44.5,23.5,12.8,8.0,32.3,32.8,31.8,7.2,6.1,8.3,16.8,20.7,60.4,2.2,48.4,49.4,37.9,11.5,54.5,43.9,10.7,44.3,32.0,12.3,68.1,14.3,69.6,78.9
134,2,4   ,2007X001 ,71.4,38.5,80.9,17.2,1.6,37.7,41.3,37.3,18.8,10.6,10.5,6.9,9.9,2.8,0.1,2.7,8.2,1.3,2.0,8.7,72.8,47.2,22.4,12.0,6.5,29.2,34.2,24.4,6.2,7.9,4.5,19.4,16.5,56.5,2.1,49.8,48.2,37.9,10.3,52.5,42.6,9.9,43.9,33.2,10.7,69.8,11.6,66.8,79.3
135,2,4   ,2005X002 ,73.1,38.6,80.6,18.8,1.7,38.5,41.7,39.9,17.8,10.7,11.8,7.0,10.0,2.9,0.2,2.7,7.9,1.5,1.8,8.4,74.5,48.4,22.5,12.2,5.9,29.3,35.6,23.2,6.2,7.8,4.7,20.4,14.8,58.2,1.1,53.9,45.0,35.2,9.8,50.3,41.0,9.3,39.7,29.5,10.2,70.6,11.9,65.7,77.4
136,2,5   ,2007X001 ,72.6,42.1,77.4,15.7,0.8,39.4,38.5,42.8,18.1,13.6,11.4,7.1,10.7,3.1,0.2,2.8,7.0,2.0,4.2,8.0,70.2,42.8,19.7,12.2,8.5,28.9,35.5,22.4,8.6,9.8,7.4,21.2,18.5,50.0,0.1,47.7,52.2,37.1,15.1,58.5,46.1,12.4,46.0,28.2,17.8,68.1,14.0,64.5,74.3
137,2,5   ,2005X002 ,73.1,43.8,79.1,18.2,0.5,39.4,38.1,39.1,17.8,12.2,11.0,8.2,10.4,3.3,1.3,2.0,7.9,2.4,4.1,8.7,71.2,46.6,20.6,16.1,10.5,27.5,31.8,23.3,7.4,9.0,5.9,19.2,17.1,49.7,1.2,46.8,52.0,37.1,14.9,57.0,44.0,13.0,47.1,30.3,16.8,68.2,12.7,65.4,67.9
138,2,6   ,2007X001 ,71.1,39.6,82.4,16.6,1.2,38.4,39.5,39.0,19.0,11.4,13.5,7.7,9.8,4.0,0.8,3.2,8.4,2.0,2.6,8.4,73.4,43.8,22.5,13.4,8.5,27.4,32.7,22.2,5.8,6.7,4.9,18.0,18.3,54.5,1.9,52.7,45.4,34.7,10.7,49.2,38.4,10.8,41.7,31.1,10.6,71.3,11.0,67.4,80.8
139,2,6   ,2005X002 ,70.8,39.5,82.2,17.2,1.3,38.2,40.3,37.6,18.8,13.2,13.0,8.8,10.2,4.3,0.7,3.6,8.1,1.9,2.4,8.2,73.9,43.3,23.3,11.6,7.2,27.5,33.1,22.1,5.7,7.2,4.2,16.5,19.7,56.4,1.8,54.6,43.6,33.3,10.3,51.9,42.5,9.4,35.4,24.2,11.2,70.6,8.8,67.7,79.8
140,2,7   ,2007X001 ,76.0,42.2,77.2,18.0,0.7,38.7,41.6,32.0,20.7,11.9,12.8,8.5,9.6,3.9,0.5,3.4,8.5,1.5,2.6,9.8,76.6,48.3,23.2,13.6,9.9,26.5,28.9,24.1,7.5,10.1,5.0,19.9,16.0,50.7,1.8,45.4,52.8,38.0,14.9,54.0,43.2,10.7,51.7,32.7,18.9,65.0,13.7,65.9,80.3
141,2,7   ,2005X002 ,76.4,44.5,78.7,18.3,1.1,38.6,41.2,32.9,20.2,12.0,11.9,8.6,8.4,3.7,0.4,3.3,9.0,1.9,2.5,9.9,75.3,48.4,24.7,13.2,9.3,25.6,29.3,22.1,6.7,9.8,3.8,19.5,14.9,54.7,1.7,47.7,50.5,36.4,14.2,51.1,41.2,9.9,50.0,31.6,18.4,68.5,11.5,66.2,85.7
142,2,8   ,2007X001 ,70.9,34.2,77.8,19.0,2.3,38.1,46.0,32.4,16.3,13.2,10.2,5.8,8.3,1.9,1.1,0.8,6.1,2.1,2.7,7.8,71.1,46.3,22.8,9.6,6.5,28.9,32.0,25.8,5.5,7.6,3.4,16.5,19.9,55.6,1.5,51.2,47.3,36.7,10.7,55.1,42.3,12.8,39.7,31.2,8.5,70.8,10.7,70.0,72.8
143,2,8   ,2005X002 ,,,,,,,,,,,,,,,,,,,,,,,,,,,,,,,,,,,,,,,,,,,,,,,,,
144,2,9   ,2007X001 ,73.6,38.2,75.5,23.5,2.1,38.5,45.2,36.0,22.9,11.6,12.5,7.2,9.9,2.6,0.8,1.7,8.6,1.2,4.2,13.1,77.5,52.2,25.3,12.8,7.8,29.1,33.5,24.8,6.5,9.2,3.8,20.6,17.0,61.0,3.5,55.5,41.0,32.4,8.6,47.2,40.6,6.6,34.9,24.3,10.6,66.4,13.1,70.8,70.2
145,2,9   ,2005X002 ,71.8,39.5,77.5,23.0,2.5,38.6,44.1,33.7,23.9,12.7,14.3,7.2,10.1,4.4,0.7,3.7,8.7,1.7,2.9,12.6,76.8,52.7,24.6,11.4,7.4,27.6,30.9,24.4,6.7,9.0,4.5,19.8,15.7,61.1,3.5,54.9,41.6,32.5,9.2,45.8,40.7,5.1,37.6,24.3,13.2,67.9,12.1,70.4,77.3
146,2,10  ,2007X001 ,70.7,40.6,80.5,18.6,1.5,34.1,38.2,40.4,19.1,10.8,10.3,8.4,9.2,2.5,0.2,2.3,8.8,1.4,2.3,10.0,72.9,44.5,24.1,10.2,6.2,29.4,35.8,23.1,8.3,12.2,4.6,16.6,20.6,55.2,1.6,54.4,44.0,34.0,10.1,49.5,39.3,10.2,38.7,28.7,10.0,70.4,10.0,72.1,73.4
147,2,10  ,2005X002 ,71.9,40.1,80.1,19.5,1.9,35.3,38.6,42.4,17.5,11.8,10.7,7.6,9.5,2.0,0.2,1.8,7.9,1.4,1.9,8.9,73.2,46.2,24.0,10.4,6.0,28.4,33.4,23.6,9.3,12.7,5.9,16.6,20.9,56.9,1.3,54.3,44.4,34.5,9.9,52.2,42.4,9.7,36.7,26.6,10.1,70.8,9.9,70.8,71.0
148,2,11  ,2007X001 ,75.5,42.9,74.9,17.5,2.1,37.7,38.5,38.6,21.1,12.0,15.4,8.3,10.5,3.8,0.6,3.2,9.2,2.1,2.2,12.7,74.7,51.2,25.9,17.5,11.2,31.1,37.0,25.5,8.0,10.1,5.9,18.2,19.2,49.6,2.1,55.6,42.3,35.0,7.3,47.4,41.7,5.7,37.4,28.5,8.9,69.7,10.7,64.7,73.8
149,2,11  ,2005X002 ,75.2,42.5,76.4,18.0,2.1,37.7,39.6,34.8,20.7,12.5,15.2,8.2,10.6,3.3,0.2,3.1,9.3,2.3,2.3,12.8,75.1,50.4,27.1,16.5,10.8,28.9,35.2,22.7,7.1,9.6,4.6,18.0,18.5,51.8,2.0,55.7,42.4,34.0,8.3,48.6,41.8,6.9,36.2,26.4,9.8,71.4,8.7,64.8,76.7
150,2,12  ,2007X001 ,74.2,41.4,79.5,20.3,3.8,37.5,46.0,43.0,18.3,9.0,13.3,10.9,8.8,3.6,0.8,2.7,8.5,1.5,2.0,14.7,73.1,50.0,25.4,9.7,5.5,30.6,35.6,25.7,6.9,9.9,4.0,17.8,17.9,54.6,3.0,56.0,41.0,32.6,8.4,49.2,40.2,9.0,32.9,25.1,7.9,68.7,9.1,64.0,77.0
151,2,12  ,2005X002 ,74.2,43.4,79.9,22.1,2.1,38.7,47.6,45.5,17.2,9.8,11.9,10.5,8.8,4.0,0.8,3.2,9.2,1.4,2.1,12.7,76.6,52.9,25.8,10.2,5.5,28.5,33.1,24.0,8.1,9.4,6.9,18.0,22.0,53.9,4.1,53.8,42.1,33.0,9.1,49.2,42.5,6.7,35.1,23.5,11.6,68.6,9.6,65.5,73.8
152,2,13  ,2007X001 ,77.2,45.5,73.7,19.3,3.6,40.9,40.8,32.5,24.4,12.6,11.9,7.7,9.9,3.7,0.5,3.2,10.1,1.9,3.1,15.9,74.9,52.6,26.1,13.7,9.0,34.3,38.5,30.1,8.8,10.7,6.8,22.7,18.6,55.3,0.8,52.1,47.1,34.0,13.1,51.6,40.6,11.0,42.7,27.5,15.2,66.5,11.1,69.6,76.3
153,2,13  ,2005X002 ,77.3,45.9,74.5,18.9,2.6,42.4,39.2,33.4,24.6,13.9,12.2,8.5,11.3,5.0,1.0,4.1,9.0,1.5,2.2,13.0,74.6,51.9,25.9,12.1,8.4,33.0,36.4,29.6,8.6,10.3,6.9,23.1,15.8,57.0,1.2,53.2,45.6,32.2,13.4,46.9,35.2,11.7,44.4,29.2,15.2,68.3,9.6,69.5,74.1
154,2,14  ,2007X001 ,73.9,44.1,78.6,19.3,1.6,38.0,38.7,32.4,19.2,8.8,13.0,8.1,8.9,3.8,0.3,3.5,8.9,2.1,1.8,9.7,74.7,48.4,22.4,10.6,8.2,24.1,28.4,20.0,5.6,7.2,4.1,18.3,16.1,56.2,2.4,53.4,44.1,36.1,8.0,48.6,41.8,6.9,39.6,30.5,9.1,67.3,10.7,67.2,81.5
155,2,14  ,2005X002 ,72.2,44.5,79.6,18.0,1.3,38.0,40.4,31.1,17.9,10.5,12.9,8.1,9.2,3.6,0.4,3.2,9.1,1.5,1.9,9.6,74.8,48.4,21.4,10.8,7.8,24.5,26.6,22.5,6.1,7.3,4.9,17.2,17.0,57.4,2.0,53.6,44.3,35.5,8.9,50.3,41.7,8.6,38.5,29.3,9.1,68.8,9.8,68.2,80.2
156,2,15  ,2007X001 ,76.8,40.3,75.8,18.2,2.5,39.9,37.4,36.4,22.6,11.5,14.2,8.5,10.7,3.7,0.6,3.1,9.0,2.2,2.4,12.7,73.3,46.8,24.6,13.4,10.1,30.0,34.3,25.8,7.8,8.4,7.3,22.8,14.5,46.6,1.9,51.7,46.4,33.2,13.2,49.7,38.3,11.4,43.1,28.0,15.1,68.9,11.9,63.7,71.9
157,2,15  ,2005X002 ,75.4,40.8,76.3,18.3,1.9,40.3,36.5,36.9,22.0,12.1,14.4,8.0,10.5,3.9,0.7,3.2,9.5,2.5,2.2,10.6,72.1,47.3,23.5,14.1,10.2,29.4,33.3,25.7,7.5,8.4,6.7,22.6,14.3,49.6,2.0,50.6,47.4,35.7,11.7,53.6,42.7,10.9,41.2,28.7,12.5,69.0,12.1,65.9,73.2
158,2,16  ,2007X001 ,69.5,40.0,76.0,19.3,0.9,38.4,41.0,34.2,19.4,12.1,14.7,5.3,10.2,4.0,0.9,3.1,10.7,1.6,2.2,10.6,71.9,47.6,23.3,13.1,9.1,28.3,33.9,22.8,7.6,8.2,7.0,23.7,12.2,49.8,1.7,48.2,50.1,38.3,11.8,57.5,46.6,10.9,42.7,30.1,12.6,65.3,13.9,63.2,79.8
159,2,16  ,2005X002 ,69.2,39.5,77.9,19.9,1.1,38.3,40.9,29.7,19.9,12.3,13.5,6.0,10.6,4.8,0.9,3.9,9.2,1.6,1.8,8.9,72.6,48.0,21.3,12.5,8.9,29.6,35.4,23.9,7.5,8.6,6.4,24.7,13.0,47.6,1.1,48.1,50.8,37.3,13.5,56.3,43.3,13.0,45.3,31.3,14.0,67.2,13.1,69.7,77.2
160,2,17  ,2007X001 ,68.3,36.1,81.9,17.2,1.1,37.5,34.8,38.8,19.2,11.5,11.3,7.3,9.5,3.8,0.5,3.3,9.5,2.1,1.7,6.5,69.4,45.0,20.0,11.9,6.6,28.1,32.7,23.5,5.7,7.0,4.4,21.9,14.6,53.6,1.5,46.9,51.6,40.5,11.2,58.6,49.3,9.3,44.8,31.7,13.1,70.6,12.3,69.8,78.6
161,2,17  ,2005X002 ,,,,,,,,,,,,,,,,,,,,,,,,,,,,,,,,,,,,,,,,,,,,,,,,,
162,2,18  ,2007X001 ,69.6,37.7,78.2,17.6,0.5,36.5,30.1,38.4,19.6,12.1,10.0,7.7,12.1,2.4,0.6,1.8,7.8,1.5,2.2,9.8,63.6,40.1,20.0,11.6,7.3,30.0,35.2,24.9,6.8,8.6,4.9,16.8,13.3,56.4,2.1,52.9,44.9,35.4,9.5,51.8,44.7,7.1,38.2,26.2,12.0,68.6,12.0,67.5,76.8
163,2,18  ,2005X002 ,70.0,37.5,78.2,19.1,0.4,39.7,27.9,46.2,21.5,12.0,9.5,7.8,12.6,2.9,0.8,2.1,8.5,1.6,2.1,8.3,64.9,40.8,19.2,11.5,6.5,28.6,33.0,24.2,7.1,7.7,6.6,15.7,13.2,56.8,2.1,53.3,44.6,34.4,10.2,53.9,45.4,8.5,35.4,23.6,11.9,69.6,12.2,70.2,76.6
164,2,19  ,2007X001 ,74.5,43.8,78.2,18.3,2.1,37.1,37.2,42.4,20.7,10.4,13.2,6.9,10.1,2.9,0.5,2.4,9.8,1.9,3.0,8.8,70.7,39.4,20.8,13.2,7.9,26.9,31.9,22.1,6.3,8.4,4.4,20.1,19.1,51.8,2.1,52.0,45.8,34.9,10.9,53.4,43.1,10.3,38.4,26.9,11.5,67.8,14.0,66.7,75.7
165,2,19  ,2005X002 ,74.6,43.8,78.0,18.0,1.6,36.5,37.2,45.7,19.5,11.4,11.9,6.9,9.9,3.3,0.4,2.8,8.8,1.9,3.3,9.3,70.4,39.6,21.3,14.0,7.8,26.0,29.6,22.6,6.2,7.6,4.7,19.1,17.7,54.5,1.3,50.7,48.0,36.9,11.1,55.3,43.3,12.0,40.8,30.6,10.2,68.3,12.7,65.7,79.2
166,2,20  ,2007X001 ,72.4,38.4,74.5,16.2,1.5,39.3,42.7,36.9,20.6,11.7,13.6,9.5,9.9,3.9,0.8,3.1,9.0,1.6,1.8,10.3,70.3,41.9,20.2,14.2,10.0,32.5,34.9,30.1,8.3,9.6,7.0,22.0,18.9,57.3,1.2,49.4,49.4,36.5,12.9,53.0,40.6,12.4,45.8,32.3,13.5,67.6,17.2,67.4,78.5
167,2,20  ,2005X002 ,71.7,41.5,75.7,16.5,1.2,40.1,43.2,38.0,20.4,11.9,13.8,8.7,9.5,4.2,1.0,3.2,8.1,1.8,1.8,9.4,71.9,42.8,19.7,12.7,8.3,31.3,35.5,27.3,8.1,9.7,6.6,23.1,16.5,58.6,1.1,50.4,48.5,36.6,11.8,51.7,41.0,10.7,45.3,32.3,13.0,67.7,16.5,66.2,79.4
168,2,21  ,2007X001 ,68.2,37.7,75.1,15.4,0.7,36.5,39.1,38.0,18.9,12.2,11.0,7.6,9.5,3.7,1.1,2.6,9.0,2.4,2.8,8.5,72.0,45.7,22.3,12.3,7.9,30.9,35.6,26.3,5.6,6.6,4.6,20.3,18.7,54.6,1.5,52.2,46.3,35.9,10.5,49.7,40.3,9.4,43.0,31.5,11.5,64.2,18.5,66.2,76.0
169,2,21  ,2005X002 ,68.0,38.2,75.3,16.0,0.5,37.1,40.0,37.4,17.9,13.1,10.1,7.9,9.4,4.0,1.1,2.9,8.7,3.0,2.6,8.0,72.1,46.2,21.7,11.1,7.3,30.1,34.2,26.2,6.0,7.0,5.1,19.6,17.3,55.5,1.9,53.3,44.9,34.4,10.5,48.4,39.2,9.2,41.4,29.7,11.7,65.3,18.5,64.9,78.8
170,2,22  ,2007X001 ,70.9,39.3,80.2,19.5,0.6,36.0,44.7,42.0,17.7,11.0,12.2,7.3,9.7,3.3,0.6,2.7,9.0,1.7,1.7,8.5,74.6,48.0,20.3,11.7,7.5,26.8,31.4,22.2,7.0,9.9,4.1,17.8,15.9,55.9,1.7,54.4,43.9,32.8,11.1,48.8,38.2,10.6,39.1,27.4,11.6,69.0,11.2,68.4,78.4
171,2,22  ,2005X002 ,71.2,38.0,79.8,20.0,1.1,36.3,43.6,37.3,17.0,11.9,11.1,6.5,8.4,3.7,0.8,2.9,7.4,1.8,1.9,8.7,74.0,47.4,21.3,10.3,6.5,26.3,31.8,21.1,6.3,8.5,4.0,18.1,15.7,57.0,2.2,53.7,44.1,33.6,10.5,49.5,39.0,10.5,38.8,28.2,10.5,70.2,10.9,69.1,78.7
172,2,23  ,2007X001 ,72.4,41.0,80.3,17.6,1.1,37.5,43.8,46.4,17.6,11.2,10.4,6.7,9.6,4.7,1.2,3.5,8.2,1.8,1.9,8.7,69.8,45.5,22.1,10.2,6.2,29.8,34.2,25.5,6.8,8.1,5.4,17.9,18.4,55.7,1.7,50.2,48.1,35.5,12.6,53.2,39.2,14.0,43.1,31.9,11.2,69.0,12.5,68.8,78.6
173,2,23  ,2005X002 ,74.6,43.0,81.2,19.9,1.4,39.6,42.4,46.2,19.2,12.2,11.8,6.8,8.6,4.2,0.9,3.3,7.7,1.2,1.8,8.4,70.8,45.6,23.3,10.9,5.5,25.0,26.7,23.4,5.5,5.9,5.0,16.2,19.9,57.1,0.8,50.3,48.9,35.0,13.9,50.5,35.1,15.5,47.3,34.9,12.3,69.1,10.6,68.9,81.3
174,2,24  ,2007X001 ,77.2,41.7,78.0,16.7,1.2,40.1,36.9,41.6,18.9,10.3,12.2,7.2,9.6,4.6,0.9,3.8,9.1,1.6,1.8,11.0,70.4,42.6,20.8,13.4,8.1,30.5,34.3,26.9,8.4,9.1,7.7,18.8,17.2,54.5,1.2,52.2,46.6,34.4,12.1,52.3,40.8,11.5,40.9,28.2,12.7,64.8,15.6,68.6,75.4
175,2,24  ,2005X002 ,76.6,41.8,77.4,17.9,1.0,41.4,38.8,39.6,19.7,11.3,11.2,8.2,10.1,4.5,0.8,3.7,8.5,1.7,1.9,10.6,71.9,44.6,21.5,14.1,8.3,30.3,33.5,27.2,8.4,9.7,7.1,18.6,17.4,54.3,1.4,53.2,45.5,33.4,12.0,52.2,41.1,11.2,38.8,25.8,12.9,66.3,14.8,67.7,76.3
176,2,25  ,2007X001 ,71.8,39.4,77.7,17.6,1.2,35.9,33.7,40.2,18.2,10.6,10.9,7.2,9.5,3.3,0.7,2.6,8.9,2.0,2.5,10.1,65.4,37.7,19.5,13.6,8.6,28.6,31.0,26.2,9.2,9.5,8.9,18.8,19.8,54.6,1.0,53.9,45.1,33.7,11.5,49.0,38.8,10.2,41.3,28.6,12.7,67.4,14.9,68.5,78.7
177,2,25  ,2005X002 ,72.3,40.5,77.4,19.0,0.9,36.1,34.1,40.4,18.7,11.2,11.8,7.1,10.2,3.0,0.6,2.4,8.9,2.3,2.3,9.4,65.9,38.9,19.7,14.3,8.9,28.9,32.2,25.7,8.7,9.7,7.7,19.0,19.8,54.4,1.2,54.1,44.6,34.3,10.3,47.7,39.0,8.7,41.5,29.6,12.0,68.1,14.8,67.8,78.2
178,2,26  ,2007X001 ,73.0,40.5,79.1,16.6,1.2,36.0,38.6,40.7,17.3,11.1,10.3,6.1,8.7,3.3,1.0,2.3,7.8,1.3,1.9,7.2,70.5,44.0,21.3,11.4,5.8,26.8,29.3,24.4,5.8,7.6,4.0,17.3,20.0,55.8,2.0,56.0,42.0,32.8,9.2,45.9,37.1,8.8,38.2,28.6,9.6,65.4,11.7,70.4,76.6
179,2,26  ,2005X002 ,72.9,41.1,76.8,17.2,1.2,37.6,38.9,40.9,17.0,12.7,9.7,6.5,8.2,3.5,0.9,2.6,8.1,1.5,1.5,7.2,71.1,45.6,20.7,10.9,5.9,25.1,28.5,21.8,6.0,7.7,4.4,17.2,19.4,56.9,2.0,54.6,43.4,33.5,9.9,47.6,37.1,10.5,39.2,30.0,9.2,63.9,12.6,67.8,75.2
180,2,27  ,2007X001 ,76.1,43.4,77.7,16.5,1.5,42.0,38.4,44.5,25.0,11.2,14.8,8.6,10.2,3.6,0.9,2.7,9.6,3.0,3.0,12.0,74.8,46.7,25.4,14.2,9.3,30.8,33.8,27.8,10.1,11.4,8.9,18.9,17.0,47.5,1.7,51.7,46.6,33.7,13.0,53.6,41.7,11.9,39.7,25.7,14.0,68.2,11.9,67.7,76.3
181,2,27  ,2005X002 ,76.4,44.1,78.9,16.9,1.7,42.6,39.1,44.0,24.8,11.5,14.4,8.3,10.8,3.8,0.9,2.9,10.4,2.9,3.1,11.5,75.8,47.6,26.3,14.7,9.7,31.8,34.1,29.6,9.4,9.6,9.2,21.0,18.0,46.8,2.5,50.8,46.7,33.6,13.1,53.6,42.2,11.3,39.9,25.0,14.9,68.3,11.7,67.0,76.2
182,2,28  ,2007X001 ,70.9,36.8,80.5,16.9,1.4,34.4,40.0,40.6,18.2,11.0,10.4,6.1,9.3,3.0,0.5,2.5,8.8,1.4,2.2,10.2,71.1,43.6,20.6,11.8,7.1,27.9,31.6,24.3,6.2,7.7,4.6,14.3,20.4,58.4,2.0,57.0,41.0,32.6,8.4,43.2,36.8,6.4,38.7,28.4,10.3,68.2,13.9,69.0,74.2
183,2,28  ,2005X002 ,71.1,37.9,80.3,16.7,1.2,34.2,41.0,40.8,18.9,11.1,11.4,6.4,10.0,3.8,0.6,3.1,8.8,1.9,1.9,10.1,73.4,46.1,21.8,12.2,7.8,29.0,32.1,25.9,6.9,9.3,4.7,14.8,20.8,59.8,2.6,55.4,42.1,33.6,8.4,44.5,37.7,6.8,39.6,29.6,10.0,69.7,12.9,69.4,76.7
184,2,29  ,2007X001 ,74.3,36.6,81.0,17.0,1.1,36.3,37.8,39.4,17.5,9.8,11.5,6.8,10.5,3.2,0.7,2.6,8.0,1.5,1.9,10.8,69.0,41.1,21.9,12.5,7.7,28.9,33.3,24.6,6.7,7.8,5.7,16.9,20.0,53.0,2.4,52.6,45.0,34.4,10.6,51.1,41.6,9.5,39.0,27.4,11.7,68.8,13.6,70.3,82.0
185,2,29  ,2005X002 ,74.2,38.4,80.5,18.4,1.3,38.3,38.3,41.2,17.0,10.3,11.0,7.3,10.4,3.2,0.5,2.6,8.7,1.7,2.2,10.9,69.7,43.0,21.7,12.6,7.7,27.9,31.5,24.5,6.4,7.3,5.6,17.0,20.4,54.0,1.8,51.7,46.5,35.9,10.6,52.9,43.2,9.7,40.2,28.7,11.5,68.7,13.6,69.2,80.2
186,2,30  ,2007X001 ,71.2,39.1,79.4,17.9,1.4,36.1,41.5,36.8,18.5,11.5,10.9,7.8,9.3,3.3,0.9,2.4,9.2,1.7,2.1,9.2,70.5,43.2,22.0,11.3,7.4,28.2,30.8,25.8,7.0,8.2,5.9,19.4,19.0,57.7,1.4,50.8,47.8,36.1,11.7,53.3,42.9,10.4,42.5,29.5,13.0,68.4,13.8,68.3,80.3
187,2,30  ,2005X002 ,71.1,38.8,78.5,19.1,1.6,37.4,41.5,36.9,19.0,12.4,10.7,7.8,9.9,3.6,0.9,2.7,8.7,1.8,2.1,9.2,71.3,44.6,21.0,11.4,7.5,27.2,30.2,24.3,6.5,8.4,4.7,18.9,17.6,58.0,1.7,49.5,48.8,36.7,12.1,53.7,43.7,10.0,44.0,29.7,14.3,69.7,13.7,66.9,79.2
188,3,NL00,2007X001 ,0.2,0.2,0.2,0.2,0.1,0.2,0.2,0.5,0.2,0.2,0.2,0.1,0.2,0.1,0.0,0.1,0.2,0.1,0.1,0.2,0.2,0.3,0.2,0.2,0.2,0.2,0.2,0.2,0.1,0.2,0.2,0.2,0.2,0.3,0.1,0.3,0.3,0.3,0.2,0.4,0.4,0.3,0.4,0.4,0.3,0.3,0.2,0.5,0.5
189,3,NL00,2005X002 ,0.2,0.3,0.2,0.2,0.1,0.2,0.2,0.5,0.2,0.2,0.2,0.1,0.2,0.1,0.0,0.1,0.2,0.1,0.1,0.2,0.2,0.3,0.2,0.2,0.2,0.3,0.4,0.3,0.1,0.2,0.2,0.2,0.2,0.3,0.1,0.3,0.3,0.3,0.2,0.4,0.4,0.3,0.4,0.4,0.3,0.3,0.2,0.5,0.6
190,3,LD01,2007X001 ,0.7,0.7,0.7,0.6,0.2,0.7,0.7,1.5,0.5,0.5,0.5,0.5,0.5,0.3,0.2,0.3,0.5,0.2,0.3,0.5,0.7,0.8,0.6,0.6,0.5,0.7,1.0,0.9,0.4,0.6,0.5,0.7,0.7,0.9,0.2,0.9,0.9,0.9,0.6,1.3,1.3,0.8,1.2,1.2,0.8,0.8,0.7,1.3,1.6
191,3,LD01,2005X002 ,0.7,0.8,0.7,0.6,0.2,0.8,0.8,1.6,0.6,0.6,0.6,0.5,0.5,0.3,0.2,0.3,0.5,0.3,0.3,0.5,0.7,0.8,0.7,0.6,0.5,0.8,1.2,1.1,0.4,0.7,0.5,0.8,0.7,1.0,0.2,0.9,0.9,0.9,0.6,1.3,1.3,0.8,1.3,1.2,0.9,0.8,0.7,1.4,1.7
192,3,LD02,2007X001 ,0.5,0.5,0.4,0.4,0.1,0.5,0.5,1.1,0.4,0.4,0.4,0.3,0.3,0.2,0.1,0.2,0.3,0.1,0.2,0.4,0.5,0.6,0.5,0.4,0.4,0.5,0.7,0.6,0.3,0.4,0.4,0.5,0.5,0.7,0.2,0.7,0.7,0.6,0.4,0.9,0.9,0.6,0.9,0.8,0.6,0.6,0.4,1.0,1.2
193,3,LD02,2005X002 ,0.5,0.5,0.5,0.4,0.1,0.5,0.5,1.1,0.4,0.4,0.4,0.3,0.4,0.2,0.1,0.2,0.3,0.2,0.2,0.4,0.5,0.6,0.5,0.4,0.4,0.5,0.8,0.7,0.3,0.5,0.4,0.5,0.5,0.7,0.2,0.7,0.7,0.6,0.4,0.9,0.9,0.6,0.9,0.8,0.6,0.6,0.4,1.0,1.2
194,3,LD03,2007X001 ,0.3,0.4,0.3,0.3,0.1,0.4,0.4,0.8,0.3,0.3,0.3,0.2,0.2,0.1,0.1,0.1,0.2,0.1,0.1,0.3,0.4,0.4,0.3,0.3,0.2,0.3,0.5,0.4,0.2,0.3,0.3,0.4,0.4,0.5,0.1,0.5,0.4,0.4,0.3,0.6,0.6,0.4,0.6,0.6,0.4,0.4,0.3,0.7,0.9
195,3,LD03,2005X002 ,0.3,0.4,0.3,0.3,0.1,0.4,0.4,0.7,0.3,0.3,0.3,0.2,0.2,0.2,0.1,0.1,0.2,0.1,0.1,0.3,0.3,0.4,0.3,0.3,0.2,0.4,0.5,0.5,0.2,0.3,0.3,0.4,0.4,0.5,0.1,0.4,0.4,0.4,0.3,0.6,0.6,0.4,0.6,0.5,0.4,0.4,0.3,0.7,0.9
196,3,LD04,2007X001 ,0.4,0.5,0.4,0.4,0.1,0.5,0.5,1.1,0.4,0.3,0.4,0.3,0.3,0.2,0.1,0.2,0.3,0.2,0.2,0.4,0.5,0.5,0.4,0.4,0.3,0.4,0.6,0.6,0.3,0.5,0.4,0.5,0.5,0.6,0.1,0.6,0.6,0.6,0.4,0.9,0.8,0.5,0.8,0.8,0.6,0.6,0.4,0.9,1.1
197,3,LD04,2005X002 ,0.5,0.5,0.5,0.4,0.1,0.5,0.5,1.1,0.4,0.4,0.4,0.3,0.4,0.2,0.1,0.2,0.3,0.2,0.2,0.4,0.5,0.6,0.5,0.5,0.4,0.5,0.8,0.7,0.3,0.5,0.4,0.5,0.5,0.7,0.2,0.6,0.6,0.6,0.4,0.9,0.9,0.5,0.9,0.8,0.6,0.6,0.4,1.0,1.2
198,3,PV20,2007X001 ,1.2,1.3,1.1,1.0,0.3,1.3,1.3,2.6,1.0,0.9,1.0,0.8,0.9,0.6,0.3,0.5,0.8,0.4,0.4,1.0,1.2,1.3,1.1,1.1,1.0,1.2,1.7,1.6,0.8,1.2,1.0,1.3,1.2,1.6,0.3,1.6,1.5,1.5,1.0,2.2,2.2,1.4,2.1,2.0,1.5,1.4,1.1,2.4,3.0
199,3,PV20,2005X002 ,1.2,1.3,1.2,1.0,0.3,1.3,1.4,2.7,1.1,1.0,1.0,0.8,0.9,0.6,0.3,0.5,0.8,0.4,0.4,1.0,1.2,1.4,1.1,1.1,0.9,1.4,2.0,1.8,0.8,1.2,1.0,1.4,1.3,1.7,0.3,1.6,1.6,1.5,1.0,2.2,2.2,1.3,2.2,2.1,1.5,1.4,1.1,2.6,3.0
200,3,PV21,2007X001 ,1.1,1.2,1.1,0.9,0.2,1.2,1.2,2.5,0.9,0.9,0.8,0.7,0.8,0.5,0.3,0.4,0.7,0.4,0.4,0.8,1.1,1.3,1.0,1.0,0.8,1.1,1.6,1.4,0.6,0.9,0.8,1.2,1.2,1.5,0.3,1.5,1.4,1.4,0.9,2.1,2.1,1.2,2.0,1.9,1.3,1.4,1.1,2.2,2.7
201,3,PV21,2005X002 ,1.2,1.3,1.1,1.0,0.2,1.3,1.3,2.6,1.0,0.9,0.8,0.8,0.8,0.6,0.3,0.5,0.8,0.5,0.4,0.9,1.2,1.3,1.1,1.0,0.8,1.3,1.9,1.7,0.7,1.0,0.8,1.2,1.2,1.6,0.4,1.5,1.5,1.4,0.9,2.2,2.1,1.3,2.1,1.9,1.3,1.4,1.1,2.4,2.7
202,3,PV22,2007X001 ,1.2,1.4,1.2,1.0,0.3,1.4,1.4,2.8,1.0,1.0,1.0,0.9,0.8,0.5,0.3,0.4,0.8,0.4,0.5,0.9,1.3,1.4,1.1,1.1,0.8,1.2,1.8,1.6,0.8,1.1,1.1,1.4,1.3,1.7,0.4,1.7,1.7,1.6,1.1,2.4,2.4,1.5,2.3,2.1,1.7,1.5,1.2,2.4,2.9
203,3,PV22,2005X002 ,1.3,1.5,1.3,1.1,0.3,1.5,1.5,3.0,1.2,1.1,1.0,0.9,0.9,0.6,0.3,0.5,0.9,0.5,0.5,1.0,1.3,1.5,1.2,1.2,0.9,1.5,2.2,2.1,0.8,1.3,1.0,1.4,1.4,1.8,0.4,1.7,1.7,1.7,1.2,2.4,2.4,1.6,2.4,2.2,1.8,1.6,1.2,2.6,3.3
204,3,PV23,2007X001 ,0.8,0.9,0.8,0.7,0.2,0.9,0.9,1.9,0.6,0.6,0.6,0.5,0.6,0.4,0.2,0.3,0.5,0.2,0.3,0.6,0.9,0.9,0.8,0.7,0.6,0.8,1.2,1.1,0.5,0.7,0.7,0.9,0.9,1.2,0.3,1.1,1.1,1.1,0.7,1.6,1.6,1.0,1.6,1.4,1.1,1.0,0.8,1.7,2.0
205,3,PV23,2005X002 ,0.9,1.0,0.8,0.7,0.2,0.9,0.9,2.0,0.8,0.7,0.7,0.6,0.6,0.4,0.2,0.4,0.6,0.3,0.3,0.6,0.9,1.0,0.8,0.8,0.6,1.0,1.4,1.4,0.5,0.7,0.8,0.9,1.0,1.2,0.3,1.2,1.2,1.1,0.7,1.6,1.6,1.0,1.6,1.5,1.1,1.0,0.8,1.8,2.2
206,3,PV24,2007X001 ,1.5,1.7,1.4,1.3,0.3,1.6,1.7,3.5,1.2,1.1,1.2,1.0,1.0,0.6,0.3,0.6,1.0,0.4,0.5,1.3,1.6,1.8,1.5,1.4,1.2,1.5,2.2,2.1,1.0,1.5,1.2,1.7,1.6,2.2,0.5,2.1,2.1,2.1,1.5,3.0,3.0,1.8,3.1,2.9,2.4,1.9,1.3,3.4,3.7
207,3,PV24,2005X002 ,1.5,1.7,1.3,1.3,0.4,1.6,1.7,3.4,1.3,1.1,1.2,1.0,0.9,0.6,0.2,0.6,1.0,0.4,0.5,1.3,1.5,1.7,1.5,1.3,1.1,1.6,2.3,2.3,0.9,1.5,1.1,1.7,1.6,2.2,0.5,2.1,2.1,2.0,1.4,2.8,2.8,1.7,3.0,2.8,2.3,1.7,1.1,3.3,3.1
208,3,PV25,2007X001 ,0.7,0.7,0.6,0.5,0.2,0.7,0.7,1.5,0.5,0.5,0.5,0.4,0.5,0.3,0.1,0.3,0.4,0.2,0.2,0.5,0.7,0.7,0.6,0.6,0.5,0.6,0.9,0.8,0.4,0.6,0.5,0.7,0.7,0.9,0.2,0.9,0.9,0.8,0.6,1.2,1.2,0.8,1.2,1.1,0.8,0.8,0.6,1.3,1.5
209,3,PV25,2005X002 ,0.7,0.7,0.6,0.6,0.2,0.7,0.7,1.5,0.6,0.5,0.5,0.4,0.5,0.3,0.1,0.3,0.4,0.2,0.2,0.5,0.7,0.8,0.6,0.6,0.5,0.7,1.1,0.9,0.4,0.6,0.5,0.7,0.7,0.9,0.2,0.9,0.9,0.8,0.6,1.2,1.2,0.8,1.2,1.1,0.8,0.8,0.5,1.3,1.6
210,3,PV26,2007X001 ,0.8,0.9,0.7,0.7,0.2,0.9,0.9,1.8,0.6,0.6,0.6,0.5,0.6,0.3,0.2,0.3,0.5,0.3,0.3,0.6,0.8,0.9,0.8,0.7,0.6,0.8,1.2,1.0,0.5,0.8,0.6,0.9,0.9,1.1,0.3,1.1,1.1,1.0,0.7,1.6,1.5,1.0,1.5,1.3,0.9,1.0,0.7,1.6,2.1
211,3,PV26,2005X002 ,0.9,0.9,0.8,0.8,0.2,0.9,0.9,1.8,0.7,0.6,0.7,0.5,0.6,0.4,0.2,0.3,0.5,0.3,0.3,0.7,0.9,1.0,0.8,0.7,0.6,0.9,1.4,1.2,0.5,0.8,0.6,0.9,0.9,1.2,0.3,1.1,1.1,1.0,0.7,1.6,1.5,0.9,1.5,1.4,1.0,1.0,0.6,1.7,2.1
212,3,PV27,2007X001 ,0.6,0.7,0.6,0.5,0.2,0.7,0.7,1.4,0.5,0.5,0.5,0.4,0.4,0.3,0.1,0.2,0.4,0.2,0.2,0.5,0.6,0.7,0.6,0.5,0.4,0.6,0.9,0.8,0.4,0.6,0.5,0.6,0.7,0.8,0.2,0.8,0.8,0.8,0.5,1.2,1.1,0.7,1.1,1.0,0.7,0.7,0.5,1.2,1.5
213,3,PV27,2005X002 ,0.6,0.6,0.5,0.5,0.2,0.6,0.6,1.3,0.5,0.4,0.5,0.4,0.4,0.3,0.1,0.2,0.4,0.2,0.2,0.5,0.6,0.7,0.6,0.5,0.4,0.6,0.9,0.8,0.4,0.6,0.4,0.6,0.6,0.8,0.2,0.7,0.7,0.7,0.4,1.0,1.0,0.6,1.0,0.9,0.6,0.6,0.4,1.1,1.4
214,3,PV28,2007X001 ,0.5,0.6,0.5,0.4,0.2,0.5,0.5,1.1,0.4,0.4,0.4,0.3,0.4,0.2,0.1,0.2,0.3,0.2,0.2,0.4,0.5,0.6,0.5,0.5,0.4,0.5,0.7,0.6,0.3,0.5,0.4,0.6,0.5,0.7,0.2,0.7,0.7,0.6,0.4,1.0,1.0,0.6,0.9,0.9,0.6,0.6,0.4,1.0,1.3
215,3,PV28,2005X002 ,0.5,0.5,0.5,0.4,0.1,0.5,0.5,1.1,0.4,0.4,0.4,0.3,0.4,0.2,0.1,0.2,0.3,0.2,0.2,0.4,0.5,0.6,0.5,0.4,0.4,0.5,0.8,0.7,0.3,0.5,0.4,0.5,0.5,0.7,0.2,0.6,0.6,0.6,0.4,0.9,0.9,0.6,0.9,0.8,0.6,0.6,0.4,1.0,1.3
216,3,PV29,2007X001 ,1.4,1.5,1.3,1.2,0.2,1.5,1.4,3.4,1.1,1.1,1.0,0.9,1.1,0.6,0.3,0.5,0.9,0.4,0.5,1.1,1.6,1.6,1.3,1.3,1.0,1.3,2.0,1.7,0.8,1.4,1.0,1.4,1.3,1.9,0.5,1.8,1.8,1.8,1.1,2.6,2.6,1.3,2.5,2.4,1.7,1.7,1.3,2.8,3.2
217,3,PV29,2005X002 ,1.5,1.6,1.4,1.3,0.2,1.7,1.5,3.6,1.4,1.2,1.1,1.0,1.3,0.6,0.3,0.6,1.1,0.5,0.6,1.1,1.6,1.7,1.4,1.3,1.0,1.6,2.4,2.1,0.9,1.3,1.2,1.5,1.5,2.1,0.5,1.9,1.9,1.9,1.2,2.7,2.7,1.5,2.7,2.5,1.8,1.7,1.3,3.0,3.6
218,3,PV30,2007X001 ,0.5,0.6,0.5,0.5,0.1,0.6,0.6,1.3,0.4,0.4,0.4,0.3,0.4,0.3,0.1,0.2,0.4,0.2,0.2,0.5,0.6,0.6,0.5,0.5,0.4,0.5,0.8,0.7,0.4,0.6,0.5,0.6,0.6,0.8,0.2,0.7,0.7,0.7,0.5,1.1,1.0,0.7,1.0,0.9,0.7,0.7,0.5,1.1,1.3
219,3,PV30,2005X002 ,0.6,0.7,0.5,0.5,0.1,0.6,0.6,1.4,0.5,0.5,0.5,0.4,0.4,0.3,0.1,0.2,0.4,0.2,0.2,0.5,0.6,0.7,0.6,0.5,0.4,0.7,0.9,0.9,0.4,0.6,0.5,0.6,0.7,0.8,0.2,0.8,0.8,0.7,0.5,1.1,1.1,0.6,1.1,1.0,0.7,0.7,0.5,1.2,1.4
220,3,PV31,2007X001 ,0.8,0.9,0.8,0.7,0.2,0.9,0.9,1.9,0.7,0.6,0.7,0.5,0.6,0.4,0.2,0.3,0.6,0.3,0.4,0.7,0.8,0.9,0.8,0.7,0.6,0.8,1.1,1.0,0.5,0.8,0.7,0.8,0.8,1.1,0.3,1.0,1.0,1.0,0.7,1.5,1.5,0.9,1.4,1.3,1.0,1.0,0.7,1.6,1.8
221,3,PV31,2005X002 ,0.8,1.0,0.8,0.8,0.2,1.0,0.9,2.1,0.8,0.7,0.7,0.6,0.7,0.4,0.2,0.4,0.6,0.3,0.4,0.7,0.9,1.0,0.9,0.8,0.7,0.9,1.4,1.3,0.6,0.8,0.8,0.9,0.9,1.2,0.3,1.1,1.1,1.1,0.7,1.6,1.5,1.0,1.6,1.4,1.1,1.0,0.7,1.8,2.0
222,3,1   ,2007X001 ,1.2,1.4,1.2,1.0,0.3,1.4,1.4,2.8,1.0,1.0,1.0,0.9,0.8,0.5,0.3,0.4,0.8,0.4,0.5,0.9,1.3,1.4,1.1,1.1,0.8,1.2,1.8,1.6,0.8,1.1,1.1,1.4,1.3,1.7,0.4,1.7,1.7,1.6,1.1,2.4,2.4,1.5,2.3,2.1,1.7,1.5,1.2,2.4,2.9
223,3,1   ,2005X002 ,1.3,1.5,1.3,1.1,0.3,1.5,1.5,3.0,1.2,1.1,1.0,0.9,0.9,0.6,0.3,0.5,0.9,0.5,0.5,1.0,1.3,1.5,1.2,1.2,0.9,1.5,2.2,2.1,0.8,1.3,1.0,1.4,1.4,1.8,0.4,1.7,1.7,1.7,1.2,2.4,2.4,1.6,2.4,2.2,1.8,1.6,1.2,2.6,3.3
224,3,2   ,2007X001 ,1.4,1.4,1.3,1.0,0.3,1.4,1.4,3.0,1.0,1.0,1.0,0.8,0.8,0.6,0.3,0.5,0.8,0.4,0.4,1.0,1.4,1.5,1.2,1.2,0.9,1.3,1.9,1.7,0.8,1.1,1.1,1.4,1.5,1.9,0.4,1.8,1.8,1.7,1.2,2.5,2.5,1.6,2.4,2.1,1.8,1.6,1.3,2.7,3.0
225,3,2   ,2005X002 ,1.5,1.5,1.4,1.1,0.4,1.5,1.5,3.2,1.2,1.1,1.1,0.8,0.9,0.6,0.3,0.6,0.8,0.5,0.5,1.0,1.5,1.6,1.3,1.3,0.9,1.6,2.3,2.2,0.8,1.2,1.1,1.5,1.6,2.0,0.4,1.9,1.9,1.8,1.3,2.6,2.6,1.6,2.6,2.2,1.9,1.7,1.3,2.9,3.2
226,3,3   ,2007X001 ,1.1,1.2,1.0,1.0,0.3,1.2,1.2,2.6,0.9,0.8,0.8,0.7,0.8,0.5,0.3,0.5,0.7,0.3,0.4,0.9,1.2,1.3,1.0,1.0,0.8,1.1,1.5,1.5,0.7,0.9,1.0,1.2,1.2,1.5,0.4,1.5,1.5,1.4,1.0,2.1,2.1,1.3,2.1,2.0,1.4,1.4,1.0,2.3,2.7
227,3,3   ,2005X002 ,1.2,1.3,1.1,1.1,0.3,1.3,1.3,2.7,1.1,0.9,0.9,0.8,0.9,0.6,0.3,0.5,0.8,0.4,0.4,0.9,1.2,1.4,1.1,1.1,0.9,1.3,1.9,1.9,0.7,1.0,1.1,1.2,1.4,1.6,0.4,1.6,1.6,1.5,1.0,2.2,2.2,1.4,2.2,2.1,1.5,1.4,1.0,2.4,2.9
228,3,4   ,2007X001 ,1.2,1.3,1.0,1.0,0.3,1.3,1.3,2.7,0.9,0.9,0.9,0.7,0.9,0.5,0.1,0.5,0.8,0.3,0.4,0.9,1.2,1.4,1.1,1.1,0.8,1.1,1.7,1.5,0.7,1.1,0.9,1.3,1.2,1.7,0.4,1.6,1.6,1.5,1.0,2.3,2.3,1.4,2.2,2.1,1.4,1.4,1.0,2.4,2.8
229,3,4   ,2005X002 ,1.2,1.3,1.1,1.1,0.4,1.3,1.3,2.7,1.0,0.9,1.0,0.8,0.9,0.5,0.1,0.5,0.8,0.4,0.4,0.9,1.2,1.4,1.2,1.1,0.8,1.3,2.1,1.7,0.7,1.1,0.9,1.3,1.2,1.7,0.4,1.6,1.6,1.5,1.0,2.3,2.3,1.4,2.1,2.0,1.3,1.4,1.0,2.5,3.0
230,3,5   ,2007X001 ,1.8,2.0,1.7,1.5,0.4,2.0,2.0,4.4,1.4,1.5,1.3,1.2,1.3,0.7,0.3,0.7,1.1,0.6,0.8,1.4,2.0,2.1,1.7,1.6,1.4,1.8,2.7,2.4,1.2,1.8,1.7,2.0,2.0,2.6,0.2,2.5,2.5,2.4,1.8,3.4,3.5,2.4,3.5,3.2,2.7,2.3,1.7,3.8,4.8
231,3,5   ,2005X002 ,2.0,2.2,1.8,1.7,0.3,2.1,2.1,4.6,1.7,1.5,1.4,1.3,1.5,0.8,0.5,0.6,1.3,0.7,0.8,1.5,2.1,2.3,1.8,1.9,1.6,2.2,3.2,2.9,1.3,1.9,1.7,2.1,2.1,2.8,0.6,2.6,2.6,2.6,1.9,3.7,3.8,2.6,3.7,3.5,2.8,2.4,1.7,4.0,5.5
232,3,6   ,2007X001 ,1.6,1.8,1.4,1.4,0.4,1.7,1.8,3.6,1.3,1.2,1.3,1.0,1.2,0.8,0.4,0.7,1.1,0.5,0.6,1.2,1.6,1.8,1.5,1.5,1.3,1.5,2.4,1.9,0.9,1.4,1.1,1.7,1.7,2.2,0.6,2.1,2.1,2.0,1.3,3.1,3.0,1.9,2.9,2.7,1.8,1.9,1.3,3.2,3.9
233,3,6   ,2005X002 ,1.7,1.8,1.4,1.4,0.4,1.8,1.8,3.7,1.5,1.3,1.4,1.2,1.2,0.8,0.3,0.7,1.1,0.5,0.6,1.2,1.7,1.9,1.6,1.4,1.1,1.8,2.7,2.3,0.9,1.5,1.1,1.6,1.8,2.3,0.6,2.1,2.1,2.0,1.3,3.0,3.0,1.8,2.9,2.6,1.9,1.9,1.1,3.4,4.0
234,3,7   ,2007X001 ,1.5,1.7,1.4,1.3,0.3,1.6,1.7,3.5,1.2,1.1,1.2,1.0,1.0,0.6,0.3,0.6,1.0,0.4,0.5,1.3,1.6,1.8,1.5,1.4,1.2,1.5,2.2,2.1,1.0,1.5,1.2,1.7,1.6,2.2,0.5,2.1,2.1,2.1,1.5,3.0,3.0,1.8,3.1,2.9,2.4,1.9,1.3,3.4,3.7
235,3,7   ,2005X002 ,1.5,1.7,1.3,1.3,0.4,1.6,1.7,3.4,1.3,1.1,1.2,1.0,0.9,0.6,0.2,0.6,1.0,0.4,0.5,1.3,1.5,1.7,1.5,1.3,1.1,1.6,2.3,2.3,0.9,1.5,1.1,1.7,1.6,2.2,0.5,2.1,2.1,2.0,1.4,2.8,2.8,1.7,3.0,2.8,2.3,1.7,1.1,3.3,3.1
236,3,8   ,2007X001 ,1.7,1.8,1.5,1.5,0.5,1.8,1.9,3.7,1.3,1.3,1.2,1.0,1.1,0.5,0.4,0.4,0.9,0.6,0.7,1.3,1.8,1.9,1.6,1.4,1.1,1.6,2.4,2.1,1.0,1.5,1.1,1.7,1.8,2.4,0.5,2.2,2.2,2.2,1.4,3.2,3.2,2.1,3.1,2.9,1.9,2.0,1.4,3.3,4.6
237,3,8   ,2005X002 ,,,,,,,,,,,,,,,,,,,,,,,,,,,,,,,,,,,,,,,,,,,,,,,,,
238,3,9   ,2007X001 ,1.7,1.9,1.7,1.6,0.5,1.9,2.0,3.5,1.4,1.2,1.4,1.2,1.1,0.6,0.3,0.5,1.1,0.5,0.7,1.6,1.7,2.0,1.7,1.5,1.3,1.7,2.5,2.3,1.0,1.8,1.1,1.9,1.9,2.5,0.8,2.2,2.2,2.1,1.2,3.3,3.2,1.7,2.9,2.6,1.7,1.9,1.3,3.7,5.9
239,3,9   ,2005X002 ,1.8,1.9,1.6,1.5,0.6,1.8,1.9,3.4,1.6,1.2,1.5,1.2,1.0,0.7,0.3,0.7,1.1,0.5,0.6,1.5,1.7,2.0,1.7,1.3,1.1,2.0,2.9,2.6,1.1,1.8,1.3,1.8,1.9,2.5,0.8,2.2,2.1,2.0,1.2,3.0,2.9,1.5,2.9,2.5,1.9,1.8,1.1,3.9,6.0
240,3,10  ,2007X001 ,1.3,1.5,1.2,1.2,0.4,1.4,1.4,3.0,1.1,1.0,1.0,0.9,1.0,0.5,0.2,0.5,0.9,0.4,0.5,1.1,1.3,1.5,1.3,1.1,0.9,1.3,1.9,1.6,0.9,1.5,1.0,1.3,1.4,1.8,0.4,1.7,1.7,1.7,1.1,2.5,2.4,1.5,2.4,2.3,1.5,1.6,1.1,2.6,3.5
241,3,10  ,2005X002 ,1.2,1.4,1.1,1.1,0.4,1.3,1.3,2.8,1.1,1.0,0.9,0.8,0.9,0.4,0.1,0.4,0.8,0.4,0.4,1.0,1.2,1.4,1.2,1.0,0.8,1.3,2.0,1.7,0.9,1.4,1.0,1.2,1.3,1.7,0.3,1.6,1.6,1.5,1.0,2.3,2.2,1.3,2.1,2.0,1.4,1.4,0.9,2.4,3.1
242,3,11  ,2007X001 ,1.2,1.4,1.2,1.0,0.4,1.3,1.4,2.8,1.0,1.0,1.0,0.8,0.9,0.6,0.2,0.6,0.9,0.4,0.5,1.2,1.2,1.4,1.2,1.2,1.0,1.2,1.9,1.6,0.8,1.3,1.0,1.3,1.4,1.8,0.5,1.6,1.6,1.5,0.9,2.4,2.3,1.2,2.2,2.0,1.3,1.4,1.0,2.6,3.1
243,3,11  ,2005X002 ,0.9,1.1,0.9,0.8,0.3,1.0,1.1,2.1,0.9,0.8,0.9,0.7,0.7,0.4,0.1,0.4,0.7,0.3,0.3,0.9,1.0,1.1,1.0,1.0,0.8,1.1,1.6,1.4,0.6,1.0,0.7,1.0,1.1,1.4,0.3,1.2,1.2,1.2,0.7,1.8,1.7,0.9,1.7,1.5,1.0,1.1,0.7,2.0,2.5
244,3,12  ,2007X001 ,1.8,2.1,1.7,1.7,0.7,2.1,2.1,4.6,1.5,1.3,1.5,1.4,1.3,0.9,0.4,0.8,1.3,0.6,0.7,1.8,1.9,2.1,1.9,1.6,1.2,1.8,2.7,2.4,1.2,1.9,1.4,1.9,2.0,2.6,0.7,2.5,2.5,2.4,1.4,3.5,3.5,2.0,3.4,3.1,2.1,2.3,1.6,3.7,4.2
245,3,12  ,2005X002 ,1.9,2.2,1.8,1.8,0.6,2.1,2.2,4.8,1.7,1.4,1.5,1.4,1.4,1.0,0.4,0.9,1.4,0.6,0.7,1.8,1.9,2.2,2.0,1.7,1.3,2.2,3.2,2.9,1.3,2.0,1.7,2.0,2.2,2.7,0.7,2.6,2.6,2.5,1.5,3.7,3.7,1.8,3.5,3.2,2.4,2.4,1.6,3.8,4.5
246,3,13  ,2007X001 ,1.4,1.7,1.5,1.3,0.6,1.6,1.6,3.3,1.3,1.1,1.1,1.0,1.0,0.7,0.3,0.6,1.0,0.5,0.6,1.5,1.6,1.7,1.5,1.5,1.2,1.5,2.2,2.1,1.0,1.7,1.2,1.8,1.7,2.2,0.4,2.0,2.0,1.9,1.4,2.9,2.8,1.8,2.8,2.5,2.0,1.8,1.2,3.3,4.5
247,3,13  ,2005X002 ,1.3,1.5,1.3,1.2,0.5,1.5,1.5,3.0,1.3,1.1,1.0,0.9,1.0,0.7,0.3,0.7,0.9,0.4,0.4,1.3,1.4,1.6,1.4,1.2,1.0,1.6,2.3,2.1,0.9,1.4,1.1,1.6,1.4,2.0,0.4,1.8,1.8,1.6,1.2,2.5,2.4,1.6,2.5,2.2,1.8,1.6,1.0,3.0,4.0
248,3,14  ,2007X001 ,1.3,1.5,1.2,1.2,0.4,1.5,1.5,2.9,1.1,1.0,1.1,0.9,0.9,0.7,0.2,0.6,0.9,0.5,0.5,1.1,1.4,1.6,1.3,1.1,1.0,1.3,1.8,1.7,0.7,1.2,0.9,1.4,1.4,1.9,0.5,1.8,1.8,1.7,1.0,2.6,2.5,1.3,2.5,2.4,1.5,1.6,1.1,2.8,3.3
249,3,14  ,2005X002 ,1.3,1.4,1.1,1.1,0.3,1.4,1.4,2.6,1.1,0.9,1.0,0.8,0.9,0.6,0.2,0.5,0.9,0.4,0.4,1.0,1.2,1.4,1.2,1.0,0.9,1.3,1.9,1.8,0.7,1.1,0.9,1.3,1.3,1.7,0.5,1.6,1.6,1.6,0.9,2.3,2.3,1.3,2.3,2.1,1.3,1.4,0.9,2.5,3.0
250,3,15  ,2007X001 ,0.9,1.0,0.9,0.8,0.3,1.0,1.0,2.1,0.8,0.7,0.8,0.6,0.7,0.4,0.2,0.4,0.6,0.3,0.3,0.9,0.9,1.1,0.9,0.9,0.8,0.9,1.4,1.2,0.6,0.9,0.8,1.1,0.9,1.3,0.3,1.2,1.2,1.2,0.8,1.8,1.7,1.2,1.7,1.5,1.2,1.1,0.8,2.0,2.5
251,3,15  ,2005X002 ,0.8,0.9,0.8,0.7,0.3,0.9,0.9,1.8,0.8,0.7,0.7,0.5,0.6,0.4,0.2,0.4,0.6,0.3,0.3,0.7,0.8,0.9,0.8,0.8,0.7,0.9,1.4,1.2,0.5,0.8,0.7,0.9,0.8,1.2,0.3,1.1,1.1,1.0,0.7,1.6,1.5,1.0,1.5,1.3,1.0,0.9,0.7,1.7,2.1
252,3,16  ,2007X001 ,1.5,1.6,1.4,1.3,0.3,1.6,1.6,3.3,1.1,1.1,1.2,0.8,1.0,0.6,0.3,0.6,1.0,0.4,0.5,1.2,1.5,1.7,1.4,1.3,1.1,1.4,2.1,1.8,0.9,1.3,1.3,1.7,1.3,2.1,0.5,2.0,2.0,1.9,1.3,2.8,2.8,1.8,2.7,2.5,1.9,1.8,1.3,3.1,3.5
253,3,16  ,2005X002 ,1.5,1.5,1.3,1.3,0.3,1.5,1.6,3.1,1.3,1.1,1.2,0.8,1.0,0.7,0.3,0.6,1.0,0.4,0.4,1.1,1.5,1.6,1.3,1.2,1.0,1.6,2.3,2.1,0.9,1.4,1.2,1.6,1.3,2.0,0.4,1.9,1.9,1.8,1.3,2.6,2.6,1.8,2.6,2.5,1.9,1.7,1.2,2.9,3.5
254,3,17  ,2007X001 ,1.7,1.8,1.3,1.4,0.4,1.8,1.7,3.6,1.3,1.3,1.3,1.0,1.2,0.8,0.3,0.7,1.1,0.6,0.6,1.1,1.7,1.9,1.5,1.4,1.1,1.5,2.4,2.0,0.9,1.4,1.1,1.8,1.6,2.3,0.5,2.2,2.2,2.1,1.4,3.1,3.2,1.8,2.9,2.8,2.0,1.9,1.3,3.1,3.5
255,3,17  ,2005X002 ,,,,,,,,,,,,,,,,,,,,,,,,,,,,,,,,,,,,,,,,,,,,,,,,,
256,3,18  ,2007X001 ,1.4,1.5,1.3,1.2,0.2,1.5,1.4,3.4,1.1,1.1,1.0,0.9,1.1,0.6,0.3,0.5,0.9,0.4,0.5,1.1,1.6,1.6,1.3,1.3,1.0,1.3,2.0,1.7,0.8,1.4,1.0,1.4,1.3,1.9,0.5,1.8,1.8,1.8,1.1,2.6,2.6,1.3,2.5,2.4,1.7,1.7,1.3,2.8,3.2
257,3,18  ,2005X002 ,1.5,1.6,1.4,1.3,0.2,1.7,1.5,3.6,1.4,1.2,1.1,1.0,1.3,0.6,0.3,0.6,1.1,0.5,0.6,1.1,1.6,1.7,1.4,1.3,1.0,1.6,2.4,2.1,0.9,1.3,1.2,1.5,1.5,2.1,0.5,1.9,1.9,1.9,1.2,2.7,2.7,1.5,2.7,2.5,1.8,1.7,1.3,3.0,3.6
258,3,19  ,2007X001 ,1.2,1.3,1.1,1.1,0.4,1.3,1.3,2.7,1.0,0.9,1.0,0.7,0.9,0.5,0.2,0.4,0.9,0.4,0.5,0.9,1.3,1.4,1.1,1.0,0.8,1.1,1.7,1.5,0.7,1.2,0.8,1.2,1.3,1.6,0.4,1.6,1.6,1.5,1.0,2.2,2.2,1.4,2.1,2.0,1.4,1.4,1.1,2.3,2.7
259,3,19  ,2005X002 ,1.3,1.5,1.2,1.2,0.4,1.4,1.4,3.1,1.2,1.0,1.0,0.8,1.0,0.6,0.2,0.5,0.9,0.4,0.6,1.0,1.4,1.5,1.2,1.2,0.9,1.4,2.1,1.8,0.8,1.2,1.0,1.4,1.4,1.8,0.4,1.7,1.7,1.6,1.1,2.4,2.4,1.5,2.4,2.2,1.5,1.5,1.1,2.7,2.9
260,3,20  ,2007X001 ,1.2,1.3,1.1,1.0,0.3,1.3,1.3,2.6,1.0,0.9,1.0,0.8,0.9,0.6,0.3,0.5,0.8,0.4,0.4,1.0,1.2,1.3,1.1,1.1,1.0,1.2,1.7,1.6,0.8,1.2,1.0,1.3,1.2,1.6,0.3,1.6,1.5,1.5,1.0,2.2,2.2,1.4,2.1,2.0,1.5,1.4,1.1,2.4,3.0
261,3,20  ,2005X002 ,1.2,1.3,1.2,1.0,0.3,1.3,1.4,2.7,1.1,1.0,1.0,0.8,0.9,0.6,0.3,0.5,0.8,0.4,0.4,1.0,1.2,1.4,1.1,1.1,0.9,1.4,2.0,1.8,0.8,1.2,1.0,1.4,1.3,1.7,0.3,1.6,1.6,1.5,1.0,2.2,2.2,1.3,2.2,2.1,1.5,1.4,1.1,2.6,3.0
262,3,21  ,2007X001 ,1.1,1.2,1.1,0.9,0.2,1.2,1.2,2.5,0.9,0.9,0.8,0.7,0.8,0.5,0.3,0.4,0.7,0.4,0.4,0.8,1.1,1.3,1.0,1.0,0.8,1.1,1.6,1.4,0.6,0.9,0.8,1.2,1.2,1.5,0.3,1.5,1.4,1.4,0.9,2.1,2.1,1.2,2.0,1.9,1.3,1.4,1.1,2.2,2.7
263,3,21  ,2005X002 ,1.2,1.3,1.1,1.0,0.2,1.3,1.3,2.6,1.0,0.9,0.8,0.8,0.8,0.6,0.3,0.5,0.8,0.5,0.4,0.9,1.2,1.3,1.1,1.0,0.8,1.3,1.9,1.7,0.7,1.0,0.8,1.2,1.2,1.6,0.4,1.5,1.5,1.4,0.9,2.2,2.1,1.3,2.1,1.9,1.3,1.4,1.1,2.4,2.7
264,3,22  ,2007X001 ,1.1,1.2,1.0,1.0,0.2,1.2,1.2,2.6,0.8,0.8,0.8,0.7,0.8,0.5,0.2,0.4,0.7,0.3,0.3,0.8,1.1,1.3,1.0,1.0,0.8,1.0,1.5,1.3,0.7,1.1,0.8,1.2,1.1,1.5,0.4,1.5,1.5,1.4,0.9,2.1,2.1,1.3,2.0,1.8,1.3,1.3,0.9,2.1,2.6
265,3,22  ,2005X002 ,1.0,1.1,0.9,0.9,0.2,1.0,1.1,2.2,0.8,0.8,0.7,0.6,0.6,0.4,0.2,0.4,0.6,0.3,0.3,0.8,1.0,1.1,0.9,0.8,0.6,1.0,1.6,1.4,0.6,1.0,0.7,1.0,1.0,1.4,0.4,1.3,1.3,1.2,0.8,1.9,1.8,1.2,1.7,1.6,1.1,1.1,0.8,1.9,2.2
266,3,23  ,2007X001 ,1.7,1.9,1.5,1.4,0.4,1.8,1.9,3.9,1.3,1.3,1.2,1.0,1.2,0.8,0.4,0.7,1.1,0.5,0.6,1.3,1.8,1.9,1.6,1.4,1.1,1.6,2.3,2.2,1.0,1.5,1.4,1.8,1.8,2.3,0.5,2.3,2.3,2.2,1.5,3.2,3.2,2.2,3.2,3.0,2.0,2.0,1.4,3.5,4.4
267,3,23  ,2005X002 ,1.7,1.9,1.5,1.5,0.5,1.9,1.9,4.1,1.5,1.4,1.4,1.1,1.2,0.8,0.4,0.7,1.1,0.5,0.5,1.3,1.8,2.0,1.7,1.4,1.1,1.8,2.5,2.6,1.0,1.4,1.4,1.7,1.9,2.4,0.4,2.3,2.3,2.2,1.6,3.2,3.0,2.3,3.3,3.1,2.2,2.0,1.3,3.7,4.2
268,3,24  ,2007X001 ,1.0,1.2,1.0,0.9,0.2,1.2,1.1,2.5,0.9,0.8,0.8,0.7,0.8,0.6,0.2,0.5,0.7,0.3,0.4,0.9,1.1,1.2,1.0,1.0,0.8,1.0,1.5,1.4,0.7,1.1,1.0,1.1,1.1,1.5,0.3,1.4,1.4,1.3,0.9,2.0,2.0,1.3,1.9,1.8,1.3,1.3,1.0,2.1,2.6
269,3,24  ,2005X002 ,1.0,1.2,1.0,1.0,0.2,1.2,1.2,2.6,1.0,0.9,0.9,0.7,0.8,0.6,0.3,0.5,0.8,0.4,0.4,0.9,1.1,1.3,1.0,1.1,0.8,1.2,1.8,1.7,0.7,1.1,1.0,1.1,1.2,1.5,0.3,1.4,1.4,1.4,0.9,2.0,2.0,1.3,2.0,1.8,1.4,1.3,1.0,2.3,2.8
270,3,25  ,2007X001 ,0.9,1.0,0.8,0.7,0.2,0.9,0.9,2.0,0.7,0.6,0.7,0.6,0.6,0.4,0.2,0.3,0.6,0.3,0.3,0.7,1.0,1.0,0.8,0.8,0.7,0.8,1.2,1.2,0.6,0.9,0.9,0.9,1.0,1.2,0.2,1.2,1.2,1.1,0.7,1.6,1.6,1.0,1.6,1.5,1.1,1.1,0.8,1.7,2.1
271,3,25  ,2005X002 ,0.9,1.0,0.9,0.8,0.2,1.0,1.0,2.1,0.8,0.7,0.7,0.6,0.7,0.4,0.2,0.3,0.6,0.3,0.3,0.7,1.0,1.0,0.8,0.9,0.7,1.0,1.5,1.4,0.6,0.9,0.9,1.0,1.0,1.3,0.3,1.2,1.2,1.2,0.7,1.7,1.7,1.0,1.7,1.6,1.2,1.1,0.8,1.9,2.2
272,3,26  ,2007X001 ,1.0,1.1,0.9,0.8,0.3,1.1,1.1,2.3,0.8,0.7,0.7,0.6,0.7,0.4,0.2,0.3,0.6,0.3,0.3,0.7,1.1,1.2,1.0,0.8,0.6,0.9,1.4,1.3,0.6,0.9,0.7,1.1,1.1,1.4,0.4,1.4,1.4,1.3,0.8,2.0,1.9,1.1,1.9,1.7,1.1,1.2,0.8,2.0,2.6
273,3,26  ,2005X002 ,1.1,1.2,1.0,0.9,0.3,1.1,1.2,2.3,0.9,0.8,0.8,0.6,0.7,0.5,0.2,0.4,0.7,0.3,0.3,0.7,1.1,1.2,1.0,0.9,0.7,1.1,1.7,1.5,0.6,1.0,0.7,1.1,1.1,1.4,0.4,1.4,1.4,1.3,0.8,2.0,1.9,1.2,1.9,1.8,1.1,1.3,0.9,2.1,2.9
274,3,27  ,2007X001 ,1.0,1.2,1.0,0.9,0.3,1.2,1.2,2.7,1.0,0.9,0.9,0.7,0.9,0.5,0.3,0.5,0.8,0.5,0.5,1.0,1.1,1.2,1.1,1.0,0.9,1.0,1.5,1.4,0.8,1.1,1.0,1.1,1.1,1.5,0.4,1.4,1.4,1.3,0.9,1.9,1.9,1.3,1.9,1.8,1.4,1.3,1.0,2.2,2.5
275,3,27  ,2005X002 ,1.1,1.3,1.1,1.0,0.3,1.3,1.3,2.8,1.2,1.0,1.0,0.8,0.9,0.6,0.3,0.5,0.9,0.5,0.5,1.0,1.1,1.3,1.2,1.1,1.0,1.3,1.8,1.8,0.8,1.1,1.2,1.3,1.3,1.6,0.5,1.5,1.5,1.4,1.0,2.1,2.1,1.4,2.1,1.9,1.5,1.4,1.0,2.4,2.9
276,3,28  ,2007X001 ,1.1,1.2,1.0,0.9,0.3,1.2,1.2,2.6,0.9,0.8,0.8,0.6,0.8,0.4,0.2,0.4,0.7,0.3,0.4,0.9,1.1,1.2,1.0,1.0,0.8,1.0,1.6,1.4,0.6,1.0,0.8,1.0,1.2,1.5,0.4,1.5,1.4,1.4,0.8,2.1,2.1,1.0,2.0,1.9,1.3,1.3,1.0,2.2,2.7
277,3,28  ,2005X002 ,1.2,1.3,1.0,1.0,0.3,1.2,1.3,2.6,1.0,0.9,0.9,0.7,0.8,0.5,0.2,0.5,0.8,0.4,0.4,0.9,1.2,1.3,1.1,1.0,0.8,1.3,1.9,1.7,0.7,1.1,0.8,1.1,1.3,1.6,0.5,1.5,1.5,1.4,0.8,2.1,2.1,1.1,2.1,1.9,1.3,1.3,1.0,2.3,2.8
278,3,29  ,2007X001 ,1.0,1.1,0.9,0.8,0.2,1.1,1.1,2.3,0.8,0.7,0.7,0.6,0.7,0.4,0.2,0.4,0.6,0.3,0.3,0.8,1.1,1.1,0.9,0.9,0.7,1.0,1.4,1.3,0.6,0.9,0.8,1.0,1.1,1.4,0.4,1.3,1.3,1.3,0.8,1.9,1.9,1.1,1.9,1.7,1.2,1.2,0.9,2.0,2.2
279,3,29  ,2005X002 ,1.1,1.2,1.0,0.9,0.3,1.2,1.2,2.5,0.9,0.8,0.8,0.7,0.8,0.5,0.2,0.4,0.7,0.3,0.4,0.9,1.1,1.2,1.0,1.0,0.8,1.2,1.7,1.6,0.6,1.0,0.9,1.1,1.2,1.5,0.4,1.4,1.4,1.4,0.9,2.0,2.0,1.2,2.0,1.8,1.3,1.3,0.9,2.2,2.6
280,3,30  ,2007X001 ,1.0,1.1,0.9,0.8,0.3,1.0,1.1,2.3,0.8,0.8,0.7,0.6,0.7,0.4,0.2,0.4,0.7,0.3,0.4,0.8,1.0,1.1,0.9,0.8,0.7,0.9,1.3,1.3,0.6,0.9,0.8,1.0,1.1,1.4,0.3,1.3,1.3,1.2,0.8,1.8,1.8,1.1,1.8,1.7,1.2,1.2,0.9,2.0,2.2
281,3,30  ,2005X002 ,1.0,1.0,0.9,0.8,0.3,1.0,1.0,2.2,0.8,0.8,0.7,0.6,0.7,0.4,0.2,0.4,0.7,0.3,0.3,0.8,1.0,1.1,0.9,0.8,0.7,1.0,1.5,1.4,0.6,0.9,0.7,1.0,1.0,1.3,0.3,1.3,1.3,1.2,0.8,1.8,1.8,1.1,1.7,1.6,1.2,1.1,0.8,2.0,2.2
