ID,KenmerkenInstallaties,Perioden,Aankoop_1,ProductieUitSlibgisting_2,AfleveringExtern_3,Afgefakkeld_4,Afgeblazen_5,Totaal_6,VerbruikVoorProductieAardgasEnLNG_7,VerbruikInGasmotorenWKKInstallaties_8,VerbruikVoorOpwarmingSlibgistingstank_9,OverigVerbruik_10,Aankoop_11,ZelfOpgewektViaWindEnZonneEnergie_12,ZelfOpgewektInWKKInstallaties_13,AfleveringExtern_14,Totaal_15,VerbruikBeluchtingZuiveringsproces_16,VerbruikDoorAfvalwatertransportgemalen_17,VerbruikVoorSlibontwatering_18,OverigVerbruik_19,Aankoop_20,ProductieUitBiogas_21,AfleveringExtern_22,Totaal_23,VerbruikGasmotorenVanWKKInstallaties_24,VerbruikVoorSlibontwatering_25,OverigVerbruik_26,ProductieWarmteInWKKInstallaties_27,VerbruikInZuiveringsproces_28,VerbruikVanHuisbrandolie_29,Totaal_30,Elektriciteit_31,Aardgas_32,Biogas_33,Warmte_34,OverigeBrandstoffen_35
0,T001188   ,2013JJ00,0.0,109866.0,11347.0,5877.0,82.0,92560.0,1822.0,84865.0,2213.0,3659.0,609602.0,1331.0,209401.0,41296.0,779037.0,341296.0,100920.0,45152.0,291670.0,22976.0,1099.0,1114.0,22961.0,16549.0,3815.0,2597.0,1311.0,1019.0,81.0,5885.0,2974.0,690.0,2157.0,61.0,5.0
1,T001188   ,2014JJ00,0.0,108012.0,11672.0,6568.0,203.0,89569.0,1289.0,84450.0,2614.0,1216.0,588848.0,2417.0,210950.0,40124.0,762091.0,339733.0,90929.0,44434.0,286995.0,20579.0,1002.0,1013.0,20568.0,15083.0,3710.0,1775.0,1292.0,1017.0,72.0,5649.0,2877.0,619.0,2087.0,62.0,4.0
2,T001188   ,2015JJ00,0.0,106897.0,10259.0,7405.0,82.0,89150.0,948.0,83157.0,3334.0,1711.0,603958.0,2820.0,216906.0,42966.0,780718.0,342363.0,104188.0,46568.0,287598.0,20873.0,733.0,746.0,20861.0,15010.0,3726.0,2125.0,1263.0,938.0,67.0,5712.0,2943.0,637.0,2077.0,44.0,11.0
3,T001188   ,2016JJ00,0.0,115222.0,9989.0,10092.0,579.0,94563.0,1334.0,86284.0,5358.0,1587.0,613507.0,1651.0,221135.0,47713.0,788580.0,351612.0,103682.0,51027.0,282258.0,20716.0,961.0,973.0,20704.0,14849.0,3859.0,1996.0,1279.0,953.0,64.0,5820.0,2936.0,625.0,2203.0,44.0,12.0
4,T001188   ,2017JJ00,0.0,116835.0,8771.0,12717.0,678.0,94669.0,1702.0,85240.0,6820.0,907.0,630082.0,1864.0,220753.0,51210.0,801490.0,350024.0,109969.0,46175.0,295322.0,20883.0,1129.0,1141.0,20872.0,15819.0,3137.0,1916.0,1236.0,913.0,4.0,5964.0,3008.0,659.0,2206.0,82.0,9.0
5,T001188   ,2018JJ00,0.0,116052.0,11121.0,11278.0,238.0,93415.0,2969.0,81615.0,7729.0,1103.0,620513.0,5784.0,218677.0,55885.0,789088.0,347542.0,101152.0,43163.0,297232.0,20567.0,2339.0,2350.0,20555.0,15880.0,2237.0,2439.0,1239.0,1336.0,167.0,6255.0,2950.0,577.0,2177.0,537.0,14.0
6,T001188   ,2019JJ00,0.0,124763.0,14399.0,12061.0,76.0,98227.0,5872.0,84012.0,7081.0,1263.0,615005.0,22146.0,222489.0,58378.0,801262.0,359569.0,108768.0,49351.0,283574.0,21246.0,3764.0,3869.0,21141.0,14315.0,4160.0,2666.0,1278.0,1301.0,63.0,6389.0,3021.0,550.0,2289.0,519.0,10.0
7,T001188   ,2020JJ00,0.0,129838.0,17110.0,9788.0,131.0,102809.0,10782.0,84195.0,5542.0,2290.0,619956.0,40326.0,223946.0,77126.0,807101.0,370750.0,111124.0,47132.0,278095.0,23299.0,6744.0,6859.0,23185.0,15551.0,4675.0,2959.0,1214.0,956.0,67.0,6013.0,3040.0,520.0,2395.0,60.0,-2.0
8,T001188   ,2021JJ00,0.0,137327.0,10065.0,10413.0,81.0,116768.0,24024.0,84078.0,7468.0,1198.0,608627.0,69498.0,218401.0,86871.0,809656.0,371881.0,109385.0,45124.0,283266.0,22963.0,15263.0,14174.0,24053.0,15115.0,4469.0,4469.0,1226.0,893.0,63.0,6168.0,3086.0,278.0,2721.0,67.0,16.0
9,T001188   ,2022JJ00,0.0,132202.0,11118.0,6966.0,79.0,114039.0,29606.0,76540.0,6822.0,1071.0,595127.0,97967.0,204107.0,107749.0,789452.0,362793.0,100445.0,44284.0,281930.0,23085.0,19259.0,19392.0,22952.0,15412.0,4821.0,2719.0,1131.0,900.0,35.0,5913.0,3056.0,117.0,2657.0,80.0,3.0
10,T001188   ,2023JJ00,0.0,130695.0,8658.0,6293.0,68.0,115675.0,33952.0,72839.0,7293.0,1591.0,643890.0,111834.0,194652.0,114548.0,835828.0,362075.0,125927.0,41068.0,306758.0,16073.0,21951.0,22087.0,15937.0,14223.0,53.0,1661.0,1049.0,816.0,7.0,5952.0,3347.0,-190.0,2695.0,91.0,9.0
11,A027801   ,2013JJ00,,,,,,,,,,,,,,,,,,,,,,,,,,,,,,,,,,,
12,A027801   ,2014JJ00,,,,,,,,,,,,,,,,,,,,,,,,,,,,,,,,,,,
13,A027801   ,2015JJ00,,,,,,,,,,,,,,,,,,,,,,,,,,,,,,,,,,,
14,A027801   ,2016JJ00,,,,,,,,,,,,,,,,,,,,,,,,,,,,,,,,,,,
15,A027801   ,2017JJ00,,,,,,,,,,,,,,,,,,,,,,,,,,,,,,,,,,,
16,A027801   ,2018JJ00,,,,,,,,,,,,,,,,,,,,,,,,,,,,,,,,,,,
17,A027801   ,2019JJ00,,,,,,,,,,,,,,,,,,,,,,,,,,,,,,,,,,,
18,A027801   ,2020JJ00,,,,,,,,,,,,,,,,,,,,,,,,,,,,,,,,,,,
19,A027801   ,2021JJ00,,,,,,,,,,,,,,,,,,,,,,,,,,,,,,,,,,,
20,A027801   ,2022JJ00,,,,,,,,,,,,,,,,,,,,,,,,,,,,,,,,,,,
21,A027801   ,2023JJ00,,,,,,,,,,,,,,,,,,,,,,,,,,,,,,,,,,,
22,A027802   ,2013JJ00,0.0,575.0,16.0,126.0,0.0,432.0,0.0,287.0,125.0,21.0,3907.0,0.0,476.0,0.0,4383.0,0.0,594.0,0.0,3789.0,25.0,0.0,0.0,25.0,0.0,0.0,25.0,1.0,1.0,0.0,,,,,,
23,A027802   ,2014JJ00,0.0,524.0,33.0,20.0,0.0,470.0,0.0,327.0,121.0,22.0,2364.0,0.0,556.0,0.0,2920.0,0.0,720.0,0.0,2200.0,29.0,0.0,0.0,29.0,0.0,0.0,29.0,1.0,1.0,0.0,,,,,,
24,A027802   ,2015JJ00,0.0,495.0,5.0,13.0,0.0,477.0,0.0,351.0,114.0,13.0,2343.0,0.0,597.0,0.0,2940.0,0.0,775.0,0.0,2165.0,18.0,0.0,0.0,18.0,0.0,0.0,18.0,1.0,1.0,0.0,,,,,,
25,A027802   ,2016JJ00,0.0,229.0,0.0,10.0,0.0,219.0,0.0,218.0,2.0,0.0,2342.0,0.0,362.0,0.0,2705.0,0.0,750.0,0.0,1954.0,32.0,0.0,0.0,32.0,0.0,0.0,32.0,2.0,2.0,0.0,,,,,,
26,A027802   ,2017JJ00,0.0,309.0,0.0,117.0,0.0,192.0,0.0,91.0,100.0,0.0,2646.0,0.0,199.0,0.0,2845.0,0.0,881.0,0.0,1965.0,19.0,0.0,0.0,19.0,0.0,0.0,19.0,1.0,1.0,0.0,,,,,,
27,A027802   ,2018JJ00,0.0,367.0,0.0,16.0,0.0,351.0,0.0,288.0,63.0,0.0,1991.0,0.0,586.0,0.0,2577.0,0.0,737.0,0.0,1839.0,13.0,0.0,0.0,13.0,0.0,0.0,13.0,3.0,3.0,0.0,,,,,,
28,A027802   ,2019JJ00,0.0,337.0,0.0,15.0,0.0,322.0,0.0,245.0,77.0,0.0,2385.0,0.0,559.0,0.0,2945.0,0.0,847.0,0.0,2098.0,19.0,0.0,0.0,19.0,0.0,0.0,19.0,6.0,2.0,0.0,21.0,12.0,1.0,8.0,0.0,0.0
29,A027802   ,2020JJ00,0.0,357.0,0.0,10.0,0.0,347.0,0.0,345.0,2.0,0.0,2377.0,0.0,742.0,0.0,3119.0,398.0,901.0,0.0,1820.0,11.0,0.0,0.0,11.0,0.0,0.0,11.0,4.0,3.0,0.0,21.0,12.0,0.0,8.0,0.0,0.0
30,A027802   ,2021JJ00,0.0,419.0,0.0,32.0,0.0,387.0,0.0,230.0,157.0,0.0,1792.0,0.0,513.0,0.0,2306.0,0.0,794.0,0.0,1511.0,5.0,0.0,0.0,5.0,0.0,0.0,5.0,4.0,4.0,0.0,19.0,9.0,0.0,9.0,0.0,0.0
31,A027802   ,2022JJ00,0.0,308.0,0.0,45.0,0.0,263.0,0.0,220.0,43.0,0.0,1756.0,0.0,452.0,0.0,2208.0,0.0,564.0,0.0,1644.0,4.0,0.0,0.0,4.0,0.0,0.0,4.0,4.0,4.0,0.0,15.0,9.0,0.0,6.0,0.0,0.0
32,A027802   ,2023JJ00,0.0,175.0,0.0,2.0,0.0,173.0,0.0,149.0,24.0,0.0,2172.0,0.0,331.0,0.0,2503.0,0.0,808.0,0.0,1695.0,23.0,0.0,0.0,23.0,0.0,0.0,23.0,3.0,2.0,0.0,16.0,11.0,1.0,4.0,0.0,0.0
33,A027803   ,2013JJ00,0.0,56133.0,10465.0,2473.0,6.0,43189.0,298.0,38979.0,857.0,3055.0,179236.0,39.0,80980.0,2572.0,257683.0,86985.0,45514.0,13007.0,112177.0,1677.0,175.0,190.0,1661.0,944.0,43.0,674.0,465.0,354.0,56.0,,,,,,
34,A027803   ,2014JJ00,0.0,54977.0,10902.0,3103.0,188.0,40784.0,157.0,39030.0,766.0,831.0,177933.0,38.0,81432.0,3113.0,256290.0,90435.0,39646.0,12637.0,113572.0,1243.0,75.0,86.0,1232.0,637.0,27.0,568.0,454.0,326.0,62.0,,,,,,
35,A027803   ,2015JJ00,0.0,54824.0,9779.0,4281.0,71.0,40694.0,34.0,38909.0,786.0,964.0,179251.0,38.0,83595.0,5445.0,257439.0,91272.0,40426.0,12497.0,113244.0,1518.0,20.0,32.0,1506.0,672.0,25.0,809.0,455.0,308.0,57.0,,,,,,
36,A027803   ,2016JJ00,0.0,59941.0,9380.0,6671.0,301.0,43589.0,149.0,40612.0,1524.0,1304.0,182542.0,82.0,85395.0,5428.0,262590.0,95733.0,41711.0,12063.0,113083.0,963.0,85.0,98.0,951.0,151.0,30.0,770.0,519.0,346.0,64.0,,,,,,
37,A027803   ,2017JJ00,0.0,63083.0,7904.0,8535.0,617.0,46028.0,213.0,41587.0,3710.0,518.0,186256.0,103.0,86656.0,5791.0,267224.0,95351.0,41562.0,12641.0,117670.0,698.0,154.0,166.0,686.0,109.0,19.0,558.0,482.0,328.0,4.0,,,,,,
38,A027803   ,2018JJ00,0.0,62364.0,10271.0,7289.0,159.0,44645.0,1770.0,38211.0,3838.0,826.0,180913.0,1218.0,85845.0,7553.0,260423.0,96543.0,38838.0,12764.0,112277.0,1103.0,1512.0,1523.0,1091.0,61.0,18.0,1012.0,474.0,745.0,126.0,,,,,,
39,A027803   ,2019JJ00,0.0,69413.0,13301.0,6816.0,47.0,49248.0,4549.0,39506.0,4252.0,941.0,185896.0,8338.0,87093.0,14040.0,267287.0,99578.0,41130.0,14148.0,112432.0,1434.0,2878.0,2889.0,1423.0,68.0,17.0,1338.0,513.0,750.0,3.0,2572.0,941.0,-46.0,1147.0,524.0,7.0
40,A027803   ,2020JJ00,0.0,73303.0,16350.0,6365.0,35.0,50553.0,9827.0,36324.0,3296.0,1105.0,196249.0,12816.0,77617.0,16409.0,270273.0,100298.0,41445.0,12556.0,115974.0,1907.0,6071.0,6081.0,1897.0,214.0,4.0,1679.0,443.0,370.0,39.0,2118.0,1006.0,-132.0,1178.0,70.0,-4.0
41,A027803   ,2021JJ00,0.0,80488.0,9424.0,6851.0,29.0,64184.0,23000.0,36646.0,3919.0,619.0,198301.0,20057.0,79225.0,23090.0,274493.0,102135.0,39383.0,12824.0,120152.0,2441.0,14504.0,13283.0,3662.0,666.0,2.0,2994.0,467.0,352.0,60.0,2262.0,1019.0,-343.0,1495.0,76.0,15.0
42,A027803   ,2022JJ00,0.0,79105.0,9375.0,3152.0,57.0,66522.0,28433.0,33885.0,3348.0,856.0,200711.0,29353.0,71712.0,29822.0,271953.0,103489.0,37298.0,12713.0,118452.0,1841.0,18459.0,18462.0,1838.0,176.0,0.0,1662.0,409.0,343.0,4.0,2162.0,1045.0,-526.0,1550.0,92.0,1.0
43,A027803   ,2023JJ00,0.0,76164.0,5956.0,3911.0,46.0,66250.0,32855.0,27316.0,4778.0,1302.0,220852.0,30785.0,59048.0,27461.0,283224.0,101907.0,43926.0,12146.0,125245.0,863.0,21194.0,21201.0,856.0,145.0,0.0,711.0,322.0,265.0,2.0,2171.0,1170.0,-644.0,1544.0,92.0,8.0
44,A027804   ,2013JJ00,0.0,13251.0,865.0,813.0,1.0,11572.0,0.0,10966.0,277.0,328.0,88847.0,654.0,20338.0,3809.0,106031.0,42263.0,15485.0,4814.0,43469.0,524.0,0.0,0.0,524.0,65.0,0.0,459.0,136.0,94.0,0.0,,,,,,
45,A027804   ,2014JJ00,0.0,12899.0,737.0,1176.0,7.0,10979.0,0.0,10609.0,141.0,228.0,83105.0,628.0,20926.0,2385.0,102274.0,40595.0,14375.0,4886.0,42418.0,433.0,0.0,0.0,433.0,74.0,0.0,360.0,128.0,91.0,0.0,,,,,,
46,A027804   ,2015JJ00,0.0,13286.0,476.0,935.0,2.0,11872.0,0.0,10967.0,708.0,196.0,86342.0,819.0,23677.0,3110.0,107729.0,41896.0,17549.0,5758.0,42525.0,514.0,0.0,0.0,514.0,124.0,2.0,389.0,131.0,86.0,0.0,,,,,,
47,A027804   ,2016JJ00,0.0,13986.0,548.0,981.0,175.0,12282.0,0.0,11784.0,428.0,70.0,90163.0,816.0,24367.0,3411.0,111934.0,42370.0,16346.0,10184.0,43034.0,322.0,0.0,0.0,322.0,88.0,0.0,234.0,126.0,107.0,0.0,,,,,,
48,A027804   ,2017JJ00,0.0,14860.0,803.0,1349.0,0.0,12709.0,0.0,11996.0,713.0,0.0,91258.0,782.0,23589.0,2046.0,113584.0,44799.0,17254.0,6328.0,45204.0,390.0,0.0,0.0,390.0,70.0,0.0,320.0,132.0,93.0,0.0,,,,,,
49,A027804   ,2018JJ00,0.0,15272.0,776.0,1528.0,1.0,12966.0,1199.0,10754.0,892.0,122.0,106067.0,1209.0,21898.0,2152.0,127023.0,47727.0,17056.0,5987.0,56253.0,486.0,827.0,827.0,486.0,16.0,0.0,470.0,125.0,107.0,0.0,,,,,,
50,A027804   ,2019JJ00,0.0,18199.0,1030.0,1654.0,6.0,15509.0,1324.0,12814.0,1180.0,191.0,91671.0,1364.0,27715.0,-1440.0,122190.0,52203.0,19347.0,6218.0,44423.0,415.0,886.0,980.0,321.0,5.0,0.0,316.0,146.0,96.0,22.0,854.0,493.0,-18.0,361.0,16.0,1.0
51,A027804   ,2020JJ00,0.0,15559.0,718.0,1139.0,0.0,13702.0,955.0,11494.0,1037.0,216.0,89495.0,4313.0,24573.0,2950.0,115432.0,51611.0,18015.0,6229.0,39577.0,402.0,674.0,778.0,298.0,1.0,0.0,297.0,108.0,86.0,5.0,795.0,474.0,-12.0,319.0,13.0,0.0
52,A027804   ,2021JJ00,0.0,13823.0,550.0,1039.0,5.0,12229.0,1025.0,9814.0,1391.0,0.0,89608.0,6639.0,17126.0,784.0,112589.0,51811.0,18279.0,4989.0,37510.0,509.0,759.0,891.0,378.0,0.0,0.0,377.0,90.0,74.0,0.0,786.0,498.0,-12.0,285.0,15.0,0.0
53,A027804   ,2022JJ00,0.0,13236.0,1366.0,917.0,0.0,10952.0,1173.0,9065.0,714.0,0.0,81687.0,9836.0,17615.0,4685.0,104453.0,47766.0,14972.0,4832.0,36883.0,325.0,801.0,930.0,195.0,2.0,0.0,194.0,85.0,66.0,5.0,700.0,453.0,-19.0,255.0,10.0,0.0
54,A027804   ,2023JJ00,0.0,12883.0,1239.0,848.0,14.0,10782.0,1097.0,8664.0,1021.0,0.0,90936.0,19445.0,16548.0,14671.0,112258.0,46909.0,18897.0,4832.0,41620.0,322.0,758.0,886.0,194.0,2.0,0.0,192.0,72.0,62.0,0.0,746.0,500.0,-18.0,251.0,13.0,0.0
55,A027805   ,2013JJ00,0.0,0.0,0.0,0.0,0.0,0.0,0.0,0.0,0.0,0.0,35680.0,450.0,0.0,78.0,36052.0,21366.0,4190.0,631.0,9865.0,105.0,0.0,0.0,105.0,0.0,0.0,105.0,0.0,0.0,0.0,,,,,,
56,A027805   ,2014JJ00,0.0,0.0,0.0,0.0,0.0,0.0,0.0,0.0,0.0,0.0,35066.0,447.0,0.0,93.0,35419.0,21229.0,4020.0,652.0,9519.0,62.0,0.0,0.0,62.0,0.0,0.0,62.0,0.0,0.0,0.0,,,,,,
57,A027805   ,2015JJ00,0.0,0.0,0.0,0.0,0.0,0.0,0.0,0.0,0.0,0.0,35680.0,373.0,0.0,50.0,36003.0,21018.0,4100.0,642.0,10244.0,72.0,0.0,0.0,72.0,0.0,0.0,72.0,0.0,0.0,0.0,,,,,,
58,A027805   ,2016JJ00,0.0,0.0,0.0,0.0,0.0,0.0,0.0,0.0,0.0,0.0,34681.0,352.0,0.0,332.0,34701.0,20769.0,4445.0,675.0,8811.0,72.0,0.0,0.0,72.0,0.0,0.0,72.0,0.0,0.0,0.0,,,,,,
59,A027805   ,2017JJ00,0.0,0.0,0.0,0.0,0.0,0.0,0.0,0.0,0.0,0.0,34787.0,349.0,0.0,332.0,34804.0,20509.0,4514.0,655.0,9126.0,75.0,0.0,0.0,75.0,0.0,0.0,75.0,0.0,0.0,0.0,,,,,,
60,A027805   ,2018JJ00,0.0,0.0,0.0,0.0,0.0,0.0,0.0,0.0,0.0,0.0,32091.0,351.0,0.0,332.0,32109.0,19456.0,4134.0,469.0,8051.0,68.0,0.0,0.0,68.0,0.0,0.0,68.0,0.0,0.0,24.0,,,,,,
61,A027805   ,2019JJ00,0.0,0.0,0.0,0.0,0.0,0.0,0.0,0.0,0.0,0.0,32991.0,401.0,0.0,370.0,33021.0,19441.0,4400.0,771.0,8410.0,65.0,0.0,0.0,65.0,0.0,0.0,65.0,0.0,0.0,10.0,175.0,172.0,2.0,0.0,0.0,1.0
62,A027805   ,2020JJ00,0.0,0.0,0.0,0.0,0.0,0.0,0.0,0.0,0.0,0.0,32285.0,4597.0,0.0,3985.0,32896.0,19627.0,4408.0,680.0,8181.0,68.0,0.0,0.0,68.0,0.0,0.0,68.0,0.0,0.0,0.0,169.0,167.0,2.0,0.0,0.0,0.0
63,A027805   ,2021JJ00,0.0,0.0,0.0,0.0,0.0,0.0,0.0,0.0,0.0,0.0,28633.0,6017.0,0.0,3187.0,31464.0,18550.0,3878.0,692.0,8344.0,68.0,0.0,0.0,68.0,0.0,0.0,68.0,0.0,0.0,0.0,167.0,164.0,2.0,0.0,0.0,0.0
64,A027805   ,2022JJ00,0.0,0.0,0.0,0.0,0.0,0.0,0.0,0.0,0.0,0.0,28938.0,8131.0,0.0,4662.0,32408.0,19660.0,3770.0,699.0,8280.0,71.0,0.0,0.0,71.0,0.0,0.0,71.0,0.0,0.0,0.0,172.0,169.0,2.0,0.0,0.0,0.0
65,A027805   ,2023JJ00,0.0,0.0,0.0,0.0,0.0,0.0,0.0,0.0,0.0,0.0,31445.0,8299.0,0.0,4427.0,35317.0,19968.0,5049.0,697.0,9603.0,59.0,0.0,0.0,59.0,0.0,0.0,59.0,0.0,0.0,0.0,186.0,184.0,2.0,0.0,0.0,0.0
66,A027806   ,2013JJ00,0.0,18474.0,0.0,1765.0,37.0,16672.0,0.0,15642.0,908.0,123.0,215667.0,31.0,28538.0,272.0,243964.0,134994.0,26933.0,9462.0,72576.0,1027.0,0.0,0.0,1027.0,100.0,0.0,927.0,198.0,116.0,2.0,,,,,,
67,A027806   ,2014JJ00,0.0,19003.0,0.0,1702.0,8.0,17294.0,0.0,16106.0,1221.0,33.0,208432.0,1147.0,30648.0,1607.0,238620.0,131266.0,25478.0,8521.0,73355.0,539.0,0.0,0.0,539.0,25.0,0.0,514.0,208.0,123.0,2.0,,,,,,
68,A027806   ,2015JJ00,0.0,19168.0,0.0,1387.0,9.0,17773.0,0.0,16024.0,1472.0,276.0,215232.0,1433.0,32232.0,2252.0,246644.0,132849.0,34104.0,9089.0,70602.0,644.0,0.0,0.0,644.0,36.0,0.0,608.0,195.0,114.0,0.0,,,,,,
69,A027806   ,2016JJ00,0.0,22209.0,61.0,1780.0,50.0,20318.0,0.0,17195.0,2932.0,191.0,213881.0,245.0,35100.0,3227.0,245999.0,138020.0,28088.0,9201.0,70689.0,606.0,0.0,0.0,606.0,27.0,0.0,579.0,207.0,124.0,0.0,,,,,,
70,A027806   ,2017JJ00,0.0,20031.0,65.0,1487.0,62.0,18417.0,0.0,17109.0,1083.0,225.0,214577.0,411.0,35827.0,2416.0,248399.0,134146.0,31889.0,8817.0,73547.0,592.0,0.0,0.0,592.0,4.0,0.0,588.0,204.0,127.0,0.0,,,,,,
71,A027806   ,2018JJ00,0.0,21760.0,74.0,1848.0,78.0,19761.0,0.0,18176.0,1467.0,118.0,210848.0,2806.0,38164.0,3878.0,247940.0,133541.0,29242.0,8854.0,76304.0,650.0,0.0,0.0,650.0,0.0,0.0,650.0,219.0,134.0,17.0,,,,,,
72,A027806   ,2019JJ00,0.0,20475.0,68.0,1386.0,23.0,18999.0,0.0,17738.0,1135.0,125.0,207926.0,11270.0,36656.0,5941.0,249911.0,138522.0,32025.0,9697.0,69666.0,645.0,0.0,0.0,645.0,3.0,0.0,643.0,214.0,129.0,3.0,1575.0,1113.0,20.0,443.0,-2.0,1.0
73,A027806   ,2020JJ00,0.0,22591.0,41.0,1546.0,96.0,20908.0,0.0,19909.0,766.0,233.0,208290.0,15584.0,41450.0,8692.0,256632.0,143320.0,33243.0,9206.0,70864.0,549.0,0.0,0.0,549.0,6.0,0.0,543.0,235.0,142.0,5.0,1626.0,1123.0,17.0,487.0,-2.0,1.0
74,A027806   ,2021JJ00,0.0,24144.0,90.0,1419.0,47.0,22587.0,0.0,20570.0,1718.0,299.0,204011.0,27267.0,43221.0,14533.0,259966.0,144292.0,33283.0,9302.0,73089.0,667.0,0.0,0.0,667.0,0.0,0.0,667.0,228.0,126.0,2.0,1677.0,1131.0,21.0,526.0,-2.0,1.0
75,A027806   ,2022JJ00,0.0,21635.0,377.0,2083.0,21.0,19153.0,0.0,17163.0,1775.0,215.0,197782.0,37223.0,36251.0,20143.0,251113.0,134546.0,31260.0,9127.0,76180.0,562.0,0.0,0.0,562.0,0.0,0.0,562.0,206.0,129.0,26.0,1586.0,1122.0,18.0,446.0,-1.0,2.0
76,A027806   ,2023JJ00,0.0,20469.0,1425.0,993.0,9.0,18042.0,0.0,16549.0,1203.0,290.0,208439.0,40115.0,35258.0,21380.0,262431.0,133191.0,39677.0,9694.0,79868.0,509.0,0.0,0.0,509.0,0.0,0.0,509.0,195.0,105.0,6.0,1623.0,1186.0,16.0,420.0,0.0,1.0
77,A027807   ,2013JJ00,0.0,0.0,0.0,0.0,0.0,0.0,0.0,0.0,0.0,0.0,898.0,0.0,0.0,0.0,898.0,542.0,212.0,0.0,145.0,8.0,0.0,0.0,8.0,0.0,0.0,8.0,0.0,0.0,0.0,,,,,,
78,A027807   ,2014JJ00,0.0,0.0,0.0,0.0,0.0,0.0,0.0,0.0,0.0,0.0,854.0,0.0,0.0,0.0,854.0,540.0,198.0,0.0,116.0,5.0,0.0,0.0,5.0,0.0,0.0,5.0,0.0,0.0,0.0,,,,,,
79,A027807   ,2015JJ00,0.0,0.0,0.0,0.0,0.0,0.0,0.0,0.0,0.0,0.0,894.0,0.0,0.0,0.0,894.0,500.0,243.0,0.0,151.0,5.0,0.0,0.0,5.0,0.0,0.0,5.0,0.0,0.0,0.0,,,,,,
80,A027807   ,2016JJ00,0.0,0.0,0.0,0.0,0.0,0.0,0.0,0.0,0.0,0.0,886.0,0.0,0.0,0.0,886.0,542.0,228.0,0.0,116.0,5.0,0.0,0.0,5.0,0.0,0.0,5.0,0.0,0.0,0.0,,,,,,
81,A027807   ,2017JJ00,0.0,0.0,0.0,0.0,0.0,0.0,0.0,0.0,0.0,0.0,911.0,23.0,0.0,0.0,934.0,556.0,254.0,0.0,125.0,5.0,0.0,0.0,5.0,0.0,0.0,5.0,0.0,0.0,0.0,,,,,,
82,A027807   ,2018JJ00,0.0,0.0,0.0,0.0,0.0,0.0,0.0,0.0,0.0,0.0,859.0,28.0,0.0,0.0,886.0,551.0,217.0,0.0,118.0,5.0,0.0,0.0,5.0,0.0,0.0,5.0,0.0,0.0,0.0,,,,,,
83,A027807   ,2019JJ00,0.0,0.0,0.0,0.0,0.0,0.0,0.0,0.0,0.0,0.0,686.0,26.0,0.0,0.0,712.0,468.0,217.0,0.0,27.0,6.0,0.0,0.0,6.0,0.0,0.0,6.0,0.0,0.0,0.0,4.0,4.0,0.0,0.0,0.0,0.0
84,A027807   ,2020JJ00,0.0,0.0,0.0,0.0,0.0,0.0,0.0,0.0,0.0,0.0,738.0,26.0,0.0,0.0,764.0,478.0,233.0,0.0,53.0,6.0,0.0,0.0,6.0,0.0,0.0,6.0,0.0,0.0,0.0,4.0,4.0,0.0,0.0,0.0,0.0
85,A027807   ,2021JJ00,0.0,0.0,0.0,0.0,0.0,0.0,0.0,0.0,0.0,0.0,1676.0,67.0,0.0,12.0,1731.0,927.0,419.0,0.0,385.0,5.0,0.0,0.0,5.0,0.0,0.0,5.0,0.0,0.0,0.0,9.0,9.0,0.0,0.0,0.0,0.0
86,A027807   ,2022JJ00,0.0,0.0,0.0,0.0,0.0,0.0,0.0,0.0,0.0,0.0,1588.0,126.0,0.0,23.0,1691.0,929.0,363.0,0.0,399.0,4.0,0.0,0.0,4.0,0.0,0.0,4.0,0.0,0.0,0.0,9.0,9.0,0.0,0.0,0.0,0.0
87,A027807   ,2023JJ00,0.0,0.0,0.0,0.0,0.0,0.0,0.0,0.0,0.0,0.0,1811.0,115.0,0.0,13.0,1913.0,945.0,435.0,0.0,532.0,3.0,0.0,0.0,3.0,0.0,0.0,3.0,0.0,0.0,0.0,10.0,10.0,0.0,0.0,0.0,0.0
88,A027808   ,2013JJ00,0.0,4396.0,0.0,128.0,38.0,4230.0,1524.0,2586.0,12.0,107.0,40730.0,0.0,4371.0,133.0,44968.0,19246.0,3983.0,3160.0,18578.0,231.0,924.0,924.0,231.0,57.0,0.0,173.0,28.0,33.0,0.0,,,,,,
89,A027808   ,2014JJ00,0.0,4260.0,0.0,194.0,0.0,4066.0,1132.0,2761.0,146.0,27.0,38079.0,0.0,5617.0,222.0,43474.0,20473.0,3760.0,4280.0,14960.0,188.0,927.0,927.0,188.0,62.0,0.0,125.0,30.0,39.0,0.0,,,,,,
90,A027808   ,2015JJ00,0.0,4243.0,0.0,419.0,0.0,3824.0,914.0,2594.0,185.0,131.0,37832.0,0.0,5883.0,249.0,43466.0,19837.0,4054.0,4459.0,15116.0,105.0,713.0,713.0,105.0,7.0,0.0,98.0,30.0,39.0,0.0,,,,,,
91,A027808   ,2016JJ00,0.0,4770.0,0.0,420.0,0.0,4349.0,1185.0,2957.0,187.0,20.0,41114.0,0.0,6592.0,2628.0,45079.0,18373.0,6883.0,4585.0,15238.0,140.0,876.0,876.0,140.0,2.0,8.0,130.0,37.0,40.0,0.0,,,,,,
92,A027808   ,2017JJ00,0.0,6091.0,0.0,410.0,0.0,5682.0,1489.0,3472.0,636.0,85.0,42087.0,0.0,7455.0,2775.0,46767.0,18319.0,7619.0,4133.0,16697.0,124.0,975.0,975.0,124.0,1.0,0.0,124.0,40.0,41.0,0.0,,,,,,
93,A027808   ,2018JJ00,0.0,3820.0,0.0,109.0,0.0,3711.0,0.0,2925.0,783.0,3.0,28311.0,0.0,6053.0,2781.0,31583.0,14787.0,5204.0,2018.0,9574.0,108.0,0.0,0.0,108.0,1.0,5.0,102.0,34.0,26.0,0.0,,,,,,
94,A027808   ,2019JJ00,0.0,2597.0,0.0,85.0,0.0,2513.0,0.0,2427.0,81.0,4.0,28316.0,379.0,3644.0,2546.0,29794.0,13871.0,5047.0,1962.0,8913.0,102.0,0.0,0.0,102.0,0.0,12.0,90.0,33.0,21.0,0.0,198.0,137.0,3.0,59.0,0.0,0.0
95,A027808   ,2020JJ00,0.0,2650.0,0.0,101.0,0.0,2549.0,0.0,2513.0,23.0,12.0,26318.0,1613.0,5251.0,4827.0,28356.0,13725.0,5492.0,1353.0,7785.0,89.0,0.0,0.0,89.0,0.0,9.0,80.0,26.0,19.0,0.0,183.0,121.0,3.0,59.0,0.0,0.0
96,A027808   ,2021JJ00,0.0,2664.0,0.0,144.0,0.0,2519.0,0.0,2481.0,23.0,15.0,24791.0,5029.0,4750.0,5865.0,28704.0,13681.0,5624.0,1789.0,7610.0,118.0,0.0,0.0,118.0,0.0,9.0,109.0,25.0,16.0,0.0,187.0,125.0,4.0,59.0,0.0,0.0
97,A027808   ,2022JJ00,0.0,2585.0,0.0,212.0,0.0,2373.0,0.0,2075.0,298.0,0.0,25889.0,8283.0,4213.0,7111.0,31273.0,16113.0,5116.0,1739.0,8305.0,94.0,0.0,0.0,94.0,0.0,7.0,87.0,24.0,16.0,0.0,200.0,141.0,3.0,55.0,0.0,0.0
98,A027808   ,2023JJ00,0.0,6571.0,0.0,202.0,0.0,6369.0,0.0,6342.0,28.0,0.0,30276.0,7787.0,12661.0,8751.0,41973.0,18360.0,8556.0,2371.0,12685.0,57.0,0.0,0.0,57.0,0.0,6.0,51.0,72.0,64.0,0.0,303.0,153.0,2.0,148.0,0.0,0.0
99,A027809   ,2013JJ00,0.0,16705.0,0.0,553.0,1.0,16151.0,0.0,16099.0,27.0,26.0,36602.0,157.0,34551.0,725.0,70585.0,34646.0,3855.0,3054.0,29030.0,209.0,0.0,0.0,209.0,0.0,0.0,209.0,192.0,131.0,23.0,,,,,,
100,A027809   ,2014JJ00,0.0,15915.0,0.0,295.0,0.0,15620.0,0.0,15277.0,202.0,141.0,35654.0,157.0,33596.0,426.0,68981.0,34112.0,2612.0,3101.0,29155.0,110.0,0.0,0.0,110.0,3.0,0.0,107.0,186.0,156.0,9.0,,,,,,
101,A027809   ,2015JJ00,0.0,14545.0,0.0,287.0,1.0,14257.0,0.0,14079.0,47.0,131.0,38661.0,157.0,32873.0,400.0,71290.0,34012.0,2694.0,2855.0,31729.0,163.0,0.0,0.0,163.0,38.0,4.0,121.0,167.0,117.0,10.0,,,,,,
102,A027809   ,2016JJ00,0.0,13645.0,0.0,152.0,53.0,13440.0,0.0,13168.0,270.0,2.0,40712.0,157.0,29494.0,162.0,70202.0,34733.0,4956.0,2832.0,27681.0,164.0,0.0,0.0,164.0,0.0,0.0,164.0,156.0,107.0,0.0,,,,,,
103,A027809   ,2017JJ00,0.0,11871.0,0.0,603.0,0.0,11268.0,0.0,10664.0,526.0,79.0,50321.0,194.0,22518.0,189.0,72845.0,35199.0,5669.0,2769.0,29207.0,165.0,0.0,0.0,165.0,4.0,0.0,161.0,133.0,80.0,0.0,,,,,,
104,A027809   ,2018JJ00,0.0,11919.0,0.0,465.0,0.0,11454.0,0.0,10736.0,685.0,34.0,51272.0,172.0,22564.0,596.0,73413.0,34056.0,5545.0,2554.0,31258.0,113.0,0.0,0.0,113.0,0.0,0.0,113.0,133.0,71.0,0.0,,,,,,
105,A027809   ,2019JJ00,0.0,8649.0,0.0,834.0,0.0,7815.0,0.0,7527.0,288.0,1.0,32776.0,329.0,16367.0,199.0,49272.0,22750.0,4226.0,1841.0,20456.0,97.0,0.0,0.0,97.0,2.0,0.0,95.0,111.0,51.0,0.0,338.0,172.0,3.0,182.0,-19.0,0.0
106,A027809   ,2020JJ00,0.0,9426.0,0.0,446.0,0.0,8980.0,0.0,8341.0,203.0,436.0,34286.0,499.0,18309.0,301.0,52794.0,23874.0,5033.0,2283.0,21604.0,121.0,0.0,0.0,121.0,0.0,0.0,121.0,102.0,51.0,0.0,372.0,180.0,4.0,209.0,-21.0,0.0
107,A027809   ,2021JJ00,0.0,9846.0,0.0,622.0,0.0,9224.0,0.0,8830.0,191.0,204.0,29873.0,1460.0,19731.0,781.0,50284.0,22786.0,5108.0,2100.0,20290.0,127.0,0.0,0.0,127.0,0.0,0.0,127.0,124.0,43.0,0.0,357.0,159.0,4.0,215.0,-22.0,0.0
108,A027809   ,2022JJ00,0.0,9388.0,0.0,312.0,0.0,9076.0,0.0,8446.0,630.0,0.0,26944.0,925.0,18713.0,328.0,46253.0,21209.0,4629.0,2192.0,18222.0,98.0,0.0,0.0,98.0,0.0,0.0,98.0,98.0,47.0,0.0,337.0,144.0,3.0,211.0,-21.0,0.0
109,A027809   ,2023JJ00,0.0,9211.0,38.0,241.0,0.0,8933.0,0.0,8713.0,220.0,0.0,28898.0,1669.0,19899.0,1226.0,49240.0,21431.0,5408.0,2284.0,20117.0,80.0,0.0,0.0,80.0,0.0,0.0,80.0,102.0,45.0,0.0,349.0,153.0,3.0,208.0,-15.0,0.0
110,A027811   ,2013JJ00,0.0,0.0,0.0,0.0,0.0,0.0,0.0,0.0,0.0,0.0,1180.0,0.0,0.0,0.0,1180.0,502.0,63.0,0.0,614.0,16.0,0.0,0.0,16.0,0.0,0.0,16.0,0.0,0.0,0.0,,,,,,
111,A027811   ,2014JJ00,0.0,0.0,0.0,0.0,0.0,0.0,0.0,0.0,0.0,0.0,568.0,0.0,0.0,0.0,568.0,239.0,36.0,0.0,293.0,5.0,0.0,0.0,5.0,0.0,0.0,5.0,0.0,0.0,0.0,,,,,,
112,A027811   ,2015JJ00,0.0,0.0,0.0,0.0,0.0,0.0,0.0,0.0,0.0,0.0,674.0,0.0,0.0,0.0,674.0,111.0,145.0,0.0,419.0,5.0,0.0,0.0,5.0,0.0,0.0,5.0,0.0,0.0,0.0,,,,,,
113,A027811   ,2016JJ00,0.0,0.0,0.0,0.0,0.0,0.0,0.0,0.0,0.0,0.0,729.0,0.0,0.0,0.0,729.0,240.0,196.0,0.0,293.0,8.0,0.0,0.0,8.0,0.0,0.0,8.0,0.0,0.0,0.0,,,,,,
114,A027811   ,2017JJ00,0.0,0.0,0.0,0.0,0.0,0.0,0.0,0.0,0.0,0.0,673.0,0.0,0.0,0.0,673.0,251.0,115.0,0.0,307.0,6.0,0.0,0.0,6.0,0.0,0.0,6.0,0.0,0.0,0.0,,,,,,
115,A027811   ,2018JJ00,,,,,,,,,,,,,,,,,,,,,,,,,,,,,,,,,,,
116,A027811   ,2019JJ00,,,,,,,,,,,,,,,,,,,,,,,,,,,,,,,,,,,
117,A027811   ,2020JJ00,,,,,,,,,,,,,,,,,,,,,,,,,,,,,,,,,,,
118,A027811   ,2021JJ00,,,,,,,,,,,,,,,,,,,,,,,,,,,,,,,,,,,
119,A027811   ,2022JJ00,,,,,,,,,,,,,,,,,,,,,,,,,,,,,,,,,,,
120,A027811   ,2023JJ00,,,,,,,,,,,,,,,,,,,,,,,,,,,,,,,,,,,
121,A027812   ,2013JJ00,0.0,333.0,0.0,19.0,0.0,314.0,0.0,306.0,8.0,0.0,1734.0,0.0,536.0,0.0,2270.0,752.0,91.0,0.0,1427.0,40.0,0.0,0.0,40.0,40.0,0.0,0.0,2.0,2.0,0.0,,,,,,
122,A027812   ,2014JJ00,0.0,434.0,0.0,77.0,0.0,357.0,0.0,341.0,16.0,0.0,1731.0,0.0,539.0,0.0,2270.0,842.0,84.0,0.0,1344.0,17.0,0.0,0.0,17.0,17.0,0.0,0.0,2.0,2.0,0.0,,,,,,
123,A027812   ,2015JJ00,0.0,337.0,0.0,83.0,0.0,254.0,0.0,232.0,22.0,0.0,1897.0,0.0,425.0,17.0,2304.0,868.0,98.0,0.0,1338.0,34.0,0.0,0.0,34.0,34.0,0.0,0.0,2.0,2.0,0.0,,,,,,
124,A027812   ,2016JJ00,0.0,443.0,0.0,78.0,0.0,365.0,0.0,349.0,16.0,0.0,1726.0,0.0,541.0,0.0,2268.0,832.0,78.0,0.0,1358.0,17.0,0.0,0.0,17.0,14.0,0.0,3.0,4.0,3.0,0.0,,,,,,
125,A027812   ,2017JJ00,0.0,589.0,0.0,216.0,0.0,373.0,0.0,322.0,51.0,0.0,1932.0,0.0,651.0,0.0,2582.0,894.0,213.0,0.0,1475.0,9.0,0.0,0.0,9.0,1.0,0.0,8.0,3.0,3.0,0.0,,,,,,
126,A027812   ,2018JJ00,0.0,550.0,0.0,22.0,0.0,527.0,0.0,525.0,2.0,0.0,1397.0,0.0,1220.0,0.0,2616.0,880.0,179.0,0.0,1557.0,5.0,0.0,0.0,5.0,0.0,0.0,5.0,6.0,5.0,0.0,,,,,,
127,A027812   ,2019JJ00,0.0,598.0,0.0,30.0,0.0,568.0,0.0,566.0,2.0,0.0,1411.0,0.0,1306.0,0.0,2717.0,814.0,191.0,0.0,1713.0,4.0,0.0,0.0,4.0,0.0,0.0,4.0,4.0,3.0,0.0,21.0,7.0,0.0,13.0,0.0,0.0
128,A027812   ,2020JJ00,0.0,625.0,0.0,27.0,0.0,598.0,0.0,596.0,2.0,0.0,1182.0,628.0,1346.0,398.0,2759.0,787.0,208.0,0.0,1764.0,4.0,0.0,0.0,4.0,0.0,0.0,4.0,7.0,3.0,0.0,21.0,7.0,0.0,14.0,0.0,0.0
129,A027812   ,2021JJ00,0.0,613.0,0.0,69.0,0.0,545.0,0.0,528.0,17.0,0.0,1186.0,1179.0,1270.0,707.0,2927.0,845.0,233.0,0.0,1848.0,5.0,0.0,0.0,5.0,0.0,0.0,5.0,6.0,3.0,0.0,22.0,9.0,0.0,13.0,0.0,0.0
130,A027812   ,2022JJ00,0.0,600.0,0.0,33.0,0.0,567.0,0.0,567.0,0.0,0.0,997.0,1290.0,1325.0,865.0,2747.0,757.0,215.0,0.0,1775.0,4.0,0.0,0.0,4.0,0.0,0.0,4.0,7.0,3.0,0.0,21.0,7.0,0.0,13.0,0.0,0.0
131,A027812   ,2023JJ00,0.0,620.0,0.0,31.0,0.0,588.0,0.0,585.0,3.0,0.0,1176.0,1203.0,1343.0,778.0,2944.0,793.0,288.0,0.0,1863.0,3.0,0.0,0.0,3.0,0.0,0.0,3.0,7.0,4.0,0.0,22.0,8.0,0.0,14.0,0.0,0.0
132,A050129   ,2013JJ00,,,,,,,,,,,,,,,,,,,,,,,,,,,,,,,,,,,
133,A050129   ,2014JJ00,,,,,,,,,,,,,,,,,,,,,,,,,,,,,,,,,,,
134,A050129   ,2015JJ00,,,,,,,,,,,,,,,,,,,,,,,,,,,,,,,,,,,
135,A050129   ,2016JJ00,,,,,,,,,,,,,,,,,,,,,,,,,,,,,,,,,,,
136,A050129   ,2017JJ00,,,,,,,,,,,,,,,,,,,,,,,,,,,,,,,,,,,
137,A050129   ,2018JJ00,,,,,,,,,,,,,,,,,,,,,,,,,,,,,,,,,,,
138,A050129   ,2019JJ00,0.0,696.0,0.0,143.0,0.0,553.0,0.0,488.0,65.0,0.0,19197.0,0.0,895.0,0.0,20091.0,8296.0,504.0,867.0,10424.0,39.0,0.0,0.0,39.0,0.0,0.0,39.0,5.0,3.0,25.0,115.0,100.0,1.0,13.0,0.0,1.0
139,A050129   ,2020JJ00,0.0,1230.0,0.0,29.0,0.0,1201.0,0.0,701.0,212.0,288.0,17705.0,163.0,1850.0,73.0,19644.0,9451.0,1246.0,559.0,8388.0,136.0,0.0,0.0,136.0,0.0,0.0,136.0,7.0,5.0,18.0,126.0,93.0,4.0,28.0,0.0,1.0
140,A050129   ,2021JJ00,0.0,1054.0,0.0,48.0,0.0,1006.0,0.0,893.0,52.0,61.0,18540.0,1634.0,2426.0,1014.0,21586.0,10931.0,1485.0,89.0,9081.0,48.0,0.0,0.0,48.0,0.0,0.0,48.0,8.0,6.0,0.0,125.0,100.0,2.0,23.0,0.0,0.0
141,A050129   ,2022JJ00,0.0,968.0,0.0,61.0,0.0,907.0,0.0,893.0,14.0,0.0,19204.0,2538.0,2394.0,1634.0,22502.0,11798.0,1468.0,86.0,9150.0,21.0,0.0,0.0,21.0,0.0,0.0,21.0,8.0,6.0,0.0,127.0,105.0,1.0,21.0,0.0,0.0
142,A050129   ,2023JJ00,0.0,893.0,0.0,32.0,0.0,861.0,0.0,844.0,17.0,0.0,21325.0,2164.0,2219.0,1253.0,24455.0,12789.0,1851.0,85.0,9729.0,18.0,0.0,0.0,18.0,0.0,0.0,18.0,8.0,6.0,0.0,137.0,116.0,1.0,20.0,0.0,0.0
143,A050130   ,2013JJ00,,,,,,,,,,,,,,,,,,,,,,,,,,,,,,,,,,,
144,A050130   ,2014JJ00,,,,,,,,,,,,,,,,,,,,,,,,,,,,,,,,,,,
145,A050130   ,2015JJ00,,,,,,,,,,,,,,,,,,,,,,,,,,,,,,,,,,,
146,A050130   ,2016JJ00,,,,,,,,,,,,,,,,,,,,,,,,,,,,,,,,,,,
147,A050130   ,2017JJ00,,,,,,,,,,,,,,,,,,,,,,,,,,,,,,,,,,,
148,A050130   ,2018JJ00,,,,,,,,,,,,,,,,,,,,,,,,,,,,,,,,,,,
149,A050130   ,2019JJ00,0.0,3798.0,0.0,1099.0,0.0,2699.0,0.0,2699.0,0.0,0.0,3789.0,40.0,6897.0,451.0,10275.0,3627.0,835.0,800.0,5013.0,51.0,0.0,0.0,51.0,0.0,0.0,51.0,38.0,34.0,0.0,82.0,18.0,2.0,63.0,0.0,0.0
150,A050130   ,2020JJ00,0.0,4098.0,0.0,125.0,0.0,3973.0,0.0,3973.0,0.0,0.0,3384.0,86.0,8452.0,958.0,10963.0,7181.0,899.0,800.0,2084.0,14.0,0.0,0.0,14.0,0.0,0.0,14.0,52.0,47.0,0.0,106.0,13.0,0.0,93.0,0.0,0.0
151,A050130   ,2021JJ00,0.0,4275.0,0.0,189.0,0.0,4086.0,0.0,4086.0,0.0,0.0,3217.0,149.0,8692.0,991.0,11067.0,5923.0,898.0,800.0,3445.0,16.0,0.0,0.0,16.0,0.0,0.0,16.0,54.0,48.0,0.0,108.0,12.0,1.0,95.0,0.0,0.0
152,A050130   ,2022JJ00,0.0,4377.0,0.0,152.0,0.0,4225.0,0.0,4225.0,0.0,0.0,2808.0,262.0,8800.0,1114.0,10756.0,6524.0,792.0,800.0,2640.0,12.0,0.0,0.0,12.0,0.0,0.0,12.0,56.0,50.0,0.0,109.0,10.0,0.0,98.0,0.0,0.0
153,A050130   ,2023JJ00,0.0,3710.0,0.0,32.0,0.0,3678.0,0.0,3678.0,0.0,0.0,3691.0,252.0,8151.0,618.0,11476.0,5780.0,1031.0,914.0,3752.0,10.0,0.0,0.0,10.0,0.0,0.0,10.0,48.0,44.0,0.0,103.0,17.0,0.0,86.0,0.0,0.0
154,A027813   ,2013JJ00,0.0,0.0,0.0,0.0,0.0,0.0,0.0,0.0,0.0,0.0,5121.0,0.0,39610.0,33707.0,11024.0,0.0,0.0,11024.0,0.0,19115.0,0.0,0.0,19115.0,15343.0,3771.0,0.0,289.0,289.0,0.0,,,,,,
155,A027813   ,2014JJ00,0.0,0.0,0.0,0.0,0.0,0.0,0.0,0.0,0.0,0.0,5063.0,0.0,37635.0,32278.0,10420.0,0.0,0.0,10357.0,63.0,17948.0,0.0,0.0,17948.0,14264.0,3683.0,1.0,282.0,279.0,0.0,,,,,,
156,A027813   ,2015JJ00,0.0,0.0,0.0,0.0,0.0,0.0,0.0,0.0,0.0,0.0,5153.0,0.0,37625.0,31443.0,11335.0,0.0,0.0,11269.0,67.0,17794.0,0.0,0.0,17794.0,14098.0,3695.0,0.0,282.0,270.0,0.0,,,,,,
157,A027813   ,2016JJ00,0.0,0.0,0.0,0.0,0.0,0.0,0.0,0.0,0.0,0.0,4730.0,0.0,39284.0,32526.0,11488.0,0.0,0.0,11488.0,0.0,18387.0,0.0,0.0,18387.0,14566.0,3821.0,0.0,228.0,225.0,0.0,,,,,,
158,A027813   ,2017JJ00,0.0,0.0,0.0,0.0,0.0,0.0,0.0,0.0,0.0,0.0,4635.0,0.0,43857.0,37660.0,10833.0,0.0,0.0,10833.0,0.0,18799.0,0.0,0.0,18799.0,15630.0,3118.0,52.0,240.0,240.0,0.0,,,,,,
159,A027813   ,2018JJ00,0.0,0.0,0.0,0.0,0.0,0.0,0.0,0.0,0.0,0.0,6763.0,0.0,42347.0,38593.0,10517.0,0.0,0.0,10517.0,0.0,18015.0,0.0,0.0,18015.0,15802.0,2213.0,0.0,245.0,245.0,0.0,,,,,,
160,A027813   ,2019JJ00,0.0,0.0,0.0,0.0,0.0,0.0,0.0,0.0,0.0,0.0,7961.0,0.0,41357.0,36271.0,13047.0,0.0,0.0,13047.0,0.0,18369.0,0.0,0.0,18369.0,14238.0,4132.0,0.0,210.0,210.0,0.0,434.0,-148.0,581.0,0.0,0.0,0.0
161,A027813   ,2020JJ00,0.0,0.0,0.0,0.0,0.0,0.0,0.0,0.0,0.0,0.0,7646.0,0.0,44355.0,38533.0,13467.0,0.0,0.0,13467.0,0.0,19991.0,0.0,0.0,19991.0,15330.0,4661.0,0.0,230.0,230.0,0.0,471.0,-161.0,633.0,0.0,0.0,0.0
162,A027813   ,2021JJ00,0.0,0.0,0.0,0.0,0.0,0.0,0.0,0.0,0.0,0.0,6999.0,0.0,41447.0,35907.0,12539.0,0.0,0.0,12539.0,0.0,18953.0,0.0,0.0,18953.0,14448.0,4458.0,46.0,220.0,220.0,0.0,449.0,-151.0,600.0,0.0,0.0,0.0
163,A027813   ,2022JJ00,0.0,0.0,0.0,0.0,0.0,0.0,0.0,0.0,0.0,0.0,6823.0,0.0,42634.0,37361.0,12096.0,0.0,0.0,12096.0,0.0,20048.0,0.0,0.0,20048.0,15235.0,4814.0,0.0,235.0,235.0,0.0,475.0,-159.0,635.0,0.0,0.0,0.0
164,A027813   ,2023JJ00,0.0,0.0,0.0,0.0,0.0,0.0,0.0,0.0,0.0,0.0,2869.0,0.0,39194.0,33971.0,8093.0,0.0,0.0,8044.0,48.0,14126.0,0.0,0.0,14126.0,14077.0,47.0,2.0,220.0,220.0,0.0,285.0,-162.0,447.0,0.0,0.0,0.0
165,A025767   ,2013JJ00,0.0,0.0,0.0,0.0,0.0,0.0,0.0,0.0,0.0,0.0,606.0,0.0,0.0,0.0,606.0,197.0,103.0,0.0,307.0,4.0,0.0,0.0,4.0,0.0,0.0,4.0,0.0,0.0,0.0,3.0,3.0,0.0,0.0,0.0,0.0
166,A025767   ,2014JJ00,0.0,0.0,0.0,0.0,0.0,0.0,0.0,0.0,0.0,0.0,419.0,0.0,0.0,0.0,419.0,145.0,89.0,0.0,185.0,1.0,0.0,0.0,1.0,0.0,0.0,1.0,0.0,0.0,0.0,2.0,2.0,0.0,0.0,0.0,0.0
167,A025767   ,2015JJ00,0.0,0.0,0.0,0.0,0.0,0.0,0.0,0.0,0.0,0.0,425.0,0.0,0.0,0.0,425.0,201.0,89.0,0.0,134.0,2.0,0.0,0.0,2.0,0.0,0.0,2.0,0.0,0.0,0.0,2.0,2.0,0.0,0.0,0.0,0.0
168,A025767   ,2016JJ00,0.0,0.0,0.0,0.0,0.0,0.0,0.0,0.0,0.0,0.0,387.0,0.0,0.0,0.0,387.0,189.0,82.0,0.0,116.0,3.0,0.0,0.0,3.0,0.0,0.0,3.0,0.0,0.0,0.0,2.0,2.0,0.0,0.0,0.0,0.0
169,A025767   ,2017JJ00,0.0,0.0,0.0,0.0,0.0,0.0,0.0,0.0,0.0,0.0,469.0,0.0,0.0,0.0,469.0,178.0,91.0,0.0,200.0,4.0,0.0,0.0,4.0,0.0,0.0,4.0,0.0,0.0,0.0,3.0,2.0,0.0,0.0,0.0,0.0
170,A025767   ,2018JJ00,0.0,0.0,0.0,0.0,0.0,0.0,0.0,0.0,0.0,0.0,0.0,0.0,0.0,0.0,0.0,0.0,0.0,0.0,0.0,0.0,0.0,0.0,0.0,0.0,0.0,0.0,0.0,0.0,0.0,,,,,,
171,A025767   ,2019JJ00,,,,,,,,,,,,,,,,,,,,,,,,,,,,,,,,,,,
172,A025767   ,2020JJ00,,,,,,,,,,,,,,,,,,,,,,,,,,,,,,,,,,,
173,A025767   ,2021JJ00,,,,,,,,,,,,,,,,,,,,,,,,,,,,,,,,,,,
174,A025767   ,2022JJ00,,,,,,,,,,,,,,,,,,,,,,,,,,,,,,,,,,,
175,A025767   ,2023JJ00,,,,,,,,,,,,,,,,,,,,,,,,,,,,,,,,,,,
176,A025768   ,2013JJ00,0.0,99200.0,11271.0,5320.0,79.0,82530.0,1822.0,75156.0,2023.0,3529.0,253004.0,565.0,149822.0,6431.0,396960.0,141853.0,52678.0,21748.0,180681.0,2476.0,1099.0,1114.0,2461.0,1206.0,43.0,1212.0,906.0,639.0,79.0,3325.0,1290.0,43.0,1923.0,65.0,3.0
177,A025768   ,2014JJ00,0.0,95311.0,11627.0,6174.0,203.0,77308.0,1289.0,73297.0,1512.0,1210.0,230792.0,618.0,149991.0,5763.0,375638.0,140311.0,44560.0,20821.0,169947.0,1605.0,1002.0,1013.0,1594.0,818.0,27.0,749.0,877.0,630.0,70.0,3055.0,1166.0,18.0,1801.0,66.0,3.0
178,A025768   ,2015JJ00,0.0,93633.0,10259.0,6904.0,82.0,76387.0,948.0,71970.0,1889.0,1580.0,235739.0,809.0,154068.0,9388.0,381228.0,140177.0,47386.0,21213.0,172452.0,1916.0,733.0,746.0,1904.0,910.0,30.0,963.0,852.0,566.0,67.0,3048.0,1173.0,36.0,1780.0,48.0,10.0
179,A025768   ,2016JJ00,0.0,100094.0,9928.0,9327.0,578.0,80262.0,1334.0,74990.0,2360.0,1578.0,241975.0,800.0,156071.0,14159.0,384688.0,146114.0,50917.0,22329.0,165329.0,1292.0,961.0,973.0,1279.0,283.0,30.0,966.0,921.0,627.0,64.0,3089.0,1149.0,10.0,1870.0,48.0,11.0
180,A025768   ,2017JJ00,0.0,102327.0,8706.0,12007.0,674.0,80941.0,1702.0,72968.0,5363.0,907.0,254453.0,801.0,150766.0,12569.0,393451.0,146893.0,52913.0,23152.0,170492.0,1008.0,1129.0,1141.0,997.0,189.0,19.0,789.0,849.0,553.0,4.0,3047.0,1109.0,27.0,1822.0,82.0,7.0
181,A025768   ,2018JJ00,0.0,93760.0,11048.0,9718.0,226.0,72768.0,2969.0,64800.0,4134.0,865.0,219283.0,2855.0,141313.0,14104.0,349347.0,127780.0,45944.0,18654.0,156969.0,1195.0,2339.0,2350.0,1183.0,72.0,0.0,1112.0,789.0,941.0,126.0,3266.0,1059.0,-37.0,1695.0,537.0,12.0
182,A025768   ,2019JJ00,0.0,103269.0,14331.0,9192.0,76.0,79670.0,5872.0,68337.0,4206.0,1255.0,217192.0,9042.0,145266.0,14466.0,357034.0,137159.0,48341.0,19870.0,151664.0,1563.0,3764.0,3775.0,1552.0,77.0,0.0,1474.0,882.0,958.0,50.0,3419.0,1105.0,-70.0,1856.0,519.0,9.0
183,A025768   ,2020JJ00,0.0,113299.0,17069.0,8195.0,126.0,87909.0,10755.0,70584.0,4830.0,1740.0,236208.0,16449.0,150120.0,22884.0,379893.0,148644.0,49154.0,20540.0,161555.0,2127.0,6744.0,6755.0,2116.0,221.0,0.0,1895.0,823.0,603.0,62.0,2964.0,1144.0,-147.0,1909.0,62.0,-3.0
184,A025768   ,2021JJ00,0.0,109043.0,10009.0,8395.0,78.0,90561.0,21817.0,63407.0,4139.0,1198.0,222168.0,17076.0,130584.0,17757.0,352070.0,136618.0,47393.0,17197.0,150862.0,2613.0,14037.0,14042.0,2608.0,666.0,0.0,1942.0,763.0,518.0,60.0,2989.0,1156.0,-362.0,2110.0,70.0,15.0
185,A025768   ,2022JJ00,0.0,92825.0,10198.0,5327.0,65.0,77235.0,14428.0,57130.0,4788.0,888.0,206834.0,23464.0,117957.0,20853.0,327402.0,127752.0,43660.0,17133.0,138857.0,1922.0,9066.0,9070.0,1918.0,177.0,0.0,1741.0,673.0,472.0,9.0,2695.0,1093.0,-226.0,1800.0,28.0,1.0
186,A025768   ,2023JJ00,0.0,90807.0,7737.0,4322.0,63.0,78684.0,19699.0,52274.0,5120.0,1591.0,221625.0,30426.0,110179.0,31020.0,331210.0,116678.0,51118.0,16379.0,147035.0,938.0,12267.0,12274.0,931.0,146.0,0.0,784.0,594.0,399.0,2.0,2672.0,1154.0,-359.0,1833.0,35.0,8.0
187,A025769   ,2013JJ00,0.0,9284.0,76.0,555.0,4.0,8648.0,0.0,8340.0,178.0,131.0,16135.0,0.0,18026.0,877.0,33284.0,18908.0,2180.0,2301.0,9894.0,118.0,0.0,0.0,118.0,0.0,15.0,103.0,100.0,76.0,0.0,324.0,91.0,3.0,234.0,-5.0,0.0
188,A025769   ,2014JJ00,0.0,12701.0,45.0,394.0,0.0,12261.0,0.0,11153.0,1103.0,5.0,27368.0,0.0,23324.0,845.0,49847.0,23732.0,3994.0,3251.0,18869.0,181.0,0.0,0.0,181.0,0.0,0.0,180.0,133.0,108.0,0.0,426.0,138.0,6.0,286.0,-4.0,0.0
189,A025769   ,2015JJ00,0.0,13265.0,0.0,501.0,0.0,12763.0,0.0,11187.0,1445.0,131.0,27035.0,0.0,25213.0,761.0,51486.0,26482.0,3818.0,3519.0,17667.0,245.0,0.0,0.0,245.0,1.0,0.0,245.0,130.0,102.0,0.0,438.0,137.0,8.0,297.0,-5.0,0.0
190,A025769   ,2016JJ00,0.0,15128.0,61.0,765.0,1.0,14301.0,0.0,11294.0,2998.0,9.0,29089.0,0.0,25780.0,605.0,54264.0,26930.0,4239.0,5936.0,17158.0,80.0,0.0,0.0,80.0,0.0,8.0,72.0,130.0,101.0,0.0,480.0,149.0,3.0,333.0,-4.0,0.0
191,A025769   ,2017JJ00,0.0,14507.0,65.0,710.0,5.0,13728.0,0.0,12272.0,1456.0,0.0,29912.0,37.0,26130.0,560.0,55519.0,26622.0,4556.0,2761.0,21580.0,121.0,0.0,0.0,121.0,0.0,0.0,121.0,147.0,120.0,0.0,558.0,170.0,4.0,384.0,0.0,0.0
192,A025769   ,2018JJ00,0.0,22293.0,74.0,1559.0,12.0,20648.0,0.0,16815.0,3595.0,237.0,36230.0,45.0,35016.0,2199.0,69092.0,32911.0,4882.0,4076.0,27223.0,288.0,0.0,0.0,288.0,6.0,23.0,258.0,206.0,150.0,0.0,668.0,178.0,9.0,481.0,0.0,0.0
193,A025769   ,2019JJ00,0.0,21494.0,68.0,2869.0,1.0,18557.0,0.0,15675.0,2875.0,8.0,33451.0,2912.0,35866.0,4954.0,67275.0,32453.0,5783.0,5125.0,23914.0,331.0,0.0,94.0,237.0,0.0,29.0,208.0,186.0,133.0,0.0,604.0,164.0,7.0,432.0,0.0,0.0
194,A025769   ,2020JJ00,0.0,16539.0,41.0,1593.0,5.0,14900.0,27.0,13611.0,712.0,550.0,18306.0,1970.0,29470.0,4854.0,44892.0,23579.0,4840.0,2957.0,13517.0,265.0,0.0,104.0,161.0,0.0,1.0,161.0,161.0,123.0,0.0,627.0,136.0,6.0,486.0,-2.0,0.0
195,A025769   ,2021JJ00,0.0,28284.0,55.0,2018.0,3.0,26208.0,2208.0,20671.0,3329.0,0.0,26814.0,9538.0,46370.0,14245.0,68477.0,33155.0,5997.0,5687.0,23638.0,294.0,1226.0,132.0,1389.0,0.0,0.0,1389.0,243.0,154.0,0.0,729.0,115.0,5.0,611.0,-2.0,0.0
196,A025769   ,2022JJ00,0.0,39377.0,921.0,1639.0,13.0,36804.0,15178.0,19410.0,2034.0,183.0,40724.0,10025.0,43516.0,16604.0,77661.0,35448.0,5256.0,5765.0,31192.0,224.0,10193.0,10323.0,94.0,0.0,0.0,94.0,224.0,193.0,24.0,770.0,178.0,-320.0,858.0,53.0,1.0
197,A025769   ,2023JJ00,0.0,39888.0,921.0,1971.0,5.0,36991.0,14252.0,20565.0,2174.0,0.0,54459.0,14987.0,45279.0,17915.0,96810.0,45633.0,8248.0,7445.0,35485.0,205.0,9684.0,9813.0,77.0,0.0,0.0,76.0,235.0,198.0,0.0,882.0,269.0,-304.0,862.0,56.0,0.0
198,A025772   ,2013JJ00,0.0,1383.0,0.0,1.0,0.0,1381.0,0.0,1369.0,12.0,0.0,261287.0,761.0,1943.0,281.0,263710.0,149873.0,34745.0,8139.0,70953.0,977.0,0.0,0.0,977.0,0.0,0.0,977.0,16.0,16.0,2.0,1383.0,1353.0,29.0,0.0,0.0,1.0
199,A025772   ,2014JJ00,0.0,0.0,0.0,0.0,0.0,0.0,0.0,0.0,0.0,0.0,254715.0,1795.0,0.0,1238.0,255272.0,145474.0,32772.0,7892.0,69134.0,646.0,0.0,0.0,646.0,0.0,0.0,646.0,0.0,0.0,2.0,1366.0,1345.0,21.0,0.0,0.0,0.0
200,A025772   ,2015JJ00,0.0,0.0,0.0,0.0,0.0,0.0,0.0,0.0,0.0,0.0,264727.0,2007.0,0.0,1373.0,265361.0,145934.0,43049.0,8245.0,68133.0,695.0,0.0,0.0,695.0,0.0,0.0,695.0,0.0,0.0,0.0,1421.0,1398.0,23.0,0.0,0.0,0.0
201,A025772   ,2016JJ00,0.0,0.0,0.0,0.0,0.0,0.0,0.0,0.0,0.0,0.0,263317.0,803.0,0.0,423.0,263697.0,148237.0,37751.0,8101.0,69608.0,714.0,0.0,0.0,714.0,0.0,0.0,714.0,0.0,0.0,0.0,1392.0,1369.0,22.0,0.0,0.0,0.0
202,A025772   ,2017JJ00,0.0,0.0,0.0,0.0,0.0,0.0,0.0,0.0,0.0,0.0,266164.0,955.0,0.0,421.0,266698.0,144763.0,41345.0,7728.0,72862.0,724.0,0.0,0.0,724.0,0.0,0.0,724.0,0.0,0.0,0.0,1460.0,1434.0,24.0,0.0,0.0,1.0
203,A025772   ,2018JJ00,0.0,0.0,0.0,0.0,0.0,0.0,0.0,0.0,0.0,0.0,269201.0,2808.0,0.0,989.0,271021.0,151070.0,39227.0,7430.0,73294.0,798.0,0.0,0.0,798.0,0.0,0.0,798.0,0.0,0.0,41.0,1443.0,1415.0,25.0,0.0,0.0,3.0
204,A025772   ,2019JJ00,0.0,0.0,0.0,0.0,0.0,0.0,0.0,0.0,0.0,0.0,261479.0,9029.0,0.0,2551.0,267957.0,149943.0,41022.0,8483.0,68509.0,732.0,0.0,0.0,732.0,0.0,0.0,732.0,0.0,0.0,13.0,1423.0,1399.0,23.0,0.0,0.0,2.0
205,A025772   ,2020JJ00,0.0,0.0,0.0,0.0,0.0,0.0,0.0,0.0,0.0,0.0,264539.0,19319.0,0.0,9868.0,273990.0,156067.0,42822.0,7590.0,67511.0,689.0,0.0,0.0,689.0,0.0,9.0,680.0,0.0,0.0,5.0,1448.0,1426.0,22.0,0.0,0.0,1.0
206,A025772   ,2021JJ00,0.0,0.0,0.0,0.0,0.0,0.0,0.0,0.0,0.0,0.0,261741.0,37256.0,0.0,16687.0,282310.0,158865.0,42077.0,7493.0,73875.0,868.0,0.0,0.0,868.0,0.0,9.0,859.0,0.0,0.0,2.0,1502.0,1474.0,27.0,0.0,0.0,1.0
207,A025772   ,2022JJ00,0.0,0.0,0.0,0.0,0.0,0.0,0.0,0.0,0.0,0.0,248450.0,53056.0,0.0,25961.0,275544.0,152801.0,37790.0,7254.0,77699.0,675.0,0.0,0.0,675.0,0.0,7.0,667.0,0.0,0.0,2.0,1460.0,1438.0,21.0,0.0,0.0,1.0
208,A025772   ,2023JJ00,0.0,0.0,0.0,0.0,0.0,0.0,0.0,0.0,0.0,0.0,263662.0,55077.0,0.0,26155.0,292583.0,152439.0,49197.0,7180.0,83768.0,617.0,0.0,0.0,617.0,0.0,6.0,611.0,0.0,0.0,6.0,1548.0,1527.0,20.0,0.0,0.0,1.0
209,A025773   ,2013JJ00,,,,,,,,,,,,,,,,,,,,,,,,,,,,,,,,,,,
210,A025773   ,2014JJ00,,,,,,,,,,,,,,,,,,,,,,,,,,,,,,,,,,,
211,A025773   ,2015JJ00,,,,,,,,,,,,,,,,,,,,,,,,,,,,,,,,,,,
212,A025773   ,2016JJ00,,,,,,,,,,,,,,,,,,,,,,,,,,,,,,,,,,,
213,A025773   ,2017JJ00,,,,,,,,,,,,,,,,,,,,,,,,,,,,,,,,,,,
214,A025773   ,2018JJ00,,,,,,,,,,,,,,,,,,,,,,,,,,,,,,,,,,,
215,A025773   ,2019JJ00,,,,,,,,,,,,,,,,,,,,,,,,,,,,,,,,,,,
216,A025773   ,2020JJ00,,,,,,,,,,,,,,,,,,,,,,,,,,,,,,,,,,,
217,A025773   ,2021JJ00,,,,,,,,,,,,,,,,,,,,,,,,,,,,,,,,,,,
218,A025773   ,2022JJ00,,,,,,,,,,,,,,,,,,,,,,,,,,,,,,,,,,,
219,A025773   ,2023JJ00,,,,,,,,,,,,,,,,,,,,,,,,,,,,,,,,,,,
220,A025774   ,2013JJ00,0.0,0.0,0.0,0.0,0.0,0.0,0.0,0.0,0.0,0.0,1260.0,0.0,0.0,0.0,1260.0,478.0,78.0,0.0,704.0,19.0,0.0,0.0,19.0,0.0,0.0,19.0,0.0,0.0,0.0,7.0,7.0,0.0,0.0,0.0,0.0
221,A025774   ,2014JJ00,0.0,0.0,0.0,0.0,0.0,0.0,0.0,0.0,0.0,0.0,1312.0,0.0,0.0,0.0,1312.0,411.0,87.0,0.0,814.0,10.0,0.0,0.0,10.0,0.0,0.0,10.0,0.0,0.0,0.0,7.0,7.0,0.0,0.0,0.0,0.0
222,A025774   ,2015JJ00,0.0,0.0,0.0,0.0,0.0,0.0,0.0,0.0,0.0,0.0,1280.0,0.0,0.0,0.0,1280.0,446.0,73.0,0.0,760.0,11.0,0.0,0.0,11.0,0.0,0.0,11.0,0.0,0.0,0.0,7.0,7.0,0.0,0.0,0.0,0.0
223,A025774   ,2016JJ00,0.0,0.0,0.0,0.0,0.0,0.0,0.0,0.0,0.0,0.0,1142.0,0.0,0.0,0.0,1142.0,420.0,62.0,0.0,661.0,14.0,0.0,0.0,14.0,0.0,0.0,14.0,0.0,0.0,0.0,6.0,6.0,0.0,0.0,0.0,0.0
224,A025774   ,2017JJ00,0.0,0.0,0.0,0.0,0.0,0.0,0.0,0.0,0.0,0.0,1170.0,0.0,0.0,0.0,1170.0,439.0,60.0,0.0,670.0,7.0,0.0,0.0,7.0,0.0,0.0,7.0,0.0,0.0,0.0,6.0,6.0,0.0,0.0,0.0,0.0
225,A025774   ,2018JJ00,0.0,0.0,0.0,0.0,0.0,0.0,0.0,0.0,0.0,0.0,1197.0,0.0,0.0,0.0,1197.0,469.0,54.0,0.0,675.0,15.0,0.0,0.0,15.0,0.0,0.0,15.0,0.0,0.0,0.0,7.0,6.0,0.0,0.0,0.0,0.0
226,A025774   ,2019JJ00,0.0,0.0,0.0,0.0,0.0,0.0,0.0,0.0,0.0,0.0,1399.0,0.0,0.0,0.0,1399.0,599.0,63.0,0.0,736.0,11.0,0.0,0.0,11.0,0.0,0.0,11.0,0.0,0.0,0.0,8.0,7.0,0.0,0.0,0.0,0.0
227,A025774   ,2020JJ00,,,,,,,,,,,,,,,,,,,,,,,,,,,,,,,,,,,
228,A025774   ,2021JJ00,,,,,,,,,,,,,,,,,,,,,,,,,,,,,,,,,,,
229,A025774   ,2022JJ00,,,,,,,,,,,,,,,,,,,,,,,,,,,,,,,,,,,
230,A025774   ,2023JJ00,,,,,,,,,,,,,,,,,,,,,,,,,,,,,,,,,,,
231,A025775   ,2013JJ00,,,,,,,,,,,77310.0,5.0,39610.0,33707.0,83218.0,29986.0,11137.0,12964.0,29130.0,19381.0,0.0,0.0,19381.0,15343.0,3756.0,282.0,289.0,289.0,0.0,843.0,229.0,614.0,0.0,0.0,0.0
232,A025775   ,2014JJ00,,,,,,,,,,,74241.0,5.0,37635.0,32278.0,79603.0,29660.0,9426.0,12470.0,28046.0,18136.0,0.0,0.0,18136.0,14264.0,3683.0,189.0,282.0,279.0,0.0,793.0,219.0,574.0,0.0,0.0,0.0
233,A025775   ,2015JJ00,,,,,,,,,,,74752.0,4.0,37625.0,31443.0,80939.0,29123.0,9774.0,13591.0,28451.0,18004.0,0.0,0.0,18004.0,14098.0,3695.0,210.0,282.0,270.0,0.0,796.0,226.0,570.0,0.0,0.0,0.0
234,A025775   ,2016JJ00,,,,,,,,,,,77596.0,48.0,39284.0,32526.0,84402.0,29723.0,10632.0,14662.0,29386.0,18614.0,0.0,0.0,18614.0,14566.0,3821.0,227.0,228.0,225.0,0.0,850.0,260.0,589.0,0.0,0.0,0.0
235,A025775   ,2017JJ00,,,,,,,,,,,77914.0,71.0,43857.0,37660.0,84183.0,31129.0,11003.0,12533.0,29518.0,19018.0,0.0,0.0,19018.0,15630.0,3118.0,271.0,240.0,240.0,0.0,890.0,286.0,603.0,0.0,0.0,0.0
236,A025775   ,2018JJ00,,,,,,,,,,,94601.0,76.0,42347.0,38593.0,98431.0,35312.0,11045.0,13002.0,39072.0,18271.0,0.0,0.0,18271.0,15802.0,2213.0,256.0,245.0,245.0,0.0,871.0,293.0,578.0,0.0,0.0,0.0
237,A025775   ,2019JJ00,,,,,,,,,,,101484.0,1163.0,41357.0,36407.0,107597.0,39415.0,13560.0,15872.0,38751.0,18609.0,0.0,0.0,18609.0,14238.0,4132.0,240.0,210.0,210.0,0.0,935.0,346.0,589.0,0.0,0.0,0.0
238,A025775   ,2020JJ00,,,,,,,,,,,100903.0,2587.0,44355.0,39520.0,108325.0,42461.0,14308.0,16045.0,35511.0,20218.0,0.0,0.0,20218.0,15330.0,4665.0,223.0,230.0,230.0,0.0,974.0,334.0,640.0,0.0,0.0,0.0
239,A025775   ,2021JJ00,,,,,,,,,,,97905.0,5628.0,41447.0,38182.0,106799.0,43242.0,13918.0,14748.0,34891.0,19188.0,0.0,0.0,19188.0,14448.0,4460.0,279.0,220.0,220.0,0.0,949.0,341.0,607.0,0.0,0.0,0.0
240,A025775   ,2022JJ00,,,,,,,,,,,99120.0,11423.0,42634.0,44332.0,108845.0,46791.0,13739.0,14133.0,34182.0,20265.0,0.0,0.0,20265.0,15235.0,4814.0,217.0,235.0,235.0,0.0,987.0,346.0,641.0,0.0,0.0,0.0
241,A025775   ,2023JJ00,,,,,,,,,,,104144.0,11344.0,39194.0,39458.0,115224.0,47325.0,17364.0,10065.0,40470.0,14312.0,0.0,0.0,14312.0,14077.0,47.0,188.0,220.0,220.0,0.0,850.0,397.0,453.0,0.0,0.0,0.0
242,A049100   ,2013JJ00,0.0,0.0,0.0,0.0,0.0,0.0,0.0,0.0,0.0,0.0,5121.0,0.0,39610.0,33707.0,11024.0,0.0,0.0,11024.0,0.0,19115.0,0.0,0.0,19115.0,15343.0,3771.0,0.0,289.0,289.0,0.0,456.0,-149.0,605.0,0.0,0.0,0.0
243,A049100   ,2014JJ00,0.0,0.0,0.0,0.0,0.0,0.0,0.0,0.0,0.0,0.0,5063.0,0.0,37635.0,32278.0,10420.0,0.0,0.0,10357.0,63.0,17948.0,0.0,0.0,17948.0,14264.0,3683.0,1.0,282.0,279.0,0.0,426.0,-142.0,568.0,0.0,0.0,0.0
244,A049100   ,2015JJ00,0.0,0.0,0.0,0.0,0.0,0.0,0.0,0.0,0.0,0.0,5153.0,0.0,37625.0,31443.0,11335.0,0.0,0.0,11269.0,67.0,17794.0,0.0,0.0,17794.0,14098.0,3695.0,0.0,282.0,270.0,0.0,426.0,-137.0,563.0,0.0,0.0,0.0
245,A049100   ,2016JJ00,0.0,0.0,0.0,0.0,0.0,0.0,0.0,0.0,0.0,0.0,4730.0,0.0,39284.0,32526.0,11488.0,0.0,0.0,11488.0,0.0,18387.0,0.0,0.0,18387.0,14566.0,3821.0,0.0,228.0,225.0,0.0,437.0,-145.0,582.0,0.0,0.0,0.0
246,A049100   ,2017JJ00,0.0,0.0,0.0,0.0,0.0,0.0,0.0,0.0,0.0,0.0,4635.0,0.0,43857.0,37660.0,10833.0,0.0,0.0,10833.0,0.0,18799.0,0.0,0.0,18799.0,15630.0,3118.0,52.0,240.0,240.0,0.0,423.0,-172.0,595.0,0.0,0.0,0.0
247,A049100   ,2018JJ00,0.0,0.0,0.0,0.0,0.0,0.0,0.0,0.0,0.0,0.0,6763.0,0.0,42347.0,38593.0,10517.0,0.0,0.0,10517.0,0.0,18015.0,0.0,0.0,18015.0,15802.0,2213.0,0.0,245.0,245.0,0.0,404.0,-166.0,570.0,0.0,0.0,0.0
248,A049100   ,2019JJ00,0.0,0.0,0.0,0.0,0.0,0.0,0.0,0.0,0.0,0.0,7961.0,0.0,41357.0,36271.0,13047.0,0.0,0.0,13047.0,0.0,18369.0,0.0,0.0,18369.0,14238.0,4132.0,0.0,210.0,210.0,0.0,434.0,-148.0,581.0,0.0,0.0,0.0
249,A049100   ,2020JJ00,0.0,0.0,0.0,0.0,0.0,0.0,0.0,0.0,0.0,0.0,7646.0,0.0,44355.0,38533.0,13467.0,0.0,0.0,13467.0,0.0,19991.0,0.0,0.0,19991.0,15330.0,4661.0,0.0,230.0,230.0,0.0,471.0,-161.0,633.0,0.0,0.0,0.0
250,A049100   ,2021JJ00,0.0,0.0,0.0,0.0,0.0,0.0,0.0,0.0,0.0,0.0,6999.0,0.0,41447.0,35907.0,12539.0,0.0,0.0,12539.0,0.0,18953.0,0.0,0.0,18953.0,14448.0,4458.0,46.0,220.0,220.0,0.0,449.0,-151.0,600.0,0.0,0.0,0.0
251,A049100   ,2022JJ00,0.0,0.0,0.0,0.0,0.0,0.0,0.0,0.0,0.0,0.0,6823.0,0.0,42634.0,37361.0,12096.0,0.0,0.0,12096.0,0.0,20048.0,0.0,0.0,20048.0,15235.0,4814.0,0.0,235.0,235.0,0.0,475.0,-159.0,635.0,0.0,0.0,0.0
252,A049100   ,2023JJ00,0.0,0.0,0.0,0.0,0.0,0.0,0.0,0.0,0.0,0.0,2869.0,0.0,39194.0,33971.0,8093.0,0.0,0.0,8044.0,48.0,14126.0,0.0,0.0,14126.0,14077.0,47.0,2.0,220.0,220.0,0.0,285.0,-162.0,447.0,0.0,0.0,0.0
253,A049101   ,2013JJ00,0.0,0.0,0.0,0.0,0.0,0.0,0.0,0.0,0.0,0.0,2676.0,0.0,0.0,0.0,2676.0,1393.0,413.0,0.0,870.0,8.0,0.0,0.0,8.0,0.0,0.0,8.0,0.0,0.0,0.0,14.0,14.0,0.0,0.0,0.0,0.0
254,A049101   ,2014JJ00,0.0,0.0,0.0,0.0,0.0,0.0,0.0,0.0,0.0,0.0,2500.0,0.0,0.0,0.0,2500.0,1325.0,403.0,1.0,772.0,3.0,0.0,0.0,3.0,0.0,0.0,3.0,0.0,0.0,0.0,13.0,13.0,0.0,0.0,0.0,0.0
255,A049101   ,2015JJ00,0.0,0.0,0.0,0.0,0.0,0.0,0.0,0.0,0.0,0.0,2387.0,0.0,0.0,0.0,2387.0,1182.0,378.0,1.0,825.0,3.0,0.0,0.0,3.0,0.0,0.0,3.0,0.0,0.0,0.0,12.0,12.0,0.0,0.0,0.0,0.0
256,A049101   ,2016JJ00,0.0,0.0,0.0,0.0,0.0,0.0,0.0,0.0,0.0,0.0,1769.0,0.0,0.0,0.0,1769.0,962.0,261.0,0.0,545.0,1.0,0.0,0.0,1.0,0.0,0.0,1.0,0.0,0.0,0.0,9.0,9.0,0.0,0.0,0.0,0.0
257,A049101   ,2017JJ00,0.0,0.0,0.0,0.0,0.0,0.0,0.0,0.0,0.0,0.0,1580.0,0.0,0.0,0.0,1580.0,828.0,255.0,0.0,497.0,1.0,0.0,0.0,1.0,0.0,0.0,1.0,0.0,0.0,0.0,8.0,8.0,0.0,0.0,0.0,0.0
258,A049101   ,2018JJ00,0.0,0.0,0.0,0.0,0.0,0.0,0.0,0.0,0.0,0.0,1509.0,0.0,0.0,0.0,1509.0,832.0,217.0,0.0,461.0,1.0,0.0,0.0,1.0,0.0,0.0,1.0,0.0,0.0,0.0,8.0,8.0,0.0,0.0,0.0,0.0
259,A049101   ,2019JJ00,0.0,0.0,0.0,0.0,0.0,0.0,0.0,0.0,0.0,0.0,1526.0,0.0,0.0,0.0,1526.0,828.0,229.0,0.0,469.0,1.0,0.0,0.0,1.0,0.0,0.0,1.0,0.0,0.0,0.0,8.0,8.0,0.0,0.0,0.0,0.0
260,A049101   ,2020JJ00,0.0,0.0,0.0,0.0,0.0,0.0,0.0,0.0,0.0,0.0,1533.0,0.0,0.0,0.0,1533.0,843.0,233.0,0.0,457.0,1.0,0.0,0.0,1.0,0.0,0.0,1.0,0.0,0.0,0.0,8.0,8.0,0.0,0.0,0.0,0.0
261,A049101   ,2021JJ00,0.0,0.0,0.0,0.0,0.0,0.0,0.0,0.0,0.0,0.0,1492.0,99.0,0.0,4.0,1587.0,876.0,238.0,0.0,474.0,1.0,0.0,0.0,1.0,0.0,0.0,1.0,0.0,0.0,0.0,8.0,8.0,0.0,0.0,0.0,0.0
262,A049101   ,2022JJ00,0.0,0.0,0.0,0.0,0.0,0.0,0.0,0.0,0.0,0.0,1372.0,238.0,0.0,163.0,1448.0,819.0,226.0,0.0,403.0,0.0,0.0,0.0,0.0,0.0,0.0,0.0,0.0,0.0,0.0,8.0,8.0,0.0,0.0,0.0,0.0
263,A049101   ,2023JJ00,0.0,0.0,0.0,0.0,0.0,0.0,0.0,0.0,0.0,0.0,1445.0,221.0,0.0,149.0,1517.0,851.0,272.0,0.0,393.0,0.0,0.0,0.0,0.0,0.0,0.0,0.0,0.0,0.0,0.0,8.0,8.0,0.0,0.0,0.0,0.0
264,A049102   ,2013JJ00,0.0,0.0,0.0,0.0,0.0,0.0,0.0,0.0,0.0,0.0,10755.0,369.0,0.0,77.0,11048.0,5738.0,1631.0,0.0,3679.0,19.0,0.0,0.0,19.0,0.0,0.0,19.0,0.0,0.0,1.0,58.0,58.0,1.0,0.0,0.0,0.0
265,A049102   ,2014JJ00,0.0,0.0,0.0,0.0,0.0,0.0,0.0,0.0,0.0,0.0,10087.0,369.0,0.0,92.0,10364.0,5824.0,1455.0,1.0,3085.0,12.0,0.0,0.0,12.0,0.0,0.0,12.0,0.0,0.0,0.0,54.0,54.0,0.0,0.0,0.0,0.0
266,A049102   ,2015JJ00,0.0,0.0,0.0,0.0,0.0,0.0,0.0,0.0,0.0,0.0,10249.0,332.0,0.0,50.0,10532.0,5862.0,1735.0,1.0,2935.0,23.0,0.0,0.0,23.0,0.0,0.0,23.0,0.0,0.0,0.0,51.0,51.0,0.0,0.0,0.0,0.0
267,A049102   ,2016JJ00,0.0,0.0,0.0,0.0,0.0,0.0,0.0,0.0,0.0,0.0,9621.0,332.0,0.0,332.0,9621.0,5367.0,1541.0,1.0,2712.0,11.0,0.0,0.0,11.0,0.0,0.0,11.0,0.0,0.0,0.0,51.0,50.0,0.0,0.0,0.0,0.0
268,A049102   ,2017JJ00,0.0,0.0,0.0,0.0,0.0,0.0,0.0,0.0,0.0,0.0,9845.0,332.0,0.0,332.0,9845.0,5348.0,1576.0,0.0,2921.0,14.0,0.0,0.0,14.0,0.0,0.0,14.0,0.0,0.0,0.0,52.0,51.0,0.0,0.0,0.0,0.0
269,A049102   ,2018JJ00,0.0,0.0,0.0,0.0,0.0,0.0,0.0,0.0,0.0,0.0,10389.0,332.0,0.0,332.0,10389.0,5495.0,1478.0,0.0,3416.0,16.0,0.0,0.0,16.0,0.0,0.0,16.0,0.0,0.0,24.0,56.0,54.0,1.0,0.0,0.0,1.0
270,A049102   ,2019JJ00,0.0,0.0,0.0,0.0,0.0,0.0,0.0,0.0,0.0,0.0,9822.0,388.0,0.0,348.0,9861.0,5309.0,1491.0,0.0,3062.0,14.0,0.0,0.0,14.0,0.0,0.0,14.0,0.0,0.0,10.0,52.0,51.0,0.0,0.0,0.0,0.0
271,A049102   ,2020JJ00,0.0,0.0,0.0,0.0,0.0,0.0,0.0,0.0,0.0,0.0,9033.0,2436.0,0.0,2373.0,9096.0,5067.0,1472.0,0.0,2557.0,9.0,0.0,0.0,9.0,0.0,0.0,9.0,0.0,0.0,0.0,43.0,43.0,0.0,0.0,0.0,0.0
272,A049102   ,2021JJ00,0.0,0.0,0.0,0.0,0.0,0.0,0.0,0.0,0.0,0.0,7613.0,539.0,0.0,342.0,7810.0,4334.0,1251.0,0.0,2225.0,12.0,0.0,0.0,12.0,0.0,0.0,12.0,0.0,0.0,0.0,41.0,41.0,0.0,0.0,0.0,0.0
273,A049102   ,2022JJ00,0.0,0.0,0.0,0.0,0.0,0.0,0.0,0.0,0.0,0.0,8401.0,1722.0,0.0,1280.0,8844.0,4682.0,1357.0,0.0,2804.0,13.0,0.0,0.0,13.0,0.0,0.0,13.0,0.0,0.0,0.0,47.0,46.0,0.0,0.0,0.0,0.0
274,A049102   ,2023JJ00,0.0,0.0,0.0,0.0,0.0,0.0,0.0,0.0,0.0,0.0,8768.0,1987.0,0.0,1503.0,9252.0,4561.0,1699.0,0.0,2992.0,11.0,0.0,0.0,11.0,0.0,0.0,11.0,0.0,0.0,0.0,49.0,48.0,0.0,0.0,0.0,0.0
275,A049103   ,2013JJ00,0.0,0.0,0.0,0.0,0.0,0.0,0.0,0.0,0.0,0.0,38469.0,346.0,0.0,85.0,38729.0,19678.0,6036.0,216.0,12799.0,162.0,0.0,0.0,162.0,0.0,0.0,162.0,0.0,0.0,0.0,207.0,202.0,4.0,0.0,0.0,0.0
276,A049103   ,2014JJ00,0.0,0.0,0.0,0.0,0.0,0.0,0.0,0.0,0.0,0.0,36258.0,317.0,0.0,88.0,36487.0,19709.0,5481.0,140.0,11156.0,99.0,0.0,0.0,99.0,0.0,0.0,99.0,0.0,0.0,0.0,194.0,190.0,3.0,0.0,0.0,0.0
277,A049103   ,2015JJ00,0.0,0.0,0.0,0.0,0.0,0.0,0.0,0.0,0.0,0.0,39657.0,285.0,0.0,84.0,39857.0,19869.0,7150.0,106.0,12732.0,108.0,0.0,0.0,108.0,0.0,0.0,108.0,0.0,0.0,0.0,224.0,220.0,4.0,0.0,0.0,0.0
278,A049103   ,2016JJ00,0.0,0.0,0.0,0.0,0.0,0.0,0.0,0.0,0.0,0.0,40248.0,262.0,0.0,91.0,40419.0,21291.0,6430.0,283.0,12415.0,130.0,0.0,0.0,130.0,0.0,0.0,130.0,0.0,0.0,0.0,204.0,201.0,4.0,0.0,0.0,0.0
279,A049103   ,2017JJ00,0.0,0.0,0.0,0.0,0.0,0.0,0.0,0.0,0.0,0.0,41330.0,229.0,0.0,81.0,41478.0,21269.0,6885.0,186.0,13137.0,126.0,0.0,0.0,126.0,0.0,0.0,126.0,0.0,0.0,0.0,209.0,205.0,3.0,0.0,0.0,0.0
280,A049103   ,2018JJ00,0.0,0.0,0.0,0.0,0.0,0.0,0.0,0.0,0.0,0.0,36680.0,660.0,0.0,405.0,36936.0,19713.0,5623.0,120.0,11479.0,102.0,0.0,0.0,102.0,0.0,0.0,102.0,0.0,0.0,0.0,196.0,193.0,3.0,0.0,0.0,0.0
281,A049103   ,2019JJ00,0.0,0.0,0.0,0.0,0.0,0.0,0.0,0.0,0.0,0.0,34970.0,1026.0,0.0,554.0,35442.0,19344.0,5939.0,99.0,10060.0,97.0,0.0,0.0,97.0,0.0,0.0,97.0,0.0,0.0,0.0,188.0,185.0,3.0,0.0,0.0,0.0
282,A049103   ,2020JJ00,0.0,0.0,0.0,0.0,0.0,0.0,0.0,0.0,0.0,0.0,34887.0,4446.0,0.0,3062.0,36270.0,19404.0,6009.0,0.0,10856.0,97.0,0.0,0.0,97.0,0.0,0.0,97.0,0.0,0.0,0.0,193.0,189.0,3.0,0.0,0.0,0.0
283,A049103   ,2021JJ00,0.0,0.0,0.0,0.0,0.0,0.0,0.0,0.0,0.0,0.0,34731.0,7937.0,0.0,5223.0,37445.0,19978.0,6360.0,0.0,11107.0,104.0,0.0,0.0,104.0,0.0,0.0,104.0,0.0,0.0,0.0,199.0,195.0,3.0,0.0,0.0,0.0
284,A049103   ,2022JJ00,0.0,0.0,0.0,0.0,0.0,0.0,0.0,0.0,0.0,0.0,30965.0,10662.0,0.0,7014.0,34613.0,18941.0,5512.0,0.0,10161.0,83.0,0.0,0.0,83.0,0.0,0.0,83.0,0.0,0.0,0.0,183.0,181.0,3.0,0.0,0.0,0.0
285,A049103   ,2023JJ00,0.0,0.0,0.0,0.0,0.0,0.0,0.0,0.0,0.0,0.0,33976.0,10169.0,0.0,6505.0,37640.0,19216.0,7270.0,0.0,11154.0,78.0,0.0,0.0,78.0,0.0,0.0,78.0,0.0,0.0,0.0,199.0,196.0,2.0,0.0,0.0,0.0
286,A049104   ,2013JJ00,0.0,3145.0,16.0,267.0,0.0,2862.0,298.0,1791.0,342.0,431.0,90557.0,46.0,3450.0,0.0,94054.0,44634.0,15512.0,1914.0,31994.0,759.0,175.0,175.0,759.0,65.0,0.0,694.0,22.0,15.0,0.0,558.0,473.0,18.0,67.0,0.0,1.0
287,A049104   ,2014JJ00,0.0,3773.0,33.0,267.0,1.0,3472.0,157.0,2574.0,315.0,426.0,87643.0,1109.0,5299.0,1306.0,92745.0,44645.0,14846.0,1745.0,31509.0,679.0,75.0,75.0,679.0,144.0,0.0,534.0,32.0,18.0,31.0,558.0,456.0,19.0,81.0,0.0,2.0
288,A049104   ,2015JJ00,0.0,3748.0,5.0,548.0,0.0,3196.0,34.0,2320.0,422.0,419.0,88840.0,1390.0,5138.0,1470.0,93898.0,43161.0,16448.0,1812.0,32477.0,648.0,20.0,20.0,648.0,171.0,0.0,476.0,28.0,13.0,18.0,542.0,447.0,20.0,74.0,0.0,1.0
289,A049104   ,2016JJ00,0.0,3238.0,0.0,351.0,172.0,2715.0,149.0,1853.0,336.0,377.0,87415.0,176.0,3780.0,339.0,91032.0,44192.0,15126.0,1818.0,29896.0,462.0,85.0,85.0,462.0,9.0,0.0,453.0,22.0,13.0,24.0,543.0,466.0,12.0,63.0,0.0,1.0
290,A049104   ,2017JJ00,0.0,2304.0,0.0,311.0,2.0,1991.0,213.0,925.0,487.0,365.0,90025.0,219.0,1629.0,3.0,91869.0,43560.0,16226.0,1272.0,30812.0,466.0,154.0,154.0,466.0,1.0,0.0,466.0,12.0,8.0,0.0,543.0,482.0,14.0,46.0,0.0,1.0
291,A049104   ,2018JJ00,0.0,2227.0,0.0,222.0,0.0,2005.0,241.0,946.0,384.0,434.0,89291.0,966.0,1626.0,99.0,91784.0,45987.0,14617.0,1315.0,29865.0,544.0,168.0,168.0,544.0,19.0,0.0,525.0,12.0,9.0,0.0,530.0,471.0,12.0,47.0,0.0,1.0
292,A049104   ,2019JJ00,0.0,1926.0,0.0,259.0,0.0,1666.0,198.0,656.0,263.0,548.0,91289.0,2245.0,1257.0,994.0,93797.0,45976.0,15709.0,1231.0,30881.0,564.0,145.0,145.0,564.0,0.0,0.0,564.0,9.0,4.0,0.0,536.0,483.0,13.0,39.0,0.0,1.0
293,A049104   ,2020JJ00,0.0,2367.0,0.0,327.0,0.0,2041.0,222.0,875.0,441.0,504.0,89001.0,7226.0,1683.0,4102.0,93808.0,46908.0,16418.0,1308.0,29173.0,487.0,157.0,157.0,487.0,0.0,0.0,487.0,11.0,4.0,18.0,540.0,481.0,10.0,48.0,0.0,1.0
294,A049104   ,2021JJ00,0.0,2096.0,0.0,395.0,0.0,1701.0,241.0,1099.0,300.0,61.0,87558.0,13895.0,1894.0,7777.0,95570.0,46678.0,16338.0,1060.0,31494.0,423.0,171.0,171.0,423.0,0.0,0.0,423.0,13.0,4.0,0.0,537.0,489.0,8.0,40.0,0.0,1.0
295,A049104   ,2022JJ00,0.0,1246.0,0.0,304.0,0.0,942.0,0.0,815.0,128.0,0.0,85460.0,18764.0,1534.0,11550.0,94208.0,46639.0,15878.0,1023.0,30668.0,301.0,0.0,0.0,301.0,13.0,0.0,288.0,9.0,3.0,0.0,516.0,484.0,10.0,22.0,0.0,0.0
296,A049104   ,2023JJ00,0.0,1217.0,0.0,252.0,0.0,965.0,0.0,771.0,194.0,0.0,90512.0,18601.0,1338.0,11166.0,99285.0,45581.0,20252.0,992.0,32461.0,228.0,0.0,0.0,228.0,0.0,0.0,228.0,8.0,2.0,0.0,541.0,511.0,7.0,22.0,0.0,0.0
297,A049105   ,2013JJ00,0.0,11691.0,811.0,846.0,65.0,9968.0,0.0,9178.0,443.0,347.0,120690.0,374.0,18266.0,519.0,138812.0,67234.0,18225.0,5012.0,48340.0,1078.0,0.0,0.0,1078.0,456.0,0.0,622.0,112.0,80.0,23.0,896.0,629.0,33.0,232.0,0.0,1.0
298,A049105   ,2014JJ00,0.0,9707.0,864.0,848.0,104.0,7891.0,0.0,7401.0,413.0,77.0,118169.0,374.0,14822.0,384.0,132980.0,63590.0,16906.0,5119.0,47365.0,978.0,0.0,0.0,978.0,464.0,0.0,514.0,96.0,70.0,2.0,832.0,617.0,31.0,184.0,0.0,0.0
299,A049105   ,2015JJ00,0.0,9197.0,569.0,727.0,4.0,7897.0,0.0,7403.0,247.0,247.0,116153.0,558.0,14773.0,544.0,130939.0,61527.0,18454.0,4959.0,45999.0,1017.0,0.0,0.0,1017.0,366.0,6.0,645.0,97.0,62.0,0.0,841.0,624.0,33.0,184.0,0.0,0.0
300,A049105   ,2016JJ00,0.0,9594.0,603.0,790.0,5.0,8196.0,0.0,7908.0,253.0,35.0,123305.0,634.0,15149.0,3532.0,135556.0,61846.0,19498.0,5389.0,48823.0,521.0,0.0,0.0,521.0,45.0,0.0,476.0,100.0,61.0,0.0,850.0,642.0,17.0,191.0,0.0,0.0
301,A049105   ,2017JJ00,0.0,11863.0,909.0,1454.0,0.0,9500.0,0.0,9161.0,224.0,115.0,125221.0,800.0,17456.0,3784.0,139694.0,65172.0,21619.0,4231.0,48672.0,493.0,0.0,0.0,493.0,14.0,0.0,479.0,116.0,70.0,0.0,893.0,651.0,16.0,221.0,4.0,0.0
302,A049105   ,2018JJ00,0.0,11314.0,619.0,989.0,1.0,9705.0,0.0,9072.0,615.0,18.0,126056.0,843.0,17702.0,3768.0,140833.0,68434.0,19198.0,3871.0,49330.0,596.0,0.0,0.0,596.0,9.0,0.0,588.0,116.0,73.0,2.0,894.0,643.0,19.0,226.0,6.0,0.0
303,A049105   ,2019JJ00,0.0,12818.0,742.0,930.0,0.0,11146.0,0.0,10698.0,385.0,63.0,124348.0,2674.0,19666.0,4087.0,142601.0,68788.0,21076.0,4805.0,47932.0,503.0,0.0,94.0,409.0,10.0,0.0,400.0,135.0,74.0,2.0,917.0,642.0,13.0,260.0,2.0,0.0
304,A049105   ,2020JJ00,0.0,12759.0,753.0,778.0,2.0,11226.0,27.0,10760.0,439.0,0.0,119640.0,4621.0,21252.0,6357.0,139156.0,67642.0,20939.0,4474.0,46101.0,506.0,0.0,104.0,402.0,10.0,0.0,392.0,123.0,75.0,2.0,892.0,615.0,13.0,262.0,2.0,0.0
305,A049105   ,2021JJ00,0.0,14845.0,762.0,764.0,2.0,13316.0,2208.0,10087.0,414.0,607.0,120452.0,14583.0,19867.0,11089.0,143812.0,67634.0,21884.0,4499.0,49795.0,669.0,1226.0,132.0,1763.0,10.0,0.0,1754.0,115.0,70.0,2.0,977.0,647.0,17.0,310.0,3.0,0.0
306,A049105   ,2022JJ00,0.0,13466.0,683.0,706.0,0.0,12078.0,2037.0,9084.0,717.0,240.0,116078.0,22349.0,18244.0,15239.0,141432.0,65894.0,19763.0,4568.0,51207.0,463.0,1417.0,1546.0,333.0,5.0,0.0,328.0,111.0,64.0,2.0,890.0,643.0,-34.0,281.0,0.0,0.0
307,A049105   ,2023JJ00,0.0,13288.0,598.0,656.0,0.0,12034.0,2091.0,9353.0,443.0,146.0,123754.0,20804.0,18726.0,14153.0,149131.0,64707.0,25193.0,4739.0,54492.0,431.0,1486.0,1614.0,302.0,5.0,0.0,297.0,111.0,65.0,6.0,924.0,681.0,-37.0,280.0,0.0,0.0
308,A049106   ,2013JJ00,0.0,44667.0,76.0,3387.0,16.0,41188.0,1524.0,36028.0,984.0,2652.0,190486.0,5.0,70285.0,5781.0,254994.0,118954.0,27862.0,15575.0,92603.0,1026.0,924.0,939.0,1011.0,468.0,43.0,499.0,432.0,298.0,32.0,1931.0,964.0,3.0,960.0,3.0,1.0
309,A049106   ,2014JJ00,0.0,43550.0,45.0,3553.0,98.0,39854.0,1132.0,37400.0,824.0,498.0,185133.0,59.0,72985.0,4536.0,253641.0,117714.0,26462.0,16170.0,93295.0,491.0,927.0,938.0,480.0,107.0,27.0,346.0,440.0,319.0,28.0,1868.0,943.0,-14.0,929.0,9.0,1.0
310,A049106   ,2015JJ00,0.0,44237.0,0.0,3547.0,73.0,40617.0,914.0,37761.0,1470.0,472.0,193727.0,64.0,78921.0,7152.0,265560.0,121265.0,34118.0,17165.0,93013.0,682.0,713.0,725.0,670.0,166.0,25.0,479.0,434.0,307.0,37.0,1928.0,966.0,-1.0,946.0,9.0,9.0
311,A049106   ,2016JJ00,0.0,48270.0,61.0,3566.0,52.0,44591.0,1185.0,40139.0,2299.0,968.0,192549.0,56.0,81360.0,7380.0,266585.0,122261.0,32106.0,19579.0,92640.0,627.0,876.0,888.0,615.0,122.0,30.0,463.0,485.0,324.0,35.0,1977.0,927.0,-8.0,1039.0,9.0,10.0
312,A049106   ,2017JJ00,0.0,50049.0,65.0,3588.0,126.0,46271.0,1489.0,40883.0,3777.0,122.0,194716.0,95.0,83841.0,6425.0,272227.0,116978.0,34436.0,16304.0,104508.0,583.0,975.0,987.0,571.0,88.0,19.0,464.0,474.0,326.0,0.0,2064.0,947.0,18.0,1078.0,13.0,7.0
313,A049106   ,2018JJ00,0.0,51426.0,74.0,3846.0,218.0,47288.0,2728.0,40189.0,4074.0,297.0,187571.0,2231.0,84555.0,9150.0,265208.0,110593.0,30991.0,15299.0,108324.0,944.0,2032.0,2044.0,933.0,19.0,23.0,891.0,479.0,325.0,15.0,2002.0,916.0,-35.0,1102.0,13.0,7.0
314,A049106   ,2019JJ00,0.0,51868.0,68.0,4890.0,69.0,46841.0,3386.0,39388.0,4006.0,60.0,181043.0,11525.0,87335.0,11798.0,268105.0,121963.0,34191.0,17073.0,94878.0,1079.0,2174.0,2185.0,1067.0,31.0,29.0,1008.0,466.0,292.0,48.0,2020.0,944.0,-35.0,1091.0,11.0,9.0
315,A049106   ,2020JJ00,0.0,53387.0,41.0,3911.0,122.0,49313.0,2970.0,43376.0,2283.0,683.0,185274.0,15817.0,94654.0,17624.0,278121.0,133008.0,36603.0,15905.0,92604.0,989.0,2051.0,2061.0,978.0,9.0,10.0,959.0,495.0,337.0,8.0,2089.0,958.0,-34.0,1149.0,10.0,7.0
316,A049106   ,2021JJ00,0.0,59781.0,55.0,4445.0,76.0,55204.0,3223.0,48324.0,3506.0,152.0,171622.0,23950.0,100161.0,20495.0,275238.0,131883.0,35999.0,16622.0,90734.0,1021.0,2138.0,2138.0,1021.0,12.0,9.0,1001.0,528.0,322.0,2.0,2185.0,914.0,-35.0,1286.0,10.0,10.0
317,A049106   ,2022JJ00,0.0,59889.0,1316.0,4241.0,67.0,54265.0,3351.0,47264.0,2818.0,831.0,159737.0,31756.0,100888.0,27242.0,265139.0,125850.0,32114.0,15865.0,91310.0,892.0,2291.0,2302.0,882.0,3.0,7.0,872.0,541.0,363.0,29.0,2088.0,857.0,-45.0,1264.0,9.0,1.0
318,A049106   ,2023JJ00,0.0,57929.0,2447.0,3074.0,62.0,52346.0,2865.0,46168.0,2414.0,899.0,173002.0,35440.0,100098.0,29579.0,278960.0,125595.0,40172.0,16515.0,96679.0,494.0,1970.0,1977.0,487.0,72.0,6.0,409.0,515.0,328.0,0.0,2127.0,934.0,-47.0,1220.0,13.0,7.0
319,A049107   ,2013JJ00,0.0,50363.0,10444.0,1376.0,1.0,38542.0,0.0,37868.0,445.0,228.0,150846.0,191.0,77790.0,1127.0,227700.0,83663.0,31242.0,11411.0,101384.0,809.0,0.0,0.0,809.0,217.0,0.0,592.0,456.0,337.0,26.0,1765.0,783.0,26.0,898.0,58.0,1.0
320,A049107   ,2014JJ00,0.0,50981.0,10729.0,1900.0,1.0,38351.0,0.0,37075.0,1061.0,215.0,143994.0,190.0,80209.0,1439.0,222954.0,86926.0,25377.0,10902.0,99749.0,369.0,0.0,0.0,369.0,102.0,0.0,267.0,442.0,330.0,11.0,1704.0,745.0,12.0,894.0,53.0,0.0
321,A049107   ,2015JJ00,0.0,49715.0,9686.0,2584.0,5.0,37440.0,0.0,35672.0,1195.0,574.0,147793.0,191.0,80449.0,2223.0,226210.0,89496.0,25907.0,11257.0,99550.0,598.0,0.0,0.0,598.0,208.0,0.0,391.0,422.0,286.0,13.0,1688.0,761.0,19.0,872.0,35.0,1.0
322,A049107   ,2016JJ00,0.0,54120.0,9325.0,5385.0,349.0,39060.0,0.0,36384.0,2470.0,207.0,153870.0,190.0,81562.0,3513.0,232110.0,95692.0,28721.0,12470.0,95227.0,576.0,0.0,0.0,576.0,107.0,7.0,462.0,444.0,330.0,5.0,1750.0,786.0,18.0,910.0,35.0,0.0
323,A049107   ,2017JJ00,0.0,52619.0,7797.0,7364.0,550.0,36907.0,0.0,34271.0,2331.0,305.0,162729.0,189.0,73971.0,2925.0,233964.0,96868.0,28971.0,13349.0,94775.0,401.0,0.0,0.0,401.0,86.0,0.0,315.0,395.0,269.0,4.0,1773.0,835.0,13.0,860.0,65.0,0.0
324,A049107   ,2018JJ00,0.0,51086.0,10428.0,6222.0,19.0,34417.0,0.0,31407.0,2656.0,354.0,162252.0,751.0,72448.0,3538.0,231913.0,96488.0,29027.0,12040.0,94358.0,348.0,138.0,138.0,348.0,32.0,0.0,316.0,387.0,685.0,126.0,2165.0,832.0,7.0,802.0,518.0,5.0
325,A049107   ,2019JJ00,0.0,58152.0,13590.0,5981.0,7.0,38574.0,2288.0,33269.0,2426.0,591.0,164048.0,4288.0,72874.0,4326.0,236883.0,97360.0,30134.0,13096.0,96293.0,619.0,1445.0,1445.0,619.0,37.0,0.0,583.0,458.0,721.0,3.0,2234.0,856.0,-26.0,899.0,505.0,0.0
326,A049107   ,2020JJ00,0.0,61325.0,16316.0,4773.0,7.0,40230.0,7563.0,29184.0,2379.0,1104.0,172942.0,5781.0,62002.0,5075.0,235650.0,97877.0,29448.0,11978.0,96347.0,1219.0,4537.0,4537.0,1219.0,203.0,4.0,1013.0,356.0,311.0,39.0,1777.0,906.0,-105.0,937.0,49.0,-10.0
327,A049107   ,2021JJ00,0.0,60605.0,9247.0,4808.0,3.0,46547.0,18353.0,24568.0,3248.0,378.0,178161.0,8494.0,55033.0,6033.0,235654.0,100498.0,27315.0,10404.0,97437.0,1780.0,11728.0,11733.0,1775.0,644.0,2.0,1129.0,349.0,277.0,58.0,1772.0,943.0,-315.0,1085.0,54.0,5.0
328,A049107   ,2022JJ00,0.0,57602.0,9120.0,1716.0,11.0,46754.0,24218.0,19378.0,3159.0,0.0,186289.0,12476.0,40808.0,7901.0,231672.0,99968.0,25594.0,10732.0,95377.0,1283.0,15552.0,15544.0,1291.0,157.0,0.0,1134.0,236.0,234.0,4.0,1707.0,996.0,-451.0,1089.0,71.0,1.0
329,A049107   ,2023JJ00,0.0,58261.0,5613.0,2311.0,6.0,50331.0,28995.0,16547.0,4243.0,546.0,209565.0,24612.0,35296.0,17523.0,251949.0,101563.0,31069.0,10778.0,108539.0,705.0,18496.0,18496.0,705.0,69.0,0.0,635.0,195.0,201.0,2.0,1819.0,1131.0,-563.0,1173.0,77.0,1.0
