ID,CharacteristicsOfHouseholds,Periods,GrossOperatingSurplus_1,GrossMixedIncome_2,CompensationOfEmployees_3,GrossDisposableIncome_4,SocialTransfersInKind_5,GrossAdjustedDisposableIncome_6,FinalConsumptionExpenditure_7,ActualIndividualConsumption_8,NetWorth_9,Total_10,PensionEntitlementsAndClaims_11,OtherAssets_12,Total_13,HomeMortgagesClosingBalance_14,OtherLiabilities_15,Total_16,DwellingsAndLandUnderlyingDwellings_17,OtherNonFinancialAssets_18,GrossOperatingSurplus_19,GrossMixedIncome_20,CompensationOfEmployees_21,GrossDisposableIncome_22,SocialTransfersInKind_23,GrossAdjustedDisposableIncome_24,FinalConsumptionExpenditure_25,ActualIndividualConsumption_26,NetWorth_27,Total_28,PensionEntitlementsAndClaims_29,OtherAssets_30,Total_31,HomeMortgagesClosingBalance_32,OtherLiabilities_33,Total_34,DwellingsAndLandUnderlyingDwellings_35,OtherNonFinancialAssets_36,GrossOperatingSurplus_37,GrossMixedIncome_38,CompensationOfEmployees_39,GrossDisposableIncome_40,SocialTransfersInKind_41,GrossAdjustedDisposableIncome_42,FinalConsumptionExpenditure_43,ActualIndividualConsumption_44,NetWorth_45,Total_46,PensionEntitlementsAndClaims_47,OtherAssets_48,Total_49,HomeMortgagesClosingBalance_50,OtherLiabilities_51,Total_52,DwellingsAndLandUnderlyingDwellings_53,OtherNonFinancialAssets_54,SavingsRatioAdjustedDisposableIncome_55
0,1000000,2005JJ00,8020,47599,262825,266564,81800,348364,257936.0,339736.0,2127709,1384460,593928,790532,646602,510871,135731,1389851,1244037,145814,1.1,6.5,35.9,36.4,11.2,47.5,35.2,46.4,290.3,188.9,81.0,107.9,88.2,69.7,18.5,189.6,169.7,19.9,0.8,4.7,25.7,26.1,8.0,34.1,25.2,33.3,208.3,135.5,58.1,77.4,63.3,50.0,13.3,136.0,121.8,14.3,8.0
1,1000000,2006JJ00,12026,49946,271982,277198,94362,371560,263736.0,358098.0,2213521,1412814,592821,819993,679655,548141,131514,1480362,1329923,150439,1.6,6.8,36.9,37.6,12.8,50.4,35.8,48.5,300.1,191.5,80.4,111.2,92.1,74.3,17.8,200.7,180.3,20.4,1.2,4.9,26.5,27.0,9.2,36.2,25.7,34.9,215.7,137.7,57.8,79.9,66.2,53.4,12.8,144.3,129.6,14.7,7.3
2,1000000,2007JJ00,16112,51182,286214,289013,98464,387477,274879.0,373343.0,2271467,1412059,580845,831214,720826,584967,135859,1580234,1418834,161400,2.2,6.9,38.6,38.9,13.3,52.2,37.0,50.3,306.0,190.2,78.2,112.0,97.1,78.8,18.3,212.9,191.1,21.7,1.6,5.0,27.8,28.0,9.6,37.6,26.7,36.2,220.4,137.0,56.4,80.7,69.9,56.8,13.2,153.3,137.7,15.7,7.4
3,1000000,2008JJ00,16762,52197,301457,298085,105107,403192,283262.0,388369.0,2445370,1548297,708941,839356,765679,615125,150554,1662752,1485738,177014,2.2,7.0,40.3,39.8,14.0,53.9,37.8,51.9,326.7,206.9,94.7,112.1,102.3,82.2,20.1,222.2,198.5,23.7,1.6,5.0,29.1,28.8,10.1,38.9,27.3,37.5,235.9,149.3,68.4,81.0,73.9,59.3,14.5,160.4,143.3,17.1,8.4
4,1000000,2009JJ00,5291,51856,306005,298268,112498,410766,274318.0,386816.0,2407254,1569884,730350,839534,796915,638045,158870,1634285,1454732,179553,0.7,6.9,40.5,39.5,14.9,54.4,36.3,51.2,318.5,207.7,96.6,111.1,105.5,84.4,21.0,216.3,192.5,23.8,0.5,5.0,29.3,28.5,10.8,39.3,26.2,37.0,230.3,150.2,69.9,80.3,76.3,61.0,15.2,156.4,139.2,17.2,10.8
5,1000000,2010JJ00,3061,51501,306038,299673,116170,415843,277194.0,393364.0,2472952,1679009,821121,857888,819243,655085,164158,1613186,1433183,180003,0.4,6.8,40.1,39.3,15.2,54.5,36.3,51.6,324.2,220.1,107.6,112.5,107.4,85.9,21.5,211.5,187.9,23.6,0.3,4.9,29.0,28.4,11.0,39.5,26.3,37.3,234.6,159.3,77.9,81.4,77.7,62.2,15.6,153.1,136.0,17.1,9.4
6,1000000,2011JJ00,4846,53185,313295,306673,117142,423815,283456.0,400598.0,2556143,1788939,954846,834093,819686,666453,153233,1586890,1404059,182831,0.6,6.9,40.7,39.8,15.2,55.1,36.8,52.0,332.1,232.4,124.0,108.4,106.5,86.6,19.9,206.2,182.4,23.8,0.5,5.0,29.5,28.9,11.0,39.9,26.7,37.8,240.9,168.6,90.0,78.6,77.3,62.8,14.4,149.6,132.3,17.2,9.8
7,1000000,2012JJ00,1179,52833,318029,308109,119914,428023,284265.0,404179.0,2568506,1888435,1044256,844179,824472,670063,154409,1504543,1315835,188708,0.2,6.8,41.0,39.7,15.5,55.2,36.6,52.1,331.1,243.4,134.6,108.8,106.3,86.4,19.9,193.9,169.6,24.3,0.1,4.9,29.8,28.9,11.2,40.1,26.6,37.9,240.6,176.9,97.8,79.1,77.2,62.8,14.5,140.9,123.3,17.7,10.5
8,1000000,2013JJ00,2740,53823,319999,311572,119077,430649,288086.0,407163.0,2473907,1860568,1016981,843587,813808,652473,161335,1427147,1237699,189448,0.4,6.9,41.0,39.9,15.2,55.1,36.9,52.1,316.7,238.2,130.2,108.0,104.2,83.5,20.7,182.7,158.4,24.3,0.3,5.0,29.8,29.0,11.1,40.1,26.8,37.9,230.6,173.4,94.8,78.6,75.8,60.8,15.0,133.0,115.4,17.7,10.7
9,1000000,2014JJ00,4732,55878,323285,318137,120589,438726,291027.0,411616.0,2739984,2106981,1237680,869301,819409,649931,169478,1452412,1259958,192454,0.6,7.1,41.1,40.4,15.3,55.7,37.0,52.3,347.9,267.6,157.2,110.4,104.1,82.5,21.5,184.4,160.0,24.4,0.4,5.2,29.9,29.5,11.2,40.6,27.0,38.1,253.8,195.2,114.7,80.5,75.9,60.2,15.7,134.5,116.7,17.8,11.1
10,1021010,2005JJ00,544,801,9703,20668,16985,37653,31823.0,48809.0,115468,68534,16902,51632,54249,37024,17224,101183,96742,4441,0.4,0.5,6.6,14.1,11.6,25.7,21.7,33.3,78.8,46.8,11.5,35.2,37.0,25.3,11.8,69.0,66.0,3.0,0.3,0.4,5.3,11.2,9.2,20.5,17.3,26.5,62.7,37.2,9.2,28.1,29.5,20.1,9.4,55.0,52.6,2.4,-28.7
11,1021010,2006JJ00,796,964,9408,21698,18500,40198,30087.0,48587.0,118267,73779,16400,57379,58945,38356,20588,103433,101375,2057,0.5,0.7,6.4,14.7,12.5,27.2,20.4,32.9,80.2,50.0,11.1,38.9,40.0,26.0,14.0,70.1,68.7,1.4,0.4,0.5,5.1,11.8,10.1,21.9,16.4,26.4,64.3,40.1,8.9,31.2,32.1,20.9,11.2,56.3,55.1,1.1,-20.8
12,1021010,2007JJ00,1139,699,10127,21890,19402,41292,32280.0,51682.0,118086,67123,16783,50340,63726,40361,23365,114689,114726,-36,0.8,0.5,6.8,14.7,13.1,27.8,21.7,34.8,79.5,45.2,11.3,33.9,42.9,27.2,15.7,77.3,77.3,0.0,0.6,0.4,5.5,11.9,10.6,22.5,17.6,28.2,64.4,36.6,9.1,27.4,34.7,22.0,12.7,62.5,62.5,0.0,-25.0
13,1021010,2008JJ00,1192,757,11312,21675,20306,41982,33232.0,53538.0,131729,77357,19797,57560,72210,43968,28241,126582,126949,-368,0.8,0.5,7.6,14.5,13.6,28.0,22.2,35.8,88.0,51.7,13.2,38.5,48.2,29.4,18.9,84.6,84.8,-0.2,0.6,0.4,6.1,11.8,11.0,22.8,18.0,29.0,71.4,41.9,10.7,31.2,39.1,23.8,15.3,68.6,68.8,-0.2,-27.0
14,1021010,2009JJ00,382,444,11647,23407,21499,44906,35011.0,56510.0,136601,74683,24006,50677,79619,48478,31141,141537,134436,7101,0.3,0.3,7.7,15.5,14.2,29.7,23.2,37.4,90.4,49.4,15.9,33.5,52.7,32.1,20.6,93.6,88.9,4.7,0.2,0.2,6.2,12.5,11.4,23.9,18.6,30.1,72.7,39.8,12.8,27.0,42.4,25.8,16.6,75.4,71.6,3.8,-25.2
15,1021010,2010JJ00,208,1327,10890,24309,22111,46420,34390.0,56500.0,135832,88281,25900,62381,75784,47044,28740,123335,122715,620,0.1,0.9,7.1,15.9,14.5,30.4,22.5,37.0,89.0,57.9,17.0,40.9,49.7,30.8,18.8,80.8,80.4,0.4,0.1,0.7,5.8,12.9,11.7,24.6,18.2,29.9,71.9,46.7,13.7,33.0,40.1,24.9,15.2,65.3,65.0,0.3,-21.5
16,1021010,2011JJ00,334,734,10864,23949,22022,45971,35140.0,57162.0,136263,94170,30306,63864,72586,46855,25731,114680,115963,-1283,0.2,0.5,7.1,15.6,14.3,29.9,22.8,37.1,88.5,61.2,19.7,41.5,47.1,30.4,16.7,74.5,75.3,-0.8,0.2,0.4,5.7,12.6,11.6,24.2,18.5,30.1,71.8,49.6,16.0,33.6,38.2,24.7,13.5,60.4,61.1,-0.7,-23.9
17,1021010,2012JJ00,86,1268,11097,24460,22518,46977,36010.0,58528.0,129832,93914,29743,64171,77606,47780,29826,113524,109094,4430,0.1,0.8,7.2,15.8,14.5,30.3,23.2,37.7,83.7,60.5,19.2,41.4,50.0,30.8,19.2,73.2,70.3,2.9,0.0,0.7,5.8,12.7,11.7,24.5,18.8,30.5,67.7,49.0,15.5,33.4,40.5,24.9,15.5,59.2,56.9,2.3,-23.8
18,1021010,2013JJ00,185,1105,10318,24208,21763,45971,36458.0,58221.0,127931,96797,28969,67828,72968,44932,28036,104103,100637,3466,0.1,0.7,6.6,15.5,13.9,29.4,23.3,37.3,81.9,62.0,18.5,43.4,46.7,28.8,17.9,66.6,64.4,2.2,0.1,0.6,5.3,12.6,11.3,23.8,18.9,30.2,66.3,50.2,15.0,35.2,37.8,23.3,14.5,54.0,52.2,1.8,-26.2
19,1021010,2014JJ00,256,1812,10086,25460,22167,47627,36806.0,58973.0,149187,112942,35253,77688,66968,41978,24989,103213,91522,11691,0.2,1.2,6.4,16.2,14.1,30.2,23.4,37.4,94.7,71.7,22.4,49.3,42.5,26.7,15.9,65.5,58.1,7.4,0.1,0.9,5.2,13.1,11.4,24.5,19.0,30.4,76.8,58.2,18.2,40.0,34.5,21.6,12.9,53.2,47.1,6.0,-23.1
20,1021020,2005JJ00,875,2702,24695,34576,17900,52476,35553.0,53453.0,189048,111808,54575,57233,67376,58560,8816,144616,136494,8122,0.6,1.8,16.8,23.6,12.2,35.8,24.3,36.5,129.0,76.3,37.2,39.0,46.0,39.9,6.0,98.7,93.1,5.5,0.4,1.4,12.5,17.6,9.1,26.7,18.1,27.1,96.0,56.8,27.7,29.1,34.2,29.7,4.5,73.5,69.3,4.1,-0.6
21,1021020,2006JJ00,1339,2669,25315,35415,20442,55857,36517.0,56959.0,202596,114917,57158,57759,63652,56657,6995,151331,146052,5279,0.9,1.8,17.2,24.0,13.9,37.9,24.8,38.6,137.4,77.9,38.8,39.2,43.2,38.4,4.7,102.6,99.0,3.6,0.7,1.4,12.8,17.9,10.4,28.3,18.5,28.9,102.6,58.2,29.0,29.3,32.3,28.7,3.5,76.7,74.0,2.7,-1.9
22,1021020,2007JJ00,1785,2466,27085,36868,21047,57915,37980.0,59027.0,201928,112911,56715,56196,67468,59870,7598,156485,152003,4481,1.2,1.7,18.2,24.8,14.2,39.0,25.6,39.8,136.0,76.1,38.2,37.9,45.4,40.3,5.1,105.4,102.4,3.0,0.9,1.2,13.7,18.7,10.7,29.3,19.2,29.9,102.2,57.2,28.7,28.5,34.2,30.3,3.8,79.2,77.0,2.3,-1.9
23,1021020,2008JJ00,1871,2690,29315,38393,22277,60670,41292.0,63569.0,223886,132585,68793,63792,74022,65394,8628,165323,160247,5076,1.2,1.8,19.6,25.7,14.9,40.5,27.6,42.5,149.6,88.6,46.0,42.6,49.5,43.7,5.8,110.5,107.1,3.4,0.9,1.4,14.7,19.3,11.2,30.5,20.8,32.0,112.6,66.7,34.6,32.1,37.2,32.9,4.3,83.2,80.6,2.6,-3.9
24,1021020,2009JJ00,489,3076,27811,38769,24016,62784,39961.0,63977.0,219150,132582,70382,62200,77123,65113,12010,163691,155071,8620,0.3,2.0,18.4,25.7,15.9,41.5,26.4,42.3,145.0,87.7,46.6,41.2,51.0,43.1,7.9,108.3,102.6,5.7,0.2,1.5,14.0,19.5,12.1,31.5,20.1,32.1,110.1,66.6,35.3,31.2,38.7,32.7,6.0,82.2,77.9,4.3,-1.2
25,1021020,2010JJ00,252,3009,27494,39136,24801,63937,38390.0,63192.0,221984,138331,75518,62813,78185,68275,9910,161838,155149,6689,0.2,2.0,18.0,25.6,16.3,41.9,25.2,41.4,145.5,90.7,49.5,41.2,51.2,44.7,6.5,106.1,101.7,4.4,0.1,1.5,13.7,19.5,12.4,31.9,19.2,31.6,110.9,69.1,37.7,31.4,39.0,34.1,4.9,80.8,77.5,3.3,1.2
26,1021020,2011JJ00,464,2867,27499,40062,25011,65073,39218.0,64229.0,234649,165009,93330,71680,85487,66146,19341,155127,149975,5152,0.3,1.9,17.9,26.0,16.2,42.3,25.5,41.7,152.4,107.2,60.6,46.6,55.5,43.0,12.6,100.8,97.4,3.3,0.2,1.4,13.7,20.0,12.5,32.5,19.6,32.0,117.1,82.3,46.6,35.8,42.6,33.0,9.6,77.4,74.8,2.6,1.8
27,1021020,2012JJ00,51,2960,27800,40367,25862,66229,42836.0,68698.0,236851,168627,92964,75663,75951,67791,8160,144175,138384,5791,0.0,1.9,17.9,26.0,16.7,42.7,27.6,44.3,152.6,108.7,59.9,48.8,48.9,43.7,5.3,92.9,89.2,3.7,0.0,1.5,13.8,20.0,12.8,32.8,21.2,34.0,117.2,83.4,46.0,37.4,37.6,33.5,4.0,71.3,68.4,2.9,-3.1
28,1021020,2013JJ00,234,3112,25242,41087,26651,67739,45150.0,71801.0,225411,165407,90537,74869,73554,62965,10589,133559,128807,4751,0.1,2.0,16.2,26.3,17.1,43.3,28.9,45.9,144.2,105.8,57.9,47.9,47.1,40.3,6.8,85.5,82.4,3.0,0.1,1.5,12.5,20.3,13.2,33.4,22.3,35.4,111.2,81.6,44.7,36.9,36.3,31.1,5.2,65.9,63.6,2.3,-5.8
29,1021020,2014JJ00,386,3192,24222,40641,27259,67900,45540.0,72798.0,250738,193352,110145,83206,71793,60563,11230,129179,122274,6905,0.2,2.0,15.4,25.8,17.3,43.1,28.9,46.2,159.2,122.8,69.9,52.8,45.6,38.5,7.1,82.0,77.6,4.4,0.2,1.6,11.9,20.0,13.4,33.5,22.5,35.9,123.7,95.4,54.3,41.0,35.4,29.9,5.5,63.7,60.3,3.4,-6.9
30,1021030,2005JJ00,1376,4632,48058,46301,16393,62694,48094.0,64487.0,308476,185414,97304,88111,105971,94025,11946,229033,214190,14843,0.9,3.2,32.8,31.6,11.2,42.8,32.8,44.0,210.5,126.5,66.4,60.1,72.3,64.1,8.2,156.3,146.1,10.1,0.7,2.2,23.0,22.2,7.8,30.0,23.0,30.9,147.7,88.8,46.6,42.2,50.7,45.0,5.7,109.7,102.5,7.1,2.2
31,1021030,2006JJ00,2138,4896,49056,47301,19131,66431,49312.0,68442.0,323008,190665,99558,91108,111719,102343,9377,244062,230661,13401,1.4,3.3,33.3,32.1,13.0,45.0,33.4,46.4,218.9,129.2,67.5,61.8,75.7,69.4,6.4,165.4,156.3,9.1,1.0,2.3,23.4,22.5,9.1,31.7,23.5,32.6,153.9,90.9,47.4,43.4,53.2,48.8,4.5,116.3,109.9,6.4,0.1
32,1021030,2007JJ00,2853,4634,51628,49029,19925,68953,50566.0,70490.0,316644,183663,98061,85603,123032,113082,9950,256013,241673,14340,1.9,3.1,34.8,33.0,13.4,46.4,34.1,47.5,213.3,123.7,66.0,57.7,82.9,76.2,6.7,172.4,162.8,9.7,1.4,2.2,24.5,23.3,9.4,32.7,24.0,33.4,150.2,87.1,46.5,40.6,58.3,53.6,4.7,121.4,114.6,6.8,0.9
33,1021030,2008JJ00,2960,4798,54389,50319,21303,71622,51496.0,72799.0,357506,212788,118987,93801,124155,112184,11970,268873,255198,13675,2.0,3.2,36.3,33.6,14.2,47.8,34.4,48.6,238.8,142.2,79.5,62.7,82.9,74.9,8.0,179.6,170.5,9.1,1.4,2.3,25.7,23.8,10.1,33.8,24.3,34.4,169.0,100.6,56.2,44.3,58.7,53.0,5.7,127.1,120.6,6.5,2.5
34,1021030,2009JJ00,837,5571,53594,52036,22845,74881,50452.0,73297.0,348720,216458,122581,93877,128351,116197,12153,260613,246326,14287,0.6,3.7,35.5,34.4,15.1,49.5,33.4,48.5,230.7,143.2,81.1,62.1,84.9,76.9,8.0,172.4,163.0,9.5,0.4,2.6,25.2,24.5,10.7,35.2,23.7,34.5,164.0,101.8,57.6,44.1,60.3,54.6,5.7,122.5,115.8,6.7,6.0
35,1021030,2010JJ00,409,5276,52625,52089,23538,75627,51292.0,74830.0,359661,232234,136056,96178,131704,116955,14749,259131,240935,18196,0.3,3.5,34.5,34.1,15.4,49.6,33.6,49.0,235.7,152.2,89.2,63.0,86.3,76.7,9.7,169.8,157.9,11.9,0.2,2.5,24.6,24.3,11.0,35.3,24.0,35.0,168.0,108.5,63.6,44.9,61.5,54.6,6.9,121.1,112.6,8.5,3.5
36,1021030,2011JJ00,740,5320,54203,52774,23677,76451,52453.0,76130.0,373960,257390,163319,94071,131969,120282,11686,248539,235636,12903,0.5,3.5,35.2,34.3,15.4,49.7,34.1,49.5,242.9,167.2,106.1,61.1,85.7,78.1,7.6,161.4,153.1,8.4,0.3,2.5,25.2,24.5,11.0,35.5,24.4,35.4,173.7,119.6,75.9,43.7,61.3,55.9,5.4,115.5,109.5,6.0,3.6
37,1021030,2012JJ00,107,5153,54724,53169,24182,77351,56034.0,80216.0,379129,278437,174412,104025,133610,121266,12344,234303,222599,11703,0.1,3.3,35.3,34.3,15.6,49.9,36.1,51.7,244.4,179.5,112.4,67.0,86.1,78.2,8.0,151.0,143.5,7.5,0.0,2.4,25.3,24.6,11.2,35.8,25.9,37.1,175.3,128.7,80.6,48.1,61.8,56.1,5.7,108.3,102.9,5.4,0.1
38,1021030,2013JJ00,405,5482,52900,55613,24088,79701,53975.0,78063.0,368236,273316,169829,103487,129426,116944,12482,224346,212452,11894,0.3,3.5,33.9,35.6,15.4,51.0,34.6,50.0,235.7,175.0,108.7,66.3,82.9,74.9,8.0,143.6,136.0,7.6,0.2,2.5,24.3,25.6,11.1,36.6,24.8,35.9,169.3,125.7,78.1,47.6,59.5,53.8,5.7,103.1,97.7,5.5,5.3
39,1021030,2014JJ00,785,5805,52455,56580,24338,80917,54517.0,78854.0,416084,318812,206754,112058,134553,117344,17209,231825,217179,14646,0.5,3.7,33.3,35.9,15.5,51.4,34.6,50.1,264.1,202.4,131.3,71.1,85.4,74.5,10.9,147.2,137.9,9.3,0.4,2.7,24.0,25.9,11.1,37.0,24.9,36.1,190.2,145.8,94.5,51.2,61.5,53.6,7.9,106.0,99.3,6.7,5.7
40,1021040,2005JJ00,1951,8056,70716,60500,15925,76426,59447.0,75373.0,465080,291296,149389,141907,150559,131347,19212,324343,296181,28162,1.3,5.5,48.2,41.3,10.9,52.1,40.5,51.4,317.2,198.7,101.9,96.8,102.7,89.6,13.1,221.2,202.0,19.2,0.9,3.7,32.8,28.0,7.4,35.4,27.5,34.9,215.4,134.9,69.2,65.7,69.7,60.8,8.9,150.2,137.2,13.0,8.6
41,1021040,2006JJ00,2932,8616,72126,62195,18810,81004,62502.0,81312.0,486902,299151,148758,150392,157141,137877,19263,344892,316322,28570,2.0,5.8,48.9,42.2,12.7,54.9,42.4,55.1,330.0,202.8,100.8,101.9,106.5,93.5,13.1,233.8,214.4,19.4,1.4,4.0,33.3,28.7,8.7,37.4,28.8,37.5,224.7,138.0,68.6,69.4,72.5,63.6,8.9,159.1,146.0,13.2,4.9
42,1021040,2007JJ00,3943,8199,76716,64502,19637,84139,63609.0,83246.0,492536,296760,149464,147296,162521,146602,15918,358296,333659,24637,2.7,5.5,51.7,43.4,13.2,56.7,42.8,56.1,331.8,199.9,100.7,99.2,109.5,98.7,10.7,241.3,224.7,16.6,1.8,3.8,35.2,29.6,9.0,38.6,29.2,38.2,226.1,136.2,68.6,67.6,74.6,67.3,7.3,164.4,153.1,11.3,6.6
43,1021040,2008JJ00,4144,8546,80764,65824,21215,87038,67543.0,88757.0,532961,330171,181337,148834,175620,155700,19919,378410,353105,25305,2.8,5.7,54.0,44.0,14.2,58.1,45.1,59.3,356.0,220.6,121.1,99.4,117.3,104.0,13.3,252.8,235.9,16.9,1.9,3.9,36.8,30.0,9.7,39.6,30.7,40.4,242.6,150.3,82.5,67.8,79.9,70.9,9.1,172.3,160.7,11.5,4.8
44,1021040,2009JJ00,1263,9444,81635,67848,22795,90643,64217.0,87012.0,539460,343201,185340,157861,178971,160879,18093,375230,342594,32636,0.8,6.2,54.0,44.9,15.1,60.0,42.5,57.6,356.9,227.1,122.6,104.4,118.4,106.4,12.0,248.3,226.7,21.6,0.6,4.3,36.8,30.6,10.3,40.8,28.9,39.2,243.1,154.7,83.5,71.1,80.7,72.5,8.2,169.1,154.4,14.7,10.5
45,1021040,2010JJ00,707,9198,81749,68081,23509,91590,64267.0,87776.0,545720,358781,208851,149929,183718,165764,17955,370658,337871,32786,0.5,6.0,53.6,44.6,15.4,60.0,42.1,57.5,357.7,235.1,136.9,98.3,120.4,108.6,11.8,242.9,221.4,21.5,0.3,4.1,36.5,30.4,10.5,40.9,28.7,39.2,243.7,160.2,93.2,66.9,82.0,74.0,8.0,165.5,150.9,14.6,9.5
46,1021040,2011JJ00,1180,9655,82981,69825,23787,93613,65748.0,89535.0,579193,400648,245861,154786,188126,169672,18454,366671,337016,29654,0.8,6.3,53.9,45.4,15.5,60.8,42.7,58.2,376.2,260.3,159.7,100.5,122.2,110.2,12.0,238.2,218.9,19.3,0.5,4.3,36.8,30.9,10.5,41.5,29.1,39.7,256.6,177.5,108.9,68.6,83.3,75.2,8.2,162.4,149.3,13.1,9.8
47,1021040,2012JJ00,252,9291,84188,69202,24198,93401,62689.0,86888.0,571628,420071,271340,148731,188535,170541,17993,340092,312966,27126,0.2,6.0,54.3,44.6,15.6,60.2,40.4,56.0,368.4,270.7,174.9,95.9,121.5,109.9,11.6,219.2,201.7,17.5,0.1,4.1,37.2,30.5,10.7,41.2,27.7,38.4,252.3,185.4,119.8,65.7,83.2,75.3,7.9,150.1,138.2,12.0,13.2
48,1021040,2013JJ00,646,9614,84488,71828,23780,95608,66490.0,90270.0,538957,408083,264270,143813,188001,166758,21243,318875,294603,24272,0.4,6.2,54.1,46.0,15.2,61.2,42.6,57.8,344.9,261.2,169.1,92.0,120.3,106.7,13.6,204.1,188.5,15.5,0.3,4.2,37.1,31.6,10.5,42.0,29.2,39.7,236.9,179.4,116.2,63.2,82.6,73.3,9.3,140.2,129.5,10.7,12.1
49,1021040,2014JJ00,1215,10107,85905,74407,23928,98334,67173.0,91101.0,623924,477494,321632,155861,193870,168883,24987,340301,309563,30738,0.8,6.4,54.5,47.2,15.2,62.4,42.6,57.8,396.1,303.1,204.2,98.9,123.1,107.2,15.9,216.0,196.5,19.5,0.5,4.4,37.5,32.4,10.4,42.9,29.3,39.7,272.1,208.2,140.2,68.0,84.5,73.6,10.9,148.4,135.0,13.4,13.6
50,1021050,2005JJ00,3275,31409,109654,104518,14597,119115,83018.0,97615.0,1049637,727408,275758,451650,268447,189915,78532,590676,500430,90246,2.2,21.4,74.8,71.3,10.0,81.3,56.6,66.6,716.1,496.2,188.1,308.1,183.1,129.6,53.6,403.0,341.4,61.6,1.5,14.5,50.8,48.4,6.8,55.1,38.4,45.2,485.9,336.7,127.7,209.1,124.3,87.9,36.4,273.4,231.7,41.8,24.9
51,1021050,2006JJ00,4821,32801,116076,110590,17480,128069,85318.0,102798.0,1082747,734302,270947,463355,288198,212908,75290,636643,535512,101131,3.3,22.2,78.7,75.0,11.8,86.8,57.8,69.7,734.0,497.8,183.7,314.1,195.4,144.3,51.0,431.6,363.0,68.6,2.2,15.0,53.2,50.7,8.0,58.7,39.1,47.1,496.1,336.4,124.1,212.3,132.0,97.5,34.5,291.7,245.4,46.3,24.5
52,1021050,2007JJ00,6392,35184,120658,116724,18454,135178,90443.0,108897.0,1142272,751601,259823,491779,304079,225052,79028,694750,576773,117977,4.3,23.7,81.3,78.6,12.4,91.1,60.9,73.3,769.4,506.3,175.0,331.2,204.8,151.6,53.2,468.0,388.5,79.5,2.9,15.9,54.6,52.9,8.4,61.2,41.0,49.3,517.4,340.4,117.7,222.7,137.7,101.9,35.8,314.7,261.2,53.4,24.1
53,1021050,2008JJ00,6595,35406,125676,121874,20007,141880,89700.0,109706.0,1199288,795396,320027,475369,319673,237877,81796,723565,590238,133326,4.4,23.7,84.0,81.4,13.4,94.8,59.9,73.3,801.2,531.4,213.8,317.6,213.6,158.9,54.6,483.4,394.3,89.1,3.0,15.9,56.5,54.8,9.0,63.8,40.3,49.3,539.5,357.8,144.0,213.8,143.8,107.0,36.8,325.5,265.5,60.0,28.1
54,1021050,2009JJ00,2320,33321,131319,116209,21344,137552,84676.0,106020.0,1163323,802960,328041,474919,332851,247378,85473,693214,576305,116909,1.5,22.0,86.9,76.9,14.1,91.0,56.0,70.1,769.7,531.3,217.0,314.2,220.2,163.7,56.6,458.6,381.3,77.3,1.0,14.9,58.7,52.0,9.5,61.5,37.9,47.4,520.3,359.1,146.7,212.4,148.9,110.6,38.2,310.0,257.7,52.3,29.5
55,1021050,2010JJ00,1484,32692,133280,116058,22211,138269,88854.0,111065.0,1209755,861383,374795,486587,349852,257048,92804,698225,576512,121712,1.0,21.4,87.4,76.1,14.6,90.6,58.2,72.8,792.9,564.5,245.6,318.9,229.3,168.5,60.8,457.6,377.8,79.8,0.7,14.4,58.8,51.2,9.8,61.0,39.2,49.0,533.6,379.9,165.3,214.6,154.3,113.4,40.9,308.0,254.3,53.7,25.5
56,1021050,2011JJ00,2128,34609,137749,120063,22645,142707,90898.0,113543.0,1232078,871722,422030,449692,341518,263498,78021,701874,565468,136406,1.4,22.5,89.5,78.0,14.7,92.7,59.0,73.8,800.3,566.2,274.1,292.1,221.8,171.2,50.7,455.9,367.3,88.6,0.9,15.1,60.0,52.3,9.9,62.2,39.6,49.4,536.6,379.6,183.8,195.8,148.7,114.8,34.0,305.7,246.3,59.4,26.4
57,1021050,2012JJ00,682,34161,140220,120910,23155,144065,86695.0,109849.0,1251066,927386,475796,451590,348769,262684,86085,672449,532792,139658,0.4,22.0,90.4,77.9,14.9,92.8,55.9,70.8,806.3,597.7,306.6,291.0,224.8,169.3,55.5,433.4,343.4,90.0,0.3,14.8,60.8,52.4,10.0,62.4,37.6,47.6,542.3,402.0,206.2,195.7,151.2,113.9,37.3,291.5,230.9,60.5,30.3
58,1021050,2013JJ00,1270,34509,147051,118836,22794,141630,86014.0,108808.0,1213372,916965,463375,453590,349858,260874,88984,646265,501200,145065,0.8,22.1,94.1,76.1,14.6,90.6,55.0,69.6,776.6,586.9,296.6,290.3,223.9,167.0,57.0,413.6,320.8,92.8,0.5,14.8,63.3,51.1,9.8,60.9,37.0,46.8,522.0,394.5,199.3,195.1,150.5,112.2,38.3,278.0,215.6,62.4,30.7
59,1021050,2014JJ00,2091,34962,150616,121049,22899,143947,86991.0,109890.0,1300051,1004382,563895,440487,352226,261163,91063,647894,519420,128474,1.3,22.2,95.6,76.9,14.5,91.4,55.2,69.8,825.4,637.7,358.0,279.7,223.6,165.8,57.8,411.4,329.8,81.6,0.9,14.9,64.2,51.6,9.8,61.4,37.1,46.9,554.3,428.2,240.4,187.8,150.2,111.3,38.8,276.2,221.5,54.8,30.5
60,1050020,2005JJ00,593,3760,25248,21008,4515,25522,25906.0,30421.0,183938,125860,58633,67227,54732,41756,12976,112810,100053,12757,0.5,3.4,22.6,18.8,4.0,22.8,23.2,27.2,164.5,112.5,52.4,60.1,48.9,37.3,11.6,100.9,89.5,11.4,0.5,3.4,22.6,18.8,4.0,22.8,23.2,27.2,164.5,112.5,52.4,60.1,48.9,37.3,11.6,100.9,89.5,11.4,-9.7
61,1050020,2006JJ00,944,4150,27036,22939,5397,28336,26272.0,31669.0,192742,132699,58193,74506,60486,48117,12369,120529,107988,12541,0.8,3.6,23.7,20.1,4.7,24.9,23.1,27.8,169.2,116.5,51.1,65.4,53.1,42.2,10.9,105.8,94.8,11.0,0.8,3.6,23.7,20.1,4.7,24.9,23.1,27.8,169.2,116.5,51.1,65.4,53.1,42.2,10.9,105.8,94.8,11.0,-5.4
62,1050020,2007JJ00,1345,3889,28557,23367,5645,29011,28283.0,33928.0,185173,128923,58385,70538,75191,60262,14929,131441,120589,10852,1.2,3.4,24.6,20.1,4.9,25.0,24.4,29.2,159.5,111.1,50.3,60.8,64.8,51.9,12.9,113.2,103.9,9.3,1.2,3.4,24.6,20.1,4.9,25.0,24.4,29.2,159.5,111.1,50.3,60.8,64.8,51.9,12.9,113.2,103.9,9.3,-10.1
63,1050020,2008JJ00,1432,4227,30768,25074,6114,31187,29601.0,35715.0,218107,143720,70969,72751,71616,55145,16470,146003,131503,14500,1.2,3.5,25.8,21.0,5.1,26.2,24.8,29.9,182.9,120.5,59.5,61.0,60.1,46.2,13.8,122.4,110.3,12.2,1.2,3.5,25.8,21.0,5.1,26.2,24.8,29.9,182.9,120.5,59.5,61.0,60.1,46.2,13.8,122.4,110.3,12.2,-6.8
64,1050020,2009JJ00,374,3939,30427,25014,6658,31673,30440.0,37098.0,214733,152110,73890,78219,80353,58928,21426,142977,131536,11441,0.3,3.2,25.1,20.6,5.5,26.1,25.1,30.6,176.8,125.3,60.9,64.4,66.2,48.5,17.6,117.7,108.3,9.4,0.3,3.2,25.1,20.6,5.5,26.1,25.1,30.6,176.8,125.3,60.9,64.4,66.2,48.5,17.6,117.7,108.3,9.4,-9.2
65,1050020,2010JJ00,167,3871,30369,25324,7011,32335,29156.0,36167.0,222330,162968,82221,80747,76959,57810,19149,136322,124910,11411,0.1,3.1,24.6,20.6,5.7,26.2,23.7,29.4,180.4,132.3,66.7,65.5,62.5,46.9,15.5,110.6,101.4,9.3,0.1,3.1,24.6,20.6,5.7,26.2,23.7,29.4,180.4,132.3,66.7,65.5,62.5,46.9,15.5,110.6,101.4,9.3,-5.8
66,1050020,2011JJ00,347,3830,31036,25908,7821,33730,30458.0,38279.0,229585,171327,93230,78097,77889,60686,17204,136148,124629,11519,0.3,3.0,24.5,20.4,6.2,26.6,24.0,30.2,181.1,135.1,73.5,61.6,61.4,47.9,13.6,107.4,98.3,9.1,0.3,3.0,24.5,20.4,6.2,26.6,24.0,30.2,181.1,135.1,73.5,61.6,61.4,47.9,13.6,107.4,98.3,9.1,-7.8
67,1050020,2012JJ00,39,3894,31885,26600,7741,34341,31762.0,39503.0,238796,190693,106761,83932,82354,61620,20734,130457,119719,10738,0.0,3.0,24.6,20.5,6.0,26.5,24.5,30.5,184.5,147.3,82.5,64.8,63.6,47.6,16.0,100.8,92.5,8.3,0.0,3.0,24.6,20.5,6.0,26.5,24.5,30.5,184.5,147.3,82.5,64.8,63.6,47.6,16.0,100.8,92.5,8.3,-7.6
68,1050020,2013JJ00,185,4039,31502,27576,8143,35720,30506.0,38649.0,234061,187907,103561,84347,77618,59838,17780,123772,112232,11540,0.1,3.1,24.2,21.2,6.3,27.5,23.5,29.7,180.1,144.6,79.7,64.9,59.7,46.0,13.7,95.2,86.3,8.9,0.1,3.1,24.2,21.2,6.3,27.5,23.5,29.7,180.1,144.6,79.7,64.9,59.7,46.0,13.7,95.2,86.3,8.9,-1.7
69,1050020,2014JJ00,378,4674,32029,28974,8613,37587,31201.0,39814.0,282603,231957,128257,103699,80542,59999,20543,131188,115825,15363,0.3,3.5,24.1,21.8,6.5,28.3,23.5,30.0,212.9,174.7,96.6,78.1,60.7,45.2,15.5,98.8,87.2,11.6,0.3,3.5,24.1,21.8,6.5,28.3,23.5,30.0,212.9,174.7,96.6,78.1,60.7,45.2,15.5,98.8,87.2,11.6,0.1
70,1050035,2005JJ00,691,1539,14968,27229,10393,37623,28002.0,38396.0,182162,109863,29719,80144,39757,28080,11678,112057,108364,3693,0.5,1.1,11.1,20.2,7.7,27.9,20.8,28.5,135.3,81.6,22.1,59.5,29.5,20.9,8.7,83.2,80.5,2.7,0.5,1.1,11.1,20.2,7.7,27.9,20.8,28.5,135.3,81.6,22.1,59.5,29.5,20.9,8.7,83.2,80.5,2.7,-8.9
71,1050035,2006JJ00,1064,1527,15744,29037,11934,40970,30188.0,42122.0,199047,123202,30105,93097,45343,31493,13850,121188,116852,4336,0.8,1.1,11.5,21.3,8.8,30.0,22.1,30.9,146.0,90.4,22.1,68.3,33.3,23.1,10.2,88.9,85.7,3.2,0.8,1.1,11.5,21.3,8.8,30.0,22.1,30.9,146.0,90.4,22.1,68.3,33.3,23.1,10.2,88.9,85.7,3.2,-10.4
72,1050035,2007JJ00,1476,1593,16627,30440,12221,42660,31019.0,43240.0,203941,121580,28647,92933,48357,34517,13840,130717,125466,5251,1.1,1.2,12.1,22.1,8.9,31.0,22.5,31.4,148.2,88.3,20.8,67.5,35.1,25.1,10.1,95.0,91.2,3.8,1.1,1.2,12.1,22.1,8.9,31.0,22.5,31.4,148.2,88.3,20.8,67.5,35.1,25.1,10.1,95.0,91.2,3.8,-8.9
73,1050035,2008JJ00,1542,1497,17513,31101,12684,43785,31862.0,44546.0,212799,122670,36074,86596,46717,35573,11145,136846,132190,4656,1.1,1.1,12.6,22.4,9.1,31.5,22.9,32.1,153.3,88.3,26.0,62.4,33.6,25.6,8.0,98.6,95.2,3.4,1.1,1.1,12.6,22.4,9.1,31.5,22.9,32.1,153.3,88.3,26.0,62.4,33.6,25.6,8.0,98.6,95.2,3.4,-8.3
74,1050035,2009JJ00,432,1585,17877,30542,13651,44193,32822.0,46474.0,211273,120888,36719,84170,48293,36756,11538,138678,130338,8340,0.3,1.1,12.7,21.7,9.7,31.4,23.3,33.0,150.0,85.9,26.1,59.8,34.3,26.1,8.2,98.5,92.6,5.9,0.3,1.1,12.7,21.7,9.7,31.4,23.3,33.0,150.0,85.8,26.1,59.8,34.3,26.1,8.2,98.5,92.5,5.9,-11.8
75,1050035,2010JJ00,213,1681,17941,30883,14206,45089,32015.0,46221.0,221696,132917,43155,89762,47321,36178,11144,136100,127226,8874,0.2,1.2,12.7,21.8,10.0,31.8,22.6,32.6,156.5,93.8,30.5,63.4,33.4,25.5,7.9,96.1,89.8,6.3,0.2,1.2,12.7,21.8,10.0,31.8,22.6,32.6,156.5,93.8,30.5,63.4,33.4,25.5,7.9,96.1,89.8,6.3,-9.7
76,1050035,2011JJ00,379,1829,18692,31431,14253,45684,33031.0,47284.0,235962,149834,64996,84839,48062,37668,10394,134190,125746,8444,0.3,1.3,13.0,21.8,9.9,31.7,22.9,32.8,163.7,104.0,45.1,58.9,33.4,26.1,7.2,93.1,87.3,5.9,0.3,1.3,13.0,21.8,9.9,31.7,22.9,32.8,163.7,104.0,45.1,58.9,33.4,26.1,7.2,93.1,87.3,5.9,-10.1
77,1050035,2012JJ00,40,1807,18997,31750,15451,47201,35252.0,50703.0,233740,155607,58304,97303,49175,37636,11540,127308,120089,7219,0.0,1.2,13.0,21.8,10.6,32.4,24.2,34.8,160.5,106.8,40.0,66.8,33.8,25.8,7.9,87.4,82.4,5.0,0.0,1.2,13.0,21.8,10.6,32.4,24.2,34.8,160.5,106.8,40.0,66.8,33.8,25.8,7.9,87.4,82.4,5.0,-14.9
78,1050035,2013JJ00,204,2082,18898,32702,16392,49095,34916.0,51308.0,226099,152999,56074,96925,49349,36409,12940,122449,112990,9459,0.1,1.4,13.0,22.6,11.3,33.9,24.1,35.4,155.9,105.5,38.7,66.8,34.0,25.1,8.9,84.4,77.9,6.5,0.1,1.4,13.0,22.6,11.3,33.9,24.1,35.4,155.9,105.5,38.7,66.8,34.0,25.1,8.9,84.4,77.9,6.5,-11.3
79,1050035,2014JJ00,357,1786,19391,32907,17213,50120,35729.0,52942.0,252969,187997,69480,118516,49658,37295,12362,114630,110914,3717,0.2,1.2,13.1,22.2,11.6,33.8,24.1,35.7,170.7,126.9,46.9,80.0,33.5,25.2,8.3,77.4,74.9,2.5,0.2,1.2,13.1,22.2,11.6,33.8,24.1,35.7,170.7,126.9,46.9,80.0,33.5,25.2,8.3,77.4,74.9,2.5,-12.1
80,1050190,2005JJ00,299,1550,10695,13503,7059,20562,12867.0,19926.0,69928,44310,16193,28117,22483,16775,5709,48102,44460,3642,0.7,3.5,24.2,30.5,16.0,46.5,29.1,45.0,158.0,100.1,36.6,63.5,50.8,37.9,12.9,108.7,100.5,8.2,0.5,2.4,16.4,20.7,10.8,31.6,19.7,30.6,107.3,68.0,24.8,43.1,34.5,25.7,8.8,73.8,68.2,5.6,6.6
81,1050190,2006JJ00,458,1455,11430,13963,7958,21921,13834.0,21792.0,69666,40915,16604,24311,24407,20173,4234,53157,49437,3721,1.0,3.2,25.4,31.0,17.7,48.7,30.8,48.4,154.9,91.0,36.9,54.0,54.3,44.8,9.4,118.2,109.9,8.3,0.7,2.2,17.2,21.1,12.0,33.0,20.9,32.9,105.0,61.7,25.0,36.7,36.8,30.4,6.4,80.1,74.5,5.6,3.6
82,1050190,2007JJ00,617,1572,12354,14592,8392,22983,14505.0,22897.0,71810,41235,16296,24939,26819,21474,5345,57393,53796,3597,1.4,3.5,27.2,32.1,18.5,50.6,31.9,50.4,158.1,90.8,35.9,54.9,59.1,47.3,11.8,126.4,118.5,7.9,0.9,2.3,18.5,21.8,12.5,34.4,21.7,34.2,107.3,61.6,24.4,37.3,40.1,32.1,8.0,85.8,80.4,5.4,3.8
83,1050190,2008JJ00,666,1658,13491,15561,9110,24671,14922.0,24032.0,82320,55501,19841,35660,33812,23437,10376,60631,58160,2471,1.4,3.6,28.9,33.4,19.5,52.9,32.0,51.6,176.6,119.1,42.6,76.5,72.5,50.3,22.3,130.1,124.8,5.3,1.0,2.4,19.7,22.7,13.3,36.0,21.8,35.1,120.1,81.0,28.9,52.0,49.3,34.2,15.1,88.4,84.8,3.6,6.4
84,1050190,2009JJ00,225,1609,14477,16528,9888,26417,15048.0,24937.0,78286,52335,21028,31307,36349,26229,10121,62300,58798,3502,0.5,3.4,30.2,34.5,20.6,55.1,31.4,52.0,163.2,109.1,43.8,65.3,75.8,54.7,21.1,129.9,122.6,7.3,0.3,2.3,20.5,23.4,14.0,37.4,21.3,35.3,110.9,74.2,29.8,44.4,51.5,37.2,14.3,88.3,83.3,5.0,9.8
85,1050190,2010JJ00,139,1730,14245,16804,10139,26943,15705.0,25844.0,80314,57244,24065,33179,38500,26747,11753,61570,58240,3330,0.3,3.6,29.6,35.0,21.1,56.1,32.7,53.8,167.1,119.1,50.1,69.0,80.1,55.7,24.5,128.1,121.2,6.9,0.2,2.4,20.1,23.8,14.3,38.1,22.2,36.5,113.5,80.9,34.0,46.9,54.4,37.8,16.6,87.0,82.3,4.7,7.6
86,1050190,2011JJ00,224,1983,14885,17988,10468,28456,16553.0,27021.0,87521,64215,29010,35205,38539,28479,10060,61846,58750,3096,0.4,4.0,29.8,36.0,21.0,57.0,33.2,54.1,175.4,128.7,58.1,70.5,77.2,57.1,20.2,123.9,117.7,6.2,0.3,2.7,20.3,24.5,14.3,38.8,22.6,36.8,119.3,87.5,39.5,48.0,52.5,38.8,13.7,84.3,80.1,4.2,8.5
87,1050190,2012JJ00,63,1960,15149,17987,10709,28697,16900.0,27610.0,86204,69730,29692,40038,44638,29589,15050,61112,56744,4368,0.1,3.9,29.8,35.4,21.1,56.5,33.3,54.3,169.7,137.3,58.4,78.8,87.9,58.2,29.6,120.3,111.7,8.6,0.1,2.6,20.3,24.1,14.4,38.5,22.7,37.0,115.6,93.5,39.8,53.7,59.9,39.7,20.2,82.0,76.1,5.9,7.7
88,1050190,2013JJ00,142,2080,15626,19142,10107,29249,17317.0,27424.0,85022,72627,29443,43184,47448,30109,17339,59843,55155,4688,0.3,4.0,30.0,36.7,19.4,56.1,33.2,52.6,163.0,139.3,56.5,82.8,91.0,57.7,33.2,114.8,105.8,9.0,0.2,2.7,20.4,25.0,13.2,38.2,22.6,35.8,111.1,94.9,38.5,56.4,62.0,39.3,22.7,78.2,72.1,6.1,10.4
89,1050190,2014JJ00,203,2164,16040,19431,10476,29907,17705.0,28181.0,86467,71673,36451,35222,46185,31343,14841,60978,55380,5598,0.4,4.1,30.1,36.5,19.7,56.2,33.3,52.9,162.4,134.6,68.5,66.2,86.7,58.9,27.9,114.5,104.0,10.5,0.3,2.8,20.5,24.9,13.4,38.3,22.7,36.1,110.8,91.8,46.7,45.1,59.2,40.1,19.0,78.1,70.9,7.2,9.7
90,1016090,2005JJ00,3321,25419,128041,107144,37088,144232,94791.0,131879.0,740064,446092,163065,283027,297010,246371,50639,590983,507768,83215,1.7,12.9,64.9,54.3,18.8,73.1,48.0,66.8,374.8,225.9,82.6,143.4,150.4,124.8,25.6,299.3,257.2,42.1,0.9,6.9,34.6,28.9,10.0,38.9,25.6,35.6,199.7,120.4,44.0,76.4,80.2,66.5,13.7,159.5,137.0,22.5,18.8
91,1016090,2006JJ00,4891,26508,131898,108435,41874,150309,96183.0,138057.0,736804,435829,159910,275919,317568,269554,48014,618543,534551,83992,2.5,13.5,67.4,55.4,21.4,76.8,49.1,70.5,376.4,222.6,81.7,140.9,162.2,137.7,24.5,316.0,273.1,42.9,1.3,7.2,35.9,29.5,11.4,40.9,26.2,37.6,200.6,118.7,43.5,75.1,86.5,73.4,13.1,168.4,145.5,22.9,17.1
92,1016090,2007JJ00,6457,27480,138203,113011,44232,157242,98850.0,143082.0,772138,442012,159195,282817,327402,279604,47797,657527,564938,92589,3.3,14.1,71.0,58.1,22.7,80.8,50.8,73.5,396.7,227.1,81.8,145.3,168.2,143.7,24.6,337.8,290.3,47.6,1.8,7.5,37.9,31.0,12.1,43.1,27.1,39.2,211.5,121.1,43.6,77.5,89.7,76.6,13.1,180.1,154.8,25.4,18.0
93,1016090,2008JJ00,6684,27856,145149,115162,47421,162583,100917.0,148338.0,803709,474452,186183,288269,355363,301064,54299,684619,586750,97870,3.4,14.3,74.7,59.3,24.4,83.7,51.9,76.3,413.6,244.1,95.8,148.3,182.9,154.9,27.9,352.3,301.9,50.4,1.8,7.6,39.8,31.6,13.0,44.6,27.7,40.7,220.6,130.2,51.1,79.1,97.5,82.6,14.9,187.9,161.0,26.9,18.3
94,1016090,2009JJ00,2130,27511,146937,116810,50038,166848,94678.0,144716.0,774348,481532,193310,288222,369088,311640,57448,661904,566401,95503,1.1,14.2,75.9,60.3,25.8,86.2,48.9,74.7,399.9,248.7,99.8,148.8,190.6,160.9,29.7,341.8,292.5,49.3,0.6,7.6,40.5,32.2,13.8,46.0,26.1,39.9,213.3,132.6,53.3,79.4,101.7,85.8,15.8,182.3,156.0,26.3,22.7
95,1016090,2010JJ00,1306,28452,152525,122201,52795,174996,99780.0,152574.0,799271,520912,220485,300427,392264,331568,60696,670623,573844,96779,0.6,14.1,75.6,60.6,26.2,86.7,49.5,75.6,396.2,258.2,109.3,148.9,194.4,164.3,30.1,332.4,284.4,48.0,0.3,7.5,40.3,32.3,14.0,46.3,26.4,40.4,211.4,137.8,58.3,79.5,103.7,87.7,16.1,177.4,151.8,25.6,21.4
96,1016090,2011JJ00,2015,29308,157368,124510,52171,176681,101186.0,153357.0,800168,532363,242886,289477,388264,339289,48975,656069,558877,97192,1.0,14.6,78.2,61.9,25.9,87.8,50.3,76.2,397.5,264.5,120.7,143.8,192.9,168.5,24.3,325.9,277.6,48.3,0.5,7.8,41.7,33.0,13.8,46.8,26.8,40.6,212.1,141.1,64.4,76.7,102.9,89.9,13.0,173.9,148.1,25.8,22.2
97,1016090,2012JJ00,546,29302,159863,124527,52404,176930,100271.0,152675.0,749766,524190,256796,267394,394253,342588,51665,619829,518374,101455,0.3,14.5,79.3,61.8,26.0,87.8,49.8,75.8,372.1,260.1,127.4,132.7,195.7,170.0,25.6,307.6,257.3,50.3,0.1,7.8,42.4,33.0,13.9,46.9,26.6,40.5,198.7,138.9,68.0,70.9,104.5,90.8,13.7,164.2,137.4,26.9,23.2
98,1016090,2013JJ00,1133,29606,160947,124443,47747,172190,102107.0,149854.0,709237,514601,247385,267217,386491,333522,52969,581127,480437,100691,0.6,14.7,80.1,61.9,23.8,85.7,50.8,74.6,353.0,256.1,123.1,133.0,192.3,166.0,26.4,289.2,239.1,50.1,0.3,7.9,42.8,33.1,12.7,45.8,27.1,39.8,188.6,136.8,65.8,71.0,102.8,88.7,14.1,154.5,127.7,26.8,23.2
99,1016090,2014JJ00,1993,30448,161669,127248,47383,174630,102053.0,149435.0,748582,540436,298695,241741,386087,327174,58913,594233,492787,101446,1.0,15.2,80.8,63.6,23.7,87.3,51.0,74.7,374.1,270.1,149.3,120.8,193.0,163.5,29.4,297.0,246.3,50.7,0.5,8.1,43.2,34.0,12.6,46.6,27.2,39.9,199.8,144.3,79.7,64.5,103.1,87.3,15.7,158.6,131.6,27.1,24.0
100,1017780,2005JJ00,2796,12471,73060,83691,15705,99396,81397.0,97102.0,847604,587845,292700,295145,206613,157620,48993,466372,434861,31511,1.4,6.1,35.8,41.0,7.7,48.7,39.8,47.5,414.9,287.7,143.3,144.5,101.1,77.2,24.0,228.3,212.9,15.4,1.0,4.5,26.1,29.9,5.6,35.5,29.1,34.7,302.8,210.0,104.6,105.5,73.8,56.3,17.5,166.6,155.4,11.3,3.8
101,1017780,2006JJ00,4209,13748,74484,88235,19238,107473,81441.0,100679.0,905985,607450,294087,313364,206147,158735,47412,504682,469139,35543,2.0,6.7,36.2,42.9,9.3,52.2,39.6,48.9,440.0,295.0,142.8,152.2,100.1,77.1,23.0,245.1,227.9,17.3,1.5,4.9,26.4,31.3,6.8,38.1,28.9,35.7,321.2,215.4,104.3,111.1,73.1,56.3,16.8,178.9,166.3,12.6,4.9
102,1017780,2007JJ00,5594,13913,78351,92473,19658,112131,86612.0,106270.0,926617,605246,285200,320046,214690,166651,48039,536061,497385,38676,2.7,6.7,37.7,44.5,9.5,54.0,41.7,51.1,445.9,291.3,137.2,154.0,103.3,80.2,23.1,258.0,239.4,18.6,2.0,4.9,27.5,32.5,6.9,39.4,30.4,37.3,325.5,212.6,100.2,112.4,75.4,58.5,16.9,188.3,174.7,13.6,3.4
103,1017780,2008JJ00,5785,14222,81990,95359,21167,116527,89707.0,110875.0,1005560,668772,356269,312503,226809,176396,50413,563596,517345,46251,2.8,6.8,39.3,45.7,10.1,55.9,43.0,53.2,482.1,320.7,170.8,149.8,108.7,84.6,24.2,270.2,248.1,22.2,2.0,5.0,28.7,33.4,7.4,40.8,31.4,38.8,351.9,234.1,124.7,109.4,79.4,61.7,17.6,197.2,181.1,16.2,5.0
104,1017780,2009JJ00,1889,14588,83310,93364,22980,116344,86356.0,109336.0,1004723,677596,364896,312700,232013,181114,50898,559139,508391,50749,0.9,6.9,39.6,44.4,10.9,55.4,41.1,52.0,478.1,322.5,173.6,148.8,110.4,86.2,24.2,266.1,241.9,24.2,0.7,5.1,28.9,32.4,8.0,40.4,30.0,38.0,349.0,235.4,126.7,108.6,80.6,62.9,17.7,194.2,176.6,17.6,6.8
105,1017780,2010JJ00,1115,13681,82929,92519,24423,116942,86407.0,110830.0,1049581,739905,418783,321123,242641,187827,54813,552316,505035,47281,0.5,6.4,38.7,43.2,11.4,54.6,40.4,51.8,490.3,345.7,195.6,150.0,113.4,87.7,25.6,258.0,235.9,22.1,0.4,4.7,28.3,31.5,8.3,39.9,29.5,37.8,357.9,252.3,142.8,109.5,82.7,64.1,18.7,188.3,172.2,16.1,4.4
106,1017780,2011JJ00,1726,14249,83326,95092,24897,119990,87753.0,112651.0,1101874,800589,486196,314393,246213,185662,60551,547498,496881,50617,0.8,6.7,38.9,44.4,11.6,56.1,41.0,52.7,515.0,374.2,227.2,146.9,115.1,86.8,28.3,255.9,232.2,23.7,0.6,4.9,28.4,32.4,8.5,40.9,29.9,38.4,375.9,273.1,165.9,107.3,84.0,63.3,20.7,186.8,169.5,17.3,5.5
107,1017780,2012JJ00,436,13829,84126,95466,25909,121375,88866.0,114775.0,1156834,874042,553207,320834,234347,183904,50442,517139,464271,52868,0.2,6.4,39.1,44.4,12.0,56.4,41.3,53.4,537.8,406.3,257.2,149.2,108.9,85.5,23.5,240.4,215.8,24.6,0.1,4.7,28.5,32.4,8.8,41.2,30.2,38.9,392.6,296.6,187.7,108.9,79.5,62.4,17.1,175.5,157.5,17.9,6.2
108,1017780,2013JJ00,992,14027,85467,95811,28301,124112,90895.0,119195.0,1118414,857384,539096,318288,234661,179651,55010,495691,444513,51178,0.5,6.5,39.4,44.2,13.0,57.2,41.9,54.9,515.4,395.1,248.4,146.7,108.1,82.8,25.4,228.4,204.9,23.6,0.3,4.7,28.8,32.2,9.5,41.8,30.6,40.1,376.2,288.4,181.3,107.1,78.9,60.4,18.5,166.7,149.5,17.2,5.0
109,1017780,2014JJ00,1738,14836,86076,97647,28690,126337,91253.0,119943.0,1263695,988305,655028,333277,235819,179155,56664,511209,455370,55839,0.8,6.8,39.6,44.9,13.2,58.1,42.0,55.2,581.2,454.5,301.3,153.3,108.5,82.4,26.1,235.1,209.4,25.7,0.6,5.0,28.9,32.8,9.6,42.4,30.6,40.3,424.2,331.8,219.9,111.9,79.2,60.1,19.0,171.6,152.9,18.7,6.0
110,1050220,2005JJ00,321,2860,10814,13989,7040,21029,,,104013,70491,33619,36872,26006,20269,5736,59527,48531,10996,0.8,7.1,26.7,34.5,17.4,51.9,,,256.8,174.1,83.0,91.0,64.2,50.0,14.2,147.0,119.8,27.2,0.5,4.8,18.1,23.5,11.8,35.3,,,174.4,118.2,56.4,61.8,43.6,34.0,9.6,99.8,81.4,18.4,
111,1050220,2006JJ00,461,2560,11390,14589,7962,22550,,,109277,72718,33923,38796,25704,20069,5635,62263,51957,10306,1.1,6.3,28.0,35.9,19.6,55.4,,,268.6,178.7,83.4,95.4,63.2,49.3,13.8,153.0,127.7,25.3,0.8,4.3,19.0,24.3,13.2,37.5,,,181.8,121.0,56.5,64.6,42.8,33.4,9.4,103.6,86.5,17.2,
112,1050220,2007JJ00,623,2734,12123,15131,8317,23448,,,111789,73062,33121,39941,28368,22459,5909,67095,56660,10435,1.5,6.7,29.7,37.1,20.4,57.5,,,274.2,179.2,81.2,98.0,69.6,55.1,14.5,164.6,139.0,25.6,1.0,4.5,20.1,25.1,13.8,39.0,,,185.7,121.4,55.0,66.3,47.1,37.3,9.8,111.5,94.1,17.3,
113,1050220,2008JJ00,653,2737,12545,15828,8611,24440,,,122876,83182,39605,43577,31362,23511,7851,71056,59790,11266,1.6,6.7,30.7,38.8,21.1,59.9,,,301.0,203.8,97.0,106.8,76.8,57.6,19.2,174.1,146.5,27.6,1.1,4.6,20.9,26.4,14.4,40.7,,,204.8,138.6,66.0,72.6,52.3,39.2,13.1,118.4,99.6,18.8,
114,1050220,2009JJ00,240,2624,12977,16009,9282,25291,,,123890,85422,40506,44916,30819,23379,7440,69287,59268,10019,0.6,6.3,31.1,38.3,22.2,60.6,,,296.7,204.6,97.0,107.6,73.8,56.0,17.8,165.9,142.0,24.0,0.4,4.3,21.1,26.1,15.1,41.2,,,201.8,139.1,66.0,73.2,50.2,38.1,12.1,112.8,96.5,16.3,
115,1050220,2010JJ00,121,2085,8028,11941,7596,19537,,,99759,65063,32412,32650,21559,14956,6603,56256,43927,12329,0.4,6.1,23.5,35.0,22.3,57.2,,,292.2,190.6,94.9,95.6,63.2,43.8,19.3,164.8,128.7,36.1,0.3,4.4,17.1,25.5,16.2,41.7,,,212.7,138.7,69.1,69.6,46.0,31.9,14.1,119.9,93.7,26.3,
116,1050220,2011JJ00,155,1987,7988,11744,7532,19275,,,101033,70612,38528,32084,20718,14670,6048,51139,39177,11963,0.5,5.9,23.7,34.8,22.3,57.2,,,299.7,209.4,114.3,95.2,61.4,43.5,17.9,151.7,116.2,35.5,0.3,4.3,17.2,25.4,16.3,41.6,,,218.2,152.5,83.2,69.3,44.7,31.7,13.1,110.4,84.6,25.8,
117,1050220,2012JJ00,55,2042,8009,11779,7700,19480,,,103167,74173,39496,34677,19704,14725,4979,48697,36638,12059,0.2,6.1,24.1,35.4,23.1,58.5,,,309.9,222.8,118.6,104.2,59.2,44.2,15.0,146.3,110.1,36.2,0.1,4.5,17.5,25.7,16.8,42.6,,,225.4,162.1,86.3,75.8,43.1,32.2,10.9,106.4,80.0,26.3,
118,1050220,2013JJ00,85,1989,7558,11897,8386,20283,,,101074,75050,41422,33627,18241,12944,5297,44265,32372,11893,0.2,5.5,20.9,32.9,23.2,56.1,,,279.7,207.7,114.6,93.0,50.5,35.8,14.7,122.5,89.6,32.9,0.2,4.1,15.7,24.8,17.5,42.2,,,210.4,156.2,86.2,70.0,38.0,26.9,11.0,92.1,67.4,24.8,
119,1050220,2014JJ00,62,1970,8081,11930,8214,20145,,,105668,86614,49769,36846,21119,14964,6155,40173,29683,10490,0.2,5.5,22.6,33.3,22.9,56.3,,,295.1,241.9,139.0,102.9,59.0,41.8,17.2,112.2,82.9,29.3,0.1,4.1,16.8,24.8,17.1,41.9,,,220.0,180.3,103.6,76.7,44.0,31.2,12.8,83.6,61.8,21.8,
120,1013600,2005JJ00,1391,40897,20960,57656,9772,67428,33578.0,43350.0,568379,314965,80288,234677,123268,78930,44338,376681,235986,140695,1.8,53.6,27.5,75.5,12.8,88.3,44.0,56.8,744.4,412.5,105.2,307.3,161.4,103.4,58.1,493.3,309.1,184.3,1.2,34.1,17.5,48.0,8.1,56.2,28.0,36.1,473.4,262.3,66.9,195.4,102.7,65.7,36.9,313.7,196.5,117.2,38.0
121,1013600,2006JJ00,2086,43018,22289,61404,11252,72656,34899.0,46151.0,591305,318229,81780,236449,130968,91082,39885,404044,254156,149888,2.7,56.1,29.1,80.0,14.7,94.7,45.5,60.2,770.7,414.8,106.6,308.2,170.7,118.7,52.0,526.6,331.3,195.4,1.7,35.6,18.5,50.8,9.3,60.1,28.9,38.2,489.5,263.4,67.7,195.7,108.4,75.4,33.0,334.5,210.4,124.1,38.0
122,1013600,2007JJ00,3093,44389,26047,66982,12544,79526,39528.0,52072.0,717085,406428,88181,318247,155958,101826,54132,466616,305228,161388,3.8,54.4,31.9,82.1,15.4,97.5,48.5,63.8,879.2,498.3,108.1,390.2,191.2,124.8,66.4,572.1,374.2,197.9,2.4,34.6,20.3,52.2,9.8,62.0,30.8,40.6,558.8,316.7,68.7,248.0,121.5,79.3,42.2,363.6,237.8,125.8,36.3
123,1013600,2008JJ00,3195,45237,27852,69531,14130,83661,41289.0,55420.0,704247,377615,108693,268922,166136,113877,52259,492768,315755,177012,3.7,52.5,32.3,80.7,16.4,97.1,47.9,64.3,817.4,438.3,126.2,312.1,192.8,132.2,60.7,572.0,366.5,205.5,2.4,33.5,20.6,51.5,10.5,62.0,30.6,41.0,521.5,279.6,80.5,199.1,123.0,84.3,38.7,364.9,233.8,131.1,36.1
124,1013600,2009JJ00,1048,44775,25535,64885,14558,79443,36546.0,51103.0,666073,354259,101174,253084,163605,111563,52042,475419,295866,179553,1.3,53.7,30.6,77.7,17.4,95.2,43.8,61.2,798.1,424.5,121.2,303.3,196.0,133.7,62.4,569.7,354.5,215.1,0.8,34.2,19.5,49.5,11.1,60.7,27.9,39.0,508.6,270.5,77.2,193.2,124.9,85.2,39.7,363.0,225.9,137.1,38.2
125,1013600,2010JJ00,684,44582,27367,66619,15328,81946,41443.0,56770.0,695429,388009,116449,271560,176452,119339,57113,483871,303868,180003,0.8,51.5,31.6,77.0,17.7,94.7,47.9,65.6,803.9,448.5,134.6,313.9,204.0,137.9,66.0,559.3,351.2,208.1,0.5,32.8,20.1,49.0,11.3,60.3,30.5,41.8,512.0,285.7,85.7,199.9,129.9,87.9,42.0,356.2,223.7,132.5,33.0
126,1013600,2011JJ00,1016,46286,29591,68545,15646,84191,43106.0,58753.0,686293,382095,131213,250882,175400,124689,50711,479598,296767,182831,1.1,52.2,33.4,77.3,17.6,95.0,48.6,66.3,774.0,430.9,148.0,283.0,197.8,140.6,57.2,540.9,334.7,206.2,0.7,33.2,21.2,49.1,11.2,60.3,30.9,42.1,491.7,273.8,94.0,179.7,125.7,89.3,36.3,343.6,212.6,131.0,32.9
127,1013600,2012JJ00,329,46403,30964,69276,16320,85596,43785.0,60106.0,684623,394205,149163,245041,183543,128384,55159,473961,285253,188708,0.4,50.5,33.7,75.4,17.8,93.2,47.7,65.4,745.2,429.1,162.4,266.7,199.8,139.7,60.0,515.9,310.5,205.4,0.2,32.2,21.5,48.1,11.3,59.4,30.4,41.7,475.2,273.6,103.5,170.1,127.4,89.1,38.3,329.0,198.0,131.0,32.9
128,1013600,2013JJ00,596,47279,31251,67964,15529,83492,42742.0,58271.0,644962,375384,146023,229361,179727,125361,54366,449305,259857,189448,0.6,51.0,33.7,73.3,16.8,90.1,46.1,62.9,695.8,404.9,157.5,247.4,193.9,135.2,58.6,484.7,280.3,204.4,0.4,32.6,21.6,46.9,10.7,57.6,29.5,40.2,445.2,259.1,100.8,158.3,124.1,86.5,37.5,310.1,179.4,130.8,33.5
129,1013600,2014JJ00,987,49374,33856,70431,16036,86467,44527.0,60562.0,698313,422027,182655,239372,197204,132587,64617,473490,281381,192109,1.0,51.4,35.2,73.3,16.7,90.0,46.4,63.1,727.0,439.4,190.2,249.2,205.3,138.0,67.3,493.0,292.9,200.0,0.7,32.9,22.6,46.9,10.7,57.6,29.7,40.3,465.3,281.2,121.7,159.5,131.4,88.3,43.1,315.5,187.5,128.0,33.1
130,1013400,2005JJ00,4827,5075,236712,143874,42678,186552,149083.0,191762.0,921602,639827,271692,368136,452146,385831,66314,733921,729761,4159,1.3,1.3,61.4,37.3,11.1,48.4,38.6,49.7,238.9,165.9,70.4,95.4,117.2,100.0,17.2,190.3,189.2,1.1,0.8,0.9,41.2,25.1,7.4,32.5,26.0,33.4,160.5,111.4,47.3,64.1,78.7,67.2,11.5,127.8,127.1,0.7,13.1
131,1013400,2006JJ00,7167,5284,244439,147692,49089,196780,154461.0,203549.0,956316,656984,268839,388145,476469,406754,69715,775801,775818,-17,1.8,1.4,62.6,37.8,12.6,50.4,39.6,52.2,245.0,168.3,68.9,99.4,122.1,104.2,17.9,198.8,198.8,0.0,1.2,0.9,42.2,25.5,8.5,34.0,26.7,35.1,165.0,113.4,46.4,67.0,82.2,70.2,12.0,133.9,133.9,0.0,10.7
132,1013400,2007JJ00,9279,5224,254863,151325,51703,203028,162226.0,213929.0,904910,602898,268780,334118,492579,431777,60802,794591,794787,-195,2.4,1.3,64.6,38.4,13.1,51.5,41.1,54.2,229.3,152.8,68.1,84.7,124.8,109.4,15.4,201.4,201.4,0.0,1.6,0.9,43.7,26.0,8.9,34.8,27.8,36.7,155.2,103.4,46.1,57.3,84.5,74.1,10.4,136.3,136.3,0.0,9.3
133,1013400,2008JJ00,9690,5363,268042,155864,55902,211766,165656.0,221558.0,1008629,693394,317425,375969,521583,447950,73633,836818,836883,-64,2.4,1.3,67.0,39.0,14.0,53.0,41.4,55.4,252.3,173.4,79.4,94.0,130.5,112.1,18.4,209.3,209.3,0.0,1.6,0.9,45.6,26.5,9.5,36.0,28.2,37.7,171.6,118.0,54.0,64.0,88.7,76.2,12.5,142.4,142.4,0.0,10.5
134,1013400,2009JJ00,2992,5438,274289,162090,59423,221513,159301.0,218724.0,994718,722561,340455,382107,544711,467424,77287,816868,816868,0,0.7,1.4,68.7,40.6,14.9,55.5,39.9,54.8,249.1,180.9,85.2,95.7,136.4,117.0,19.4,204.5,204.5,0.0,0.5,0.9,46.6,27.6,10.1,37.7,27.1,37.2,169.1,122.8,57.9,65.0,92.6,79.5,13.1,138.9,138.9,0.0,15.8
135,1013400,2010JJ00,1646,5294,272052,160257,59865,220122,157673.0,217538.0,972050,736579,369380,367199,545317,470279,75038,780788,780788,0,0.4,1.3,68.9,40.6,15.2,55.7,39.9,55.1,246.1,186.5,93.5,93.0,138.0,119.0,19.0,197.6,197.6,0.0,0.3,0.9,46.8,27.6,10.3,37.9,27.1,37.4,167.2,126.7,63.6,63.2,93.8,80.9,12.9,134.3,134.3,0.0,14.7
136,1013400,2011JJ00,2628,5280,277071,161987,59173,221159,159739.0,218911.0,985057,763941,409260,354681,535697,473644,62053,756812,756812,0,0.7,1.3,70.3,41.1,15.0,56.1,40.5,55.5,249.8,193.8,103.8,90.0,135.9,120.1,15.7,192.0,192.0,0.0,0.5,0.9,47.9,28.0,10.2,38.2,27.6,37.9,170.4,132.1,70.8,61.3,92.6,81.9,10.7,130.9,130.9,0.0,15.0
137,1013400,2012JJ00,581,4853,280501,161162,59327,220489,157449.0,216775.0,926730,769916,432319,337597,537544,469903,67642,694359,694359,0,0.1,1.2,71.2,40.9,15.1,56.0,40.0,55.1,235.4,195.6,109.8,85.7,136.5,119.4,17.2,176.4,176.4,0.0,0.1,0.8,48.7,28.0,10.3,38.3,27.3,37.7,161.0,133.7,75.1,58.6,93.4,81.6,11.7,120.6,120.6,0.0,16.5
138,1013400,2013JJ00,1428,4941,281857,163715,54748,218462,157913.0,212660.0,887841,765445,413616,351828,525359,452662,72697,647755,647755,0,0.4,1.3,72.6,42.2,14.1,56.3,40.7,54.8,228.7,197.2,106.5,90.6,135.3,116.6,18.7,166.8,166.8,0.0,0.3,0.9,49.6,28.8,9.6,38.5,27.8,37.4,156.3,134.7,72.8,61.9,92.5,79.7,12.8,114.0,114.0,0.0,18.0
139,1013400,2014JJ00,2599,4864,282237,167074,54178,221252,157495.0,211673.0,959887,821127,495708,325418,512648,439216,73432,651408,651095,313,0.7,1.3,73.2,43.3,14.1,57.4,40.9,54.9,249.1,213.0,128.6,84.4,133.0,114.0,19.1,169.0,168.9,0.1,0.5,0.9,50.2,29.7,9.6,39.3,28.0,37.6,170.7,146.0,88.1,57.9,91.2,78.1,13.1,115.8,115.8,0.1,18.7
140,1013850,2005JJ00,1557,1192,2629,43325,21389,64714,51271.0,72660.0,557102,372504,210083,162421,54859,34883,19976,239457,238726,731,0.9,0.7,1.4,23.7,11.7,35.4,28.1,39.8,305.1,204.0,115.1,89.0,30.0,19.1,10.9,131.1,130.7,0.4,0.7,0.5,1.2,20.0,9.9,29.8,23.6,33.5,256.9,171.8,96.9,74.9,25.3,16.1,9.2,110.4,110.1,0.3,-48.5
141,1013850,2006JJ00,2426,1242,2805,47569,25346,72915,53682.0,79028.0,591545,384550,214217,170333,55265,38469,16797,262260,261639,621,1.3,0.7,1.5,25.6,13.6,39.2,28.9,42.5,318.0,206.7,115.2,91.6,29.7,20.7,9.0,141.0,140.7,0.3,1.1,0.6,1.3,21.5,11.5,33.0,24.3,35.8,267.7,174.0,97.0,77.1,25.0,17.4,7.6,118.7,118.4,0.3,-44.4
142,1013850,2007JJ00,3322,1212,2951,50272,25804,76076,54769.0,80574.0,583168,356348,197251,159098,55712,40351,15361,282533,282310,223,1.8,0.7,1.6,27.0,13.8,40.8,29.4,43.2,312.9,191.2,105.8,85.4,29.9,21.7,8.2,151.6,151.5,0.1,1.5,0.5,1.3,22.7,11.7,34.4,24.7,36.4,263.4,161.0,89.1,71.9,25.2,18.2,6.9,127.6,127.5,0.1,-42.6
143,1013850,2008JJ00,3513,1264,3289,52733,26789,79522,58205.0,84994.0,668588,429760,253240,176520,62925,44137,18788,301753,301510,244,1.9,0.7,1.8,28.1,14.3,42.4,31.0,45.3,356.4,229.1,135.0,94.1,33.5,23.5,10.0,160.8,160.7,0.1,1.6,0.6,1.5,23.7,12.0,35.7,26.1,38.1,300.1,192.9,113.7,79.2,28.2,19.8,8.4,135.4,135.3,0.1,-38.8
144,1013850,2009JJ00,1156,1298,3351,49781,29171,78952,58149.0,87319.0,683106,444445,257393,187051,71950,48324,23626,310612,310612,0,0.6,0.7,1.7,25.9,15.2,41.1,30.3,45.5,355.6,231.4,134.0,97.4,37.5,25.2,12.3,161.7,161.7,0.0,0.5,0.6,1.5,21.8,12.8,34.6,25.5,38.3,299.3,194.7,112.8,82.0,31.5,21.2,10.4,136.1,136.1,0.0,-44.7
145,1013850,2010JJ00,680,1272,3647,50300,30718,81018,57354.0,88072.0,738048,500315,300975,199341,78568,53080,25488,316301,316301,0,0.3,0.6,1.9,25.6,15.7,41.3,29.2,44.9,376.2,255.0,153.4,101.6,40.0,27.1,13.0,161.2,161.2,0.0,0.3,0.5,1.6,21.5,13.2,34.7,24.6,37.7,316.1,214.3,128.9,85.4,33.6,22.7,10.9,135.5,135.5,0.0,-43.9
146,1013850,2011JJ00,1105,1262,3604,53471,31742,85213,58955.0,90697.0,814128,584225,375757,208468,89602,55861,33741,319505,319505,0,0.6,0.6,1.8,26.9,16.0,42.9,29.7,45.6,409.6,293.9,189.0,104.9,45.1,28.1,17.0,160.7,160.7,0.0,0.5,0.5,1.5,22.6,13.4,36.0,24.9,38.4,344.4,247.1,158.9,88.2,37.9,23.6,14.3,135.1,135.1,0.0,-39.3
147,1013850,2012JJ00,255,1242,3510,55108,33446,88554,64267.0,97713.0,880604,657949,421746,236204,83789,58322,25468,306444,306444,0,0.1,0.6,1.7,27.3,16.6,43.9,31.9,48.5,437.0,326.5,209.3,117.2,41.6,28.9,12.6,152.1,152.1,0.0,0.1,0.5,1.5,23.0,14.0,36.9,26.8,40.8,367.3,274.4,175.9,98.5,34.9,24.3,10.6,127.8,127.8,0.0,-42.0
148,1013850,2013JJ00,657,1236,3570,55373,37497,92870,66947.0,104444.0,859416,647886,414102,233783,86415,59313,27102,297945,297945,0,0.3,0.6,1.8,27.2,18.4,45.5,32.8,51.2,421.4,317.7,203.1,114.6,42.4,29.1,13.3,146.1,146.1,0.0,0.3,0.5,1.5,22.8,15.5,38.3,27.6,43.1,354.3,267.1,170.7,96.4,35.6,24.5,11.2,122.8,122.8,0.0,-43.9
149,1013850,2014JJ00,1036,1265,3924,55921,38366,94287,67835.0,106201.0,984757,776624,505161,271464,86371,61460,24911,294503,294489,15,0.5,0.6,1.9,27.1,18.6,45.8,32.9,51.5,477.9,376.9,245.1,131.7,41.9,29.8,12.1,142.9,142.9,0.0,0.4,0.5,1.6,22.8,15.6,38.4,27.7,43.3,401.6,316.7,206.0,110.7,35.2,25.1,10.2,120.1,120.1,0.0,-42.2
150,1014050,2005JJ00,245,435,2525,21709,7962,29670,,,80626,57163,31865,25298,16329,11226,5103,39792,39563,229,0.3,0.5,2.9,24.6,9.0,33.6,,,91.3,64.8,36.1,28.7,18.5,12.7,5.8,45.1,44.8,0.3,0.2,0.4,2.3,19.6,7.2,26.8,,,73.0,51.7,28.8,22.9,14.8,10.2,4.6,36.0,35.8,0.2,
151,1014050,2006JJ00,347,402,2448,20533,8676,29209,,,74355,53051,27985,25066,16952,11836,5117,38256,38310,-54,0.4,0.5,2.9,24.3,10.3,34.5,,,87.9,62.7,33.1,29.6,20.1,14.0,6.1,45.2,45.3,-0.1,0.3,0.4,2.3,19.6,8.3,27.9,,,71.0,50.6,26.7,23.9,16.2,11.3,4.9,36.5,36.6,-0.1,
152,1014050,2007JJ00,419,357,2353,20434,8413,28847,,,66303,46385,26633,19752,16576,11012,5564,36494,36509,-15,0.5,0.4,2.9,25.6,10.5,36.1,,,83.1,58.1,33.4,24.7,20.8,13.8,7.0,45.7,45.7,0.0,0.4,0.4,2.4,20.9,8.6,29.5,,,67.8,47.5,27.2,20.2,17.0,11.3,5.7,37.3,37.4,0.0,
153,1014050,2008JJ00,363,332,2273,19957,8286,28243,,,63905,47528,29583,17944,15035,9161,5873,31412,31590,-177,0.5,0.4,3.0,26.6,11.1,37.7,,,85.3,63.5,39.5,24.0,20.1,12.2,7.8,41.9,42.2,-0.2,0.4,0.4,2.5,21.9,9.1,31.0,,,70.2,52.2,32.5,19.7,16.5,10.1,6.4,34.5,34.7,-0.2,
154,1014050,2009JJ00,95,345,2829,21512,9347,30858,,,63357,48619,31328,17291,16648,10733,5915,31387,31387,0,0.1,0.4,3.5,26.6,11.6,38.2,,,78.4,60.2,38.8,21.4,20.6,13.3,7.3,38.9,38.9,0.0,0.1,0.4,2.9,22.0,9.6,31.6,,,64.8,49.7,32.1,17.7,17.0,11.0,6.1,32.1,32.1,0.0,
155,1014050,2010JJ00,50,353,2972,22497,10260,32757,,,67426,54105,34317,19788,18905,12386,6519,32226,32226,0,0.1,0.4,3.5,26.4,12.0,38.5,,,79.2,63.5,40.3,23.2,22.2,14.5,7.7,37.8,37.8,0.0,0.0,0.3,2.9,21.8,9.9,31.7,,,65.2,52.3,33.2,19.1,18.3,12.0,6.3,31.2,31.2,0.0,
156,1014050,2011JJ00,97,357,3030,22670,10581,33251,,,70666,58678,38616,20062,18987,12259,6728,30974,30974,0,0.1,0.4,3.4,25.7,12.0,37.8,,,80.3,66.6,43.9,22.8,21.6,13.9,7.6,35.2,35.2,0.0,0.1,0.3,2.8,21.2,9.9,31.2,,,66.2,55.0,36.2,18.8,17.8,11.5,6.3,29.0,29.0,0.0,
157,1014050,2012JJ00,14,336,3054,22563,10821,33384,,,76549,66365,41028,25337,19596,13455,6141,29780,29780,0,0.0,0.4,3.4,25.4,12.2,37.6,,,86.3,74.8,46.3,28.6,22.1,15.2,6.9,33.6,33.6,0.0,0.0,0.3,2.8,20.9,10.0,30.9,,,70.9,61.5,38.0,23.5,18.2,12.5,5.7,27.6,27.6,0.0,
158,1014050,2013JJ00,59,367,3321,24520,11304,35824,,,81688,71853,43239,28614,22307,15137,7169,32141,32141,0,0.1,0.4,3.4,25.4,11.7,37.2,,,84.8,74.6,44.9,29.7,23.2,15.7,7.4,33.4,33.4,0.0,0.1,0.3,2.8,20.9,9.6,30.5,,,69.6,61.2,36.8,24.4,19.0,12.9,6.1,27.4,27.4,0.0,
159,1014050,2014JJ00,110,375,3268,24710,12009,36720,,,97027,87203,54157,33047,23186,16668,6518,33010,32993,17,0.1,0.4,3.3,24.7,12.0,36.7,,,97.1,87.2,54.2,33.1,23.2,16.7,6.5,33.0,33.0,0.0,0.1,0.3,2.7,20.3,9.9,30.1,,,79.7,71.6,44.5,27.1,19.0,13.7,5.4,27.1,27.1,0.0,
160,1012101,2005JJ00,949,5961,56017,41051,11651,52702,45341.0,56992.0,163597,127919,63871,64048,123259,111355,11904,158937,143499,15439,0.6,4.0,37.1,27.2,7.7,34.9,30.1,37.8,108.5,84.8,42.4,42.5,81.7,73.8,7.9,105.4,95.1,10.2,0.5,3.1,28.7,21.0,6.0,27.0,23.2,29.2,83.9,65.6,32.8,32.8,63.2,57.1,6.1,81.5,73.6,7.9,5.7
161,1012101,2006JJ00,1369,6142,56289,40653,13069,53723,46888.0,59957.0,154774,123516,62476,61040,130435,117045,13389,161692,149079,12613,0.9,4.1,37.9,27.4,8.8,36.2,31.6,40.4,104.3,83.2,42.1,41.1,87.9,78.9,9.0,108.9,100.4,8.5,0.7,3.2,29.5,21.3,6.8,28.1,24.5,31.4,81.0,64.6,32.7,31.9,68.2,61.2,7.0,84.6,78.0,6.6,1.3
162,1012101,2007JJ00,1788,5885,58182,40668,13889,54558,47054.0,60943.0,152099,120603,63186,57418,134149,121225,12924,165645,152854,12791,1.2,4.0,39.4,27.5,9.4,36.9,31.8,41.2,102.9,81.6,42.8,38.9,90.8,82.0,8.7,112.1,103.4,8.7,0.9,3.1,30.8,21.5,7.3,28.8,24.9,32.2,80.4,63.8,33.4,30.4,70.9,64.1,6.8,87.6,80.8,6.8,1.6
163,1012101,2008JJ00,1801,6375,60854,40729,15110,55839,48926.0,64036.0,160152,132282,72649,59633,140459,125108,15351,168329,154799,13530,1.2,4.3,40.9,27.4,10.2,37.6,32.9,43.1,107.8,89.0,48.9,40.1,94.5,84.2,10.3,113.3,104.2,9.1,0.9,3.4,32.1,21.5,8.0,29.4,25.8,33.7,84.4,69.7,38.3,31.4,74.0,65.9,8.1,88.7,81.5,7.1,-0.3
164,1012101,2009JJ00,486,6529,60242,44498,15986,60484,47147.0,63133.0,154370,136323,75340,60983,139835,123514,16321,157883,145002,12880,0.3,4.4,40.5,29.9,10.7,40.6,31.7,42.4,103.7,91.6,50.6,41.0,93.9,83.0,11.0,106.0,97.4,8.7,0.3,3.4,31.7,23.4,8.4,31.8,24.8,33.2,81.2,71.7,39.6,32.1,73.5,64.9,8.6,83.0,76.2,6.8,8.2
165,1012101,2010JJ00,225,6187,58506,43235,16434,59669,47096.0,63529.0,140169,130118,82595,47523,135431,119472,15958,145482,134201,11282,0.1,4.1,39.0,28.9,11.0,39.8,31.4,42.4,93.6,86.8,55.1,31.7,90.4,79.7,10.7,97.1,89.6,7.5,0.1,3.2,30.7,22.7,8.6,31.3,24.7,33.4,73.6,68.3,43.4,25.0,71.1,62.7,8.4,76.4,70.5,5.9,5.4
166,1012101,2011JJ00,419,6038,59113,43389,16223,59612,48299.0,64522.0,145035,137727,91402,46325,131934,116180,15754,139243,128728,10515,0.3,4.0,39.1,28.7,10.7,39.4,31.9,42.6,95.8,91.0,60.4,30.6,87.2,76.8,10.4,92.0,85.0,6.9,0.2,3.1,30.8,22.6,8.5,31.1,25.2,33.6,75.6,71.8,47.6,24.1,68.8,60.6,8.2,72.6,67.1,5.5,4.3
167,1012101,2012JJ00,65,5915,59476,43633,16588,60221,44376.0,60964.0,140036,144474,95954,48519,128665,110668,17997,124227,113875,10353,0.0,3.9,39.1,28.7,10.9,39.6,29.2,40.1,92.1,95.0,63.1,31.9,84.6,72.8,11.8,81.7,74.9,6.8,0.0,3.1,30.9,22.6,8.6,31.2,23.0,31.6,72.6,74.9,49.8,25.2,66.7,57.4,9.3,64.4,59.1,5.4,11.0
168,1012101,2013JJ00,214,5844,57956,46700,15496,62197,43362.0,58859.0,137325,141726,91929,49797,119444,100637,18807,115043,103951,11092,0.1,3.9,38.2,30.8,10.2,41.0,28.6,38.8,90.5,93.4,60.6,32.8,78.7,66.3,12.4,75.8,68.5,7.3,0.1,3.0,30.1,24.2,8.0,32.3,22.5,30.5,71.2,73.5,47.7,25.8,62.0,52.2,9.8,59.7,53.9,5.8,16.6
169,1012101,2014JJ00,454,6154,58024,46773,15709,62482,43939.0,59648.0,163299,163508,111408,52100,118465,96187,22278,118255,107343,10912,0.3,4.0,37.9,30.5,10.2,40.8,28.7,38.9,106.5,106.7,72.7,34.0,77.3,62.8,14.5,77.2,70.0,7.1,0.2,3.2,29.9,24.1,8.1,32.2,22.7,30.8,84.2,84.3,57.4,26.9,61.1,49.6,11.5,61.0,55.3,5.6,15.6
170,1012151,2005JJ00,2965,22240,120798,97564,32979,130543,91013.0,123991.0,580363,356536,122219,234317,285298,245578,39719,509125,450854,58271,1.3,9.8,53.4,43.1,14.6,57.7,40.2,54.8,256.4,157.5,54.0,103.5,126.0,108.5,17.5,224.9,199.2,25.7,0.8,6.2,33.5,27.0,9.1,36.2,25.2,34.4,160.9,98.8,33.9,64.9,79.1,68.1,11.0,141.1,125.0,16.2,16.3
171,1012151,2006JJ00,4431,23195,125455,99771,36961,136733,94207.0,131169.0,606213,367283,118192,249091,299536,260445,39091,538465,478103,60363,2.0,10.2,55.3,44.0,16.3,60.3,41.5,57.8,267.3,162.0,52.1,109.8,132.1,114.8,17.2,237.4,210.8,26.6,1.2,6.4,34.8,27.7,10.2,37.9,26.1,36.4,168.0,101.8,32.8,69.0,83.0,72.2,10.8,149.3,132.5,16.7,14.1
172,1012151,2007JJ00,5808,24142,131220,102704,38543,141247,97278.0,135820.0,616589,365821,116954,248866,318126,276229,41898,568895,503588,65307,2.6,10.7,58.0,45.4,17.0,62.5,43.0,60.1,272.7,161.8,51.7,110.1,140.7,122.2,18.5,251.6,222.7,28.9,1.6,6.7,36.5,28.6,10.7,39.3,27.1,37.8,171.6,101.8,32.6,69.3,88.6,76.9,11.7,158.4,140.2,18.2,14.1
173,1012151,2008JJ00,5991,24108,135822,103685,40894,144578,97209.0,138102.0,627842,379265,133438,245827,342947,294118,48829,591525,522260,69265,2.7,10.7,60.3,46.1,18.2,64.2,43.2,61.4,278.9,168.5,59.3,109.2,152.4,130.7,21.7,262.8,232.0,30.8,1.7,6.8,38.1,29.1,11.5,40.6,27.3,38.8,176.2,106.5,37.5,69.0,96.3,82.6,13.7,166.0,146.6,19.4,15.0
174,1012151,2009JJ00,1847,23164,136185,105763,42923,148686,91368.0,134291.0,592433,381367,136339,245028,354442,303961,50481,565508,500762,64746,0.8,10.4,60.9,47.3,19.2,66.5,40.8,60.0,264.8,170.5,60.9,109.5,158.4,135.9,22.6,252.8,223.8,28.9,0.5,6.6,38.6,29.9,12.2,42.1,25.9,38.0,167.7,108.0,38.6,69.4,100.3,86.1,14.3,160.1,141.8,18.3,19.7
175,1012151,2010JJ00,1046,23528,134811,105777,43045,148822,93575.0,136619.0,577968,386140,142973,243167,358224,309335,48889,550052,483017,67036,0.5,10.6,61.0,47.9,19.5,67.3,42.3,61.8,261.5,174.7,64.7,110.0,162.1,140.0,22.1,248.9,218.5,30.3,0.3,6.7,38.6,30.3,12.3,42.7,26.8,39.2,165.7,110.7,41.0,69.7,102.7,88.7,14.0,157.7,138.5,19.2,17.6
176,1012151,2011JJ00,1627,23505,136465,106177,41850,148027,93894.0,135744.0,562850,383472,154641,228830,348470,312791,35679,527849,462453,65396,0.7,10.8,62.5,48.6,19.2,67.8,43.0,62.2,257.8,175.6,70.8,104.8,159.6,143.2,16.3,241.7,211.8,29.9,0.5,6.8,39.7,30.9,12.2,43.1,27.3,39.5,163.8,111.6,45.0,66.6,101.4,91.0,10.4,153.6,134.6,19.0,18.1
177,1012151,2012JJ00,391,23060,136508,104766,41579,146346,87159.0,128738.0,506096,364569,154622,209947,349966,312324,37642,491493,423854,67639,0.2,10.7,63.4,48.7,19.3,68.0,40.5,59.8,235.1,169.4,71.8,97.5,162.6,145.1,17.5,228.3,196.9,31.4,0.1,6.8,40.4,31.0,12.3,43.3,25.8,38.1,149.6,107.8,45.7,62.1,103.5,92.3,11.1,145.3,125.3,20.0,21.9
178,1012151,2013JJ00,862,22737,135073,103335,37273,140608,87724.0,124997.0,467580,353183,146224,206959,332903,297662,35240,447299,384413,62887,0.4,10.7,63.7,48.7,17.6,66.3,41.4,58.9,220.5,166.5,68.9,97.6,157.0,140.3,16.6,210.9,181.2,29.6,0.3,6.8,40.7,31.1,11.2,42.3,26.4,37.6,140.8,106.3,44.0,62.3,100.2,89.6,10.6,134.6,115.7,18.9,21.8
179,1012151,2014JJ00,1538,23272,133662,104187,36696,140882,86830.0,123525.0,470412,354451,172844,181607,330860,290268,40592,446821,385753,61067,0.7,11.1,64.0,49.9,17.6,67.4,41.6,59.1,225.2,169.7,82.7,86.9,158.4,138.9,19.4,213.9,184.7,29.2,0.5,7.1,40.9,31.9,11.2,43.1,26.6,37.8,144.0,108.5,52.9,55.6,101.2,88.8,12.4,136.7,118.0,18.7,22.2
180,1012301,2005JJ00,2651,16462,81767,83431,15921,99352,76600.0,92521.0,805906,514295,220372,293923,187693,127308,60385,479304,420904,58400,1.4,8.8,43.6,44.5,8.5,53.0,40.8,49.3,429.8,274.3,117.5,156.7,100.1,67.9,32.2,255.6,224.5,31.1,1.0,6.2,30.8,31.4,6.0,37.4,28.8,34.8,303.2,193.5,82.9,110.6,70.6,47.9,22.7,180.3,158.3,22.0,12.0
181,1012301,2006JJ00,4009,17096,86102,87411,19336,106747,76226.0,95562.0,837492,521584,218316,303269,199235,142039,57196,515142,454409,60734,2.1,8.9,44.9,45.6,10.1,55.7,39.8,49.9,437.1,272.2,113.9,158.3,104.0,74.1,29.9,268.9,237.2,31.7,1.5,6.3,31.8,32.3,7.1,39.4,28.1,35.3,309.1,192.5,80.6,111.9,73.5,52.4,21.1,190.2,167.7,22.4,13.4
182,1012301,2007JJ00,5368,17625,92364,93534,20423,113956,80838.0,101261.0,866872,533295,219893,313403,215382,156587,58795,548959,484632,64326,2.7,9.0,47.3,47.9,10.5,58.4,41.4,51.9,444.1,273.2,112.6,160.5,110.3,80.2,30.1,281.2,248.3,33.0,1.9,6.4,33.5,33.9,7.4,41.3,29.3,36.7,314.1,193.2,79.7,113.5,78.0,56.7,21.3,198.9,175.6,23.3,14.6
183,1012301,2008JJ00,5567,17944,99584,97215,22316,119531,84751.0,107067.0,940173,580526,264215,316310,219602,159588,60014,579250,503738,75511,2.8,9.1,50.3,49.1,11.3,60.4,42.8,54.1,475.0,293.3,133.5,159.8,110.9,80.6,30.3,292.6,254.5,38.1,2.0,6.4,35.6,34.7,8.0,42.7,30.3,38.3,335.9,207.4,94.4,113.0,78.5,57.0,21.4,207.0,180.0,27.0,15.5
184,1012301,2009JJ00,1813,18479,104205,95613,24537,120150,82163.0,106700.0,930568,587540,279689,307851,232135,169765,62370,575163,498895,76268,0.9,9.1,51.6,47.3,12.1,59.5,40.7,52.8,460.6,290.8,138.4,152.4,114.9,84.0,30.9,284.7,246.9,37.8,0.6,6.5,36.4,33.4,8.6,42.0,28.7,37.3,325.5,205.5,97.8,107.7,81.2,59.4,21.8,201.2,174.5,26.7,17.4
185,1012301,2010JJ00,1089,17792,106917,96794,26043,122837,82326.0,108369.0,958466,633268,310608,322661,245312,180555,64757,570510,496797,73713,0.5,8.6,51.8,46.9,12.6,59.5,39.9,52.5,464.1,306.6,150.4,156.2,118.8,87.4,31.4,276.2,240.6,35.7,0.4,6.1,36.5,33.1,8.9,42.0,28.1,37.0,327.4,216.3,106.1,110.2,83.8,61.7,22.1,194.9,169.7,25.2,17.0
186,1012301,2011JJ00,1659,19109,111005,98742,27009,125751,83914.0,110922.0,961887,650519,341100,309419,243632,184813,58819,555000,478361,76639,0.8,9.2,53.6,47.7,13.0,60.7,40.5,53.6,464.5,314.1,164.7,149.4,117.6,89.2,28.4,268.0,231.0,37.0,0.6,6.5,37.8,33.6,9.2,42.8,28.5,37.7,327.1,221.2,116.0,105.2,82.9,62.9,20.0,188.8,162.7,26.1,18.1
187,1012301,2012JJ00,423,18947,115156,97726,27539,125265,90606.0,118145.0,926693,654038,362099,291938,251973,189372,62601,524628,446282,78346,0.2,9.1,55.2,46.8,13.2,60.0,43.4,56.6,444.2,313.5,173.6,139.9,120.8,90.8,30.0,251.5,213.9,37.6,0.1,6.4,38.9,33.0,9.3,42.3,30.6,39.9,312.7,220.7,122.2,98.5,85.0,63.9,21.1,177.0,150.6,26.4,14.3
188,1012301,2013JJ00,944,19791,120018,98961,27603,126564,89636.0,117239.0,897005,652443,352513,299929,261696,193238,68458,506258,424580,81678,0.4,9.4,56.7,46.8,13.0,59.8,42.4,55.4,423.9,308.3,166.6,141.7,123.7,91.3,32.4,239.3,200.7,38.6,0.3,6.6,39.9,32.9,9.2,42.1,29.8,39.0,298.2,216.9,117.2,99.7,87.0,64.2,22.8,168.3,141.1,27.2,17.1
189,1012301,2014JJ00,1615,20760,124179,103555,28270,131824,90897.0,119167.0,983721,726458,427773,298685,261629,196817,64812,518891,432850,86041,0.8,9.7,58.0,48.4,13.2,61.6,42.5,55.7,459.8,339.5,199.9,139.6,122.3,92.0,30.3,242.5,202.3,40.2,0.5,6.8,40.8,34.0,9.3,43.3,29.8,39.1,322.9,238.5,140.4,98.0,85.9,64.6,21.3,170.3,142.1,28.2,18.7
190,1012000,2005JJ00,1454,2937,4243,44518,21250,65767,44982.0,66231.0,577842,385710,187466,198244,50352,26629,23723,242484,228780,13705,0.9,1.7,2.5,26.5,12.6,39.1,26.7,39.4,343.4,229.2,111.4,117.8,29.9,15.8,14.1,144.1,136.0,8.1,0.7,1.5,2.1,22.3,10.6,32.9,22.5,33.1,288.9,192.8,93.7,99.1,25.2,13.3,11.9,121.2,114.4,6.9,-18.8
191,1012000,2006JJ00,2216,3513,4136,49363,24996,74358,46414.0,71410.0,615043,400430,193838,206592,50449,28612,21838,265062,248332,16730,1.3,2.1,2.4,28.9,14.6,43.5,27.2,41.8,360.1,234.5,113.5,121.0,29.5,16.8,12.8,155.2,145.4,9.8,1.1,1.7,2.0,24.3,12.3,36.6,22.8,35.1,302.6,197.0,95.4,101.7,24.8,14.1,10.7,130.4,122.2,8.2,-14.1
192,1012000,2007JJ00,3149,3530,4448,52107,25609,77716,49710.0,75318.0,635906,392339,180812,211527,53169,30927,22242,296736,277761,18975,1.8,2.0,2.6,30.1,14.8,44.9,28.7,43.5,367.1,226.5,104.4,122.1,30.7,17.9,12.8,171.3,160.4,11.0,1.5,1.7,2.2,25.3,12.4,37.7,24.1,36.5,308.6,190.4,87.7,102.6,25.8,15.0,10.8,144.0,134.8,9.2,-17.0
193,1012000,2008JJ00,3403,3769,5197,56457,26787,83244,52376.0,79163.0,717202,456225,238639,217586,62671,36311,26360,323649,304940,18708,1.9,2.1,2.9,31.9,15.2,47.1,29.6,44.8,405.7,258.1,135.0,123.1,35.5,20.5,14.9,183.1,172.5,10.6,1.6,1.8,2.5,26.8,12.7,39.5,24.8,37.6,340.2,216.4,113.2,103.2,29.7,17.2,12.5,153.5,144.7,8.9,-11.7
194,1012000,2009JJ00,1146,3684,5374,52394,29052,81446,53640.0,82692.0,729883,464654,238982,225672,70503,40805,29698,335731,310073,25658,0.6,2.0,3.0,28.9,16.0,45.0,29.6,45.7,403.1,256.6,132.0,124.6,38.9,22.5,16.4,185.4,171.2,14.2,0.5,1.7,2.5,24.3,13.5,37.7,24.9,38.3,338.2,215.3,110.7,104.6,32.7,18.9,13.8,155.5,143.7,11.9,-20.5
195,1012000,2010JJ00,702,3993,5804,53866,30649,84515,54198.0,84847.0,796349,529483,284945,244538,80276,45723,34554,347141,319169,27972,0.4,2.2,3.1,29.0,16.5,45.6,29.2,45.7,429.2,285.4,153.6,131.8,43.3,24.6,18.6,187.1,172.0,15.1,0.3,1.8,2.6,24.3,13.8,38.1,24.4,38.2,358.8,238.5,128.4,110.2,36.2,20.6,15.6,156.4,143.8,12.6,-20.3
196,1012000,2011JJ00,1141,4533,6712,58364,32060,90424,57350.0,89410.0,886370,617222,367703,249519,95650,52669,42981,364798,334517,30281,0.6,2.3,3.5,30.3,16.6,46.9,29.7,46.3,459.4,319.9,190.6,129.3,49.6,27.3,22.3,189.1,173.4,15.7,0.5,2.0,2.9,25.2,13.9,39.1,24.8,38.6,383.0,266.7,158.9,107.8,41.3,22.8,18.6,157.6,144.6,13.1,-18.7
197,1012000,2012JJ00,300,4911,6889,61984,34208,96192,62124.0,96332.0,995681,725355,431580,293774,93868,57699,36168,364194,331824,32371,0.2,2.5,3.4,31.0,17.1,48.1,31.1,48.2,498.1,362.9,215.9,147.0,47.0,28.9,18.1,182.2,166.0,16.2,0.1,2.0,2.9,25.8,14.2,40.1,25.9,40.1,414.7,302.1,179.8,122.4,39.1,24.0,15.1,151.7,138.2,13.5,-19.4
198,1012000,2013JJ00,721,5450,6951,62576,38704,101280,67364.0,106068.0,971997,713216,426314,286902,99765,60936,38829,358546,324755,33791,0.4,2.6,3.4,30.4,18.8,49.2,32.7,51.6,472.4,346.7,207.2,139.5,48.5,29.6,18.9,174.3,157.8,16.4,0.3,2.2,2.8,25.3,15.7,41.0,27.3,42.9,393.2,288.5,172.5,116.1,40.4,24.7,15.7,145.1,131.4,13.7,-25.9
199,1012000,2014JJ00,1125,5693,7420,63623,39914,103538,69361.0,109276.0,1122553,862564,525654,336910,108456,66659,41797,368445,334011,34434,0.5,2.7,3.5,30.1,18.9,49.0,32.8,51.7,531.1,408.1,248.7,159.4,51.3,31.5,19.8,174.3,158.0,16.3,0.4,2.2,2.9,25.0,15.7,40.7,27.3,43.0,441.7,339.4,206.8,132.6,42.7,26.2,16.4,145.0,131.4,13.5,-25.8
200,1014800,2005JJ00,7955,36756,201307,183227,45178,228405,168095.0,213273.0,1774122,1071002,416299,654703,625489,504980,120509,1328609,1225347,103261,2.1,9.5,52.3,47.6,11.7,59.3,43.6,55.4,460.7,278.1,108.1,170.0,162.4,131.1,31.3,345.0,318.2,26.8,1.4,6.3,34.4,31.3,7.7,39.1,28.8,36.5,303.5,183.2,71.2,112.0,107.0,86.4,20.6,227.3,209.6,17.7,13.7
201,1014800,2006JJ00,11932,40652,209964,194603,53447,248050,175122.0,228569.0,1878502,1098824,425313,673511,648711,538803,109908,1428390,1309867,118522,3.0,10.3,53.0,49.2,13.5,62.7,44.2,57.7,474.5,277.5,107.4,170.1,163.8,136.1,27.8,360.8,330.8,29.9,2.0,6.8,35.1,32.5,8.9,41.4,29.3,38.2,313.8,183.5,71.0,112.5,108.4,90.0,18.4,238.6,218.8,19.8,12.8
202,1014800,2007JJ00,15669,41678,221808,203600,56600,260201,183001.0,239601.0,1924992,1121369,419742,701627,698886,579668,119219,1502509,1372514,129995,3.9,10.4,55.1,50.6,14.1,64.7,45.5,59.5,478.4,278.7,104.3,174.4,173.7,144.1,29.6,373.4,341.1,32.3,2.6,6.9,36.6,33.6,9.3,42.9,30.2,39.5,317.3,184.8,69.2,115.6,115.2,95.5,19.6,247.6,226.2,21.4,12.8
203,1014800,2008JJ00,16762,44655,236556,216002,62752,278754,192968.0,255720.0,2135619,1242604,524379,718224,745181,610930,134251,1638197,1473574,164622,4.0,10.7,56.8,51.8,15.1,66.9,46.3,61.4,512.5,298.2,125.8,172.3,178.8,146.6,32.2,393.1,353.6,39.5,2.7,7.1,37.8,34.5,10.0,44.5,30.8,40.8,341.0,198.4,83.7,114.7,119.0,97.5,21.4,261.6,235.3,26.3,14.0
204,1014800,2009JJ00,5298,44199,241011,215090,67528,282619,184823.0,252351.0,2097912,1265395,543176,722218,776605,634071,142533,1609122,1442084,167039,1.3,10.5,57.1,51.0,16.0,66.9,43.8,59.8,497.0,299.8,128.7,171.1,184.0,150.2,33.8,381.2,341.6,39.6,0.8,7.0,38.1,34.0,10.7,44.6,29.2,39.9,331.4,199.9,85.8,114.1,122.7,100.2,22.5,254.2,227.8,26.4,16.8
205,1014800,2010JJ00,3060,43968,242714,216991,69938,286929,186303.0,256241.0,2142774,1351390,617257,734133,797712,651145,146567,1589096,1422697,166399,0.7,10.3,56.7,50.7,16.3,67.1,43.5,59.9,500.7,315.8,144.2,171.6,186.4,152.2,34.3,371.3,332.5,38.9,0.5,6.9,37.9,33.8,10.9,44.7,29.1,40.0,334.2,210.8,96.3,114.5,124.4,101.5,22.9,247.8,221.9,26.0,15.7
206,1014800,2011JJ00,4845,45370,249033,223072,70348,293419,190481.0,260829.0,2190199,1425498,712048,713450,798340,662319,136020,1563040,1392634,170406,1.1,10.5,57.7,51.7,16.3,68.0,44.2,60.5,507.9,330.5,165.1,165.4,185.1,153.6,31.5,362.4,322.9,39.5,0.8,7.0,38.6,34.6,10.9,45.5,29.5,40.5,339.7,221.1,110.4,110.6,123.8,102.7,21.1,242.4,216.0,26.4,16.3
207,1014800,2012JJ00,1178,45264,253536,224592,71964,296556,195447.0,267411.0,2163200,1485469,793394,692075,799921,666705,133216,1477652,1304289,173363,0.3,10.4,58.2,51.6,16.5,68.1,44.9,61.4,496.9,341.2,182.2,159.0,183.7,153.1,30.6,339.4,299.6,39.8,0.2,7.0,39.0,34.6,11.1,45.6,30.1,41.2,332.9,228.6,122.1,106.5,123.1,102.6,20.5,227.4,200.7,26.7,15.8
208,1014800,2013JJ00,2739,46023,255774,224340,70192,294532,195937.0,266130.0,2080561,1466418,770896,695522,788153,649529,138624,1402296,1227047,175249,0.6,10.5,58.5,51.3,16.1,67.4,44.8,60.9,475.8,335.4,176.3,159.1,180.3,148.6,31.7,320.7,280.6,40.1,0.4,7.1,39.3,34.4,10.8,45.2,30.1,40.9,319.5,225.2,118.4,106.8,121.0,99.7,21.3,215.3,188.4,26.9,16.1
209,1014800,2014JJ00,4618,47869,259088,230620,70969,301589,198650.0,269619.0,2295463,1654318,942261,712057,781219,640556,140663,1422364,1241594,180770,1.0,10.8,58.7,52.3,16.1,68.4,45.0,61.1,520.3,375.0,213.6,161.4,177.1,145.2,31.9,322.4,281.4,41.0,0.7,7.3,39.5,35.2,10.8,46.0,30.3,41.1,350.0,252.2,143.7,108.6,119.1,97.7,21.4,216.9,189.3,27.6,16.4
210,1014900,2005JJ00,0,1120,6045,18335,13556,31891,21275.0,34830.0,36864,38032,26868,11164,1741,146,1594,573,345,228,0.0,1.1,5.8,17.5,12.9,30.5,20.3,33.3,35.2,36.3,25.7,10.7,1.7,0.1,1.5,0.5,0.3,0.2,0.0,0.9,4.6,14.0,10.4,24.4,16.3,26.7,28.2,29.1,20.6,8.5,1.3,0.1,1.2,0.4,0.3,0.2,-9.0
211,1014900,2006JJ00,0,811,5000,18213,15114,33327,20811.0,35925.0,36572,37763,26664,11098,1811,123,1688,620,449,171,0.0,0.8,4.8,17.7,14.6,32.3,20.2,34.8,35.4,36.6,25.8,10.8,1.8,0.1,1.6,0.6,0.4,0.2,0.0,0.6,3.9,14.2,11.8,26.1,16.3,28.1,28.6,29.5,20.9,8.7,1.4,0.1,1.3,0.5,0.4,0.1,-8.6
212,1014900,2007JJ00,2,924,5980,19273,15858,35131,22025.0,37882.0,34558,36477,25761,10716,2347,71,2275,427,545,-118,0.0,0.9,5.7,18.4,15.1,33.5,21.0,36.1,32.9,34.8,24.5,10.2,2.2,0.1,2.2,0.4,0.5,-0.1,0.0,0.7,4.6,14.8,12.2,27.0,16.9,29.1,26.6,28.0,19.8,8.2,1.8,0.1,1.7,0.3,0.4,-0.1,-8.5
213,1014900,2008JJ00,0,1024,6812,20354,16760,37113,23109.0,39868.0,42099,44716,32505,12211,3074,90,2985,457,630,-172,0.0,1.0,6.4,19.1,15.8,34.9,21.7,37.5,39.6,42.0,30.6,11.5,2.9,0.1,2.8,0.4,0.6,-0.2,0.0,0.8,5.2,15.4,12.7,28.1,17.5,30.2,31.9,33.9,24.6,9.3,2.3,0.1,2.3,0.3,0.5,-0.1,-7.5
214,1014900,2009JJ00,-1,1278,7252,21705,17970,39675,23967.0,41937.0,43457,45845,34114,11731,3721,118,3603,1332,921,412,0.0,1.2,6.6,19.8,16.4,36.2,21.9,38.3,39.6,41.8,31.1,10.7,3.4,0.1,3.3,1.2,0.8,0.4,0.0,0.9,5.3,16.0,13.2,29.2,17.6,30.8,32.0,33.7,25.1,8.6,2.7,0.1,2.6,1.0,0.7,0.3,-5.3
215,1014900,2010JJ00,0,1290,6741,21359,18336,39695,22697.0,41032.0,46099,49081,36811,12270,4151,71,4080,1170,514,656,0.0,1.2,6.1,19.5,16.7,36.2,20.7,37.4,42.0,44.7,33.6,11.2,3.8,0.1,3.7,1.1,0.5,0.6,0.0,1.0,5.0,15.8,13.5,29.3,16.7,30.3,34.0,36.2,27.2,9.1,3.1,0.1,3.0,0.9,0.4,0.5,-3.5
216,1014900,2011JJ00,0,1424,6954,22124,18758,40883,23687.0,42445.0,55998,59168,47093,12075,4250,137,4113,1079,499,580,0.0,1.3,6.2,19.6,16.6,36.2,21.0,37.6,49.5,52.3,41.7,10.7,3.8,0.1,3.6,1.0,0.4,0.5,0.0,1.0,5.0,15.8,13.4,29.3,17.0,30.4,40.1,42.4,33.7,8.6,3.0,0.1,2.9,0.8,0.4,0.4,-3.5
217,1014900,2012JJ00,0,1218,6588,22055,19226,41281,23385.0,42610.0,64522,68929,45887,23041,5500,54,5446,1093,858,235,0.0,1.1,5.7,19.1,16.7,35.8,20.3,37.0,56.0,59.8,39.8,20.0,4.8,0.0,4.7,0.9,0.7,0.2,0.0,0.9,4.7,15.6,13.6,29.2,16.5,30.1,45.6,48.7,32.4,16.3,3.9,0.0,3.8,0.8,0.6,0.2,-3.1
218,1014900,2013JJ00,0,1262,6390,22139,19280,41419,24295.0,43575.0,60644,65361,44196,21165,6009,117,5891,1292,818,473,0.0,1.1,5.6,19.3,16.8,36.1,21.2,38.0,52.9,57.0,38.5,18.5,5.2,0.1,5.1,1.1,0.7,0.4,0.0,0.9,4.5,15.7,13.7,29.4,17.3,31.0,43.1,46.5,31.4,15.0,4.3,0.1,4.2,0.9,0.6,0.3,-5.0
219,1014900,2014JJ00,9,1464,6741,23950,20834,44783,26179.0,47012.0,75446,81618,57533,24085,8030,1378,6652,1857,1330,527,0.0,1.2,5.5,19.4,16.9,36.3,21.2,38.1,61.2,66.2,46.7,19.5,6.5,1.1,5.4,1.5,1.1,0.4,0.0,1.0,4.5,15.8,13.8,29.6,17.3,31.1,49.9,54.0,38.1,15.9,5.3,0.9,4.4,1.2,0.9,0.3,-4.5
220,1014950,2005JJ00,65,9723,55473,65002,23066,88068,68566.0,91632.0,316722,275426,150761,124665,19373,5745,13628,60669,18344,42325,0.0,4.0,22.8,26.7,9.5,36.2,28.2,37.7,130.3,113.3,62.0,51.3,8.0,2.4,5.6,25.0,7.5,17.4,0.0,3.2,18.1,21.2,7.5,28.7,22.4,29.9,103.3,89.9,49.2,40.7,6.3,1.9,4.4,19.8,6.0,13.8,-1.5
221,1014950,2006JJ00,94,8483,57018,64382,25800,90182,67803.0,93603.0,298447,276227,140843,135384,29133,9214,19918,51353,19607,31746,0.0,3.6,23.9,27.0,10.8,37.8,28.4,39.2,125.1,115.8,59.1,56.8,12.2,3.9,8.4,21.5,8.2,13.3,0.0,2.8,19.0,21.5,8.6,30.1,22.6,31.3,99.7,92.2,47.0,45.2,9.7,3.1,6.7,17.1,6.5,10.6,-2.6
222,1014950,2007JJ00,441,8580,58425,66139,26006,92145,69853.0,95859.0,311917,254212,135342,118871,19593,5228,14365,77298,45776,31522,0.2,3.7,24.9,28.1,11.1,39.2,29.7,40.8,132.7,108.2,57.6,50.6,8.3,2.2,6.1,32.9,19.5,13.4,0.2,2.9,19.9,22.5,8.9,31.4,23.8,32.6,106.2,86.6,46.1,40.5,6.7,1.8,4.9,26.3,15.6,10.7,-2.8
223,1014950,2008JJ00,0,6518,58090,61730,25595,87325,67186.0,92781.0,267651,260977,152057,108920,17424,4105,13319,24098,11534,12564,0.0,2.9,25.8,27.4,11.4,38.8,29.8,41.2,118.8,115.8,67.5,48.3,7.7,1.8,5.9,10.7,5.1,5.6,0.0,2.3,20.9,22.2,9.2,31.3,24.1,33.3,96.1,93.7,54.6,39.1,6.3,1.5,4.8,8.7,4.1,4.5,-3.9
224,1014950,2009JJ00,-6,6379,57741,61473,27000,88472,65528.0,92528.0,265885,258644,153060,105585,16590,3856,12734,23830,11727,12103,0.0,2.8,25.8,27.4,12.1,39.5,29.3,41.3,118.7,115.5,68.3,47.1,7.4,1.7,5.7,10.6,5.2,5.4,0.0,2.3,20.9,22.3,9.8,32.0,23.7,33.5,96.3,93.7,55.4,38.2,6.0,1.4,4.6,8.6,4.2,4.4,-1.9
225,1014950,2010JJ00,1,6243,56583,61323,27896,89219,68194.0,96090.0,284079,278538,167054,111485,17379,3868,13511,22920,9972,12948,0.0,2.8,25.1,27.2,12.4,39.6,30.3,42.7,126.1,123.7,74.2,49.5,7.7,1.7,6.0,10.2,4.4,5.7,0.0,2.3,20.4,22.1,10.1,32.2,24.6,34.7,102.5,100.5,60.3,40.2,6.3,1.4,4.9,8.3,3.6,4.7,-6.0
226,1014950,2011JJ00,1,6391,57309,61477,28036,89513,69288.0,97324.0,309947,304273,195705,108568,17097,3997,13100,22770,10925,11845,0.0,2.8,25.4,27.3,12.4,39.7,30.7,43.2,137.5,134.9,86.8,48.2,7.6,1.8,5.8,10.1,4.8,5.3,0.0,2.3,20.7,22.2,10.1,32.4,25.1,35.2,112.1,110.0,70.8,39.3,6.2,1.4,4.7,8.2,4.0,4.3,-6.4
227,1014950,2012JJ00,1,6352,57904,61462,28724,90186,65433.0,94158.0,340784,334037,204975,129063,19051,3305,15747,25798,10688,15110,0.0,2.8,25.7,27.3,12.8,40.0,29.1,41.8,151.3,148.3,91.0,57.3,8.5,1.5,7.0,11.5,4.7,6.7,0.0,2.3,21.0,22.3,10.4,32.7,23.7,34.1,123.4,120.9,74.2,46.7,6.9,1.2,5.7,9.3,3.9,5.5,-1.5
228,1014950,2013JJ00,1,6538,57835,65093,29605,94698,67854.0,97459.0,332702,328789,201889,126900,19646,2827,16819,23559,9834,13725,0.0,2.9,25.2,28.4,12.9,41.3,29.6,42.5,145.1,143.4,88.1,55.3,8.6,1.2,7.3,10.3,4.3,6.0,0.0,2.3,20.6,23.2,10.5,33.7,24.1,34.7,118.4,117.0,71.8,45.2,7.0,1.0,6.0,8.4,3.5,4.9,0.1
229,1014950,2014JJ00,106,6544,57455,63567,28787,92354,66198.0,94985.0,369075,371045,237886,133159,30160,7997,22163,28191,17034,11157,0.0,2.9,25.8,28.5,12.9,41.4,29.7,42.6,165.5,166.4,106.7,59.7,13.5,3.6,9.9,12.6,7.6,5.0,0.0,2.4,21.1,23.3,10.6,33.9,24.3,34.9,135.4,136.2,87.3,48.9,11.1,2.9,8.1,10.3,6.3,4.1,0.5
