ID,Perioden,ProductieBasisprijzen_1,IntermediairVerbruik_2,TotaalBrutoToegevoegdeWaarde_3,ALandbouwBosbouwEnVisserij_4,BENijverheidGeenBouwEnEnergie_5,BDelfstoffenwinning_6,CIndustrie_7,DEnergievoorziening_8,EWaterbedrijvenEnAfvalbeheer_9,FBouwnijverheid_10,GIHandelVervoerEnHoreca_11,JInformatieEnCommunicatie_12,KFinancieleDienstverlening_13,LVerhuurEnHandelVanOnroerendGoed_14,MNZakelijkeDienstverlening_15,OQOverheidEnZorg_16,RUCultuurRecreatieOverigeDiensten_17,Saldo_18,ProductgebondenBelastingen_19,ProductgebondenSubsidies_20,VerschilToegerekendeEnAfgedragenBtw_21,BrutoBinnenlandsProduct_22,ProductieBasisprijzen_23,IntermediairVerbruik_24,TotaalBrutoToegevoegdeWaarde_25,ALandbouwBosbouwEnVisserij_26,BENijverheidGeenBouwEnEnergie_27,BDelfstoffenwinning_28,CIndustrie_29,DEnergievoorziening_30,EWaterbedrijvenEnAfvalbeheer_31,FBouwnijverheid_32,GIHandelVervoerEnHoreca_33,JInformatieEnCommunicatie_34,KFinancieleDienstverlening_35,LVerhuurEnHandelVanOnroerendGoed_36,MNZakelijkeDienstverlening_37,OQOverheidEnZorg_38,RUCultuurRecreatieOverigeDiensten_39,Saldo_40,ProductgebondenBelastingen_41,ProductgebondenSubsidies_42,VerschilToegerekendeEnAfgedragenBtw_43,BrutoBinnenlandsProduct_44,ProductieBasisprijzen_45,IntermediairVerbruik_46,TotaalBrutoToegevoegdeWaarde_47,ALandbouwBosbouwEnVisserij_48,BENijverheidGeenBouwEnEnergie_49,BDelfstoffenwinning_50,CIndustrie_51,DEnergievoorziening_52,EWaterbedrijvenEnAfvalbeheer_53,FBouwnijverheid_54,GIHandelVervoerEnHoreca_55,JInformatieEnCommunicatie_56,KFinancieleDienstverlening_57,LVerhuurEnHandelVanOnroerendGoed_58,MNZakelijkeDienstverlening_59,OQOverheidEnZorg_60,RUCultuurRecreatieOverigeDiensten_61,Saldo_62,ProductgebondenBelastingen_63,ProductgebondenSubsidies_64,VerschilToegerekendeEnAfgedragenBtw_65,BrutoBinnenlandsProduct_66,ProductieBasisprijzen_67,IntermediairVerbruik_68,TotaalBrutoToegevoegdeWaarde_69,ALandbouwBosbouwEnVisserij_70,BENijverheidGeenBouwEnEnergie_71,BDelfstoffenwinning_72,CIndustrie_73,DEnergievoorziening_74,EWaterbedrijvenEnAfvalbeheer_75,FBouwnijverheid_76,GIHandelVervoerEnHoreca_77,JInformatieEnCommunicatie_78,KFinancieleDienstverlening_79,LVerhuurEnHandelVanOnroerendGoed_80,MNZakelijkeDienstverlening_81,OQOverheidEnZorg_82,RUCultuurRecreatieOverigeDiensten_83,Saldo_84,ProductgebondenBelastingen_85,ProductgebondenSubsidies_86,VerschilToegerekendeEnAfgedragenBtw_87,BrutoBinnenlandsProduct_88,TotaalBeloningVanWerknemers_89,LonenEnSalarissen_90,SocialePremiesTLVWerkgevers_91,Saldo_92,BelastingenOpProductieEnInvoer_93,Subsidies_94,Bruto_95,Afschrijvingen_96,Netto_97,BrutoBinnenlandsProduct_98,TotaalBeloningVanWerknemers_99,LonenEnSalarissen_100,SocialePremiesTLVWerkgevers_101,Saldo_102,BelastingenOpProductieEnInvoer_103,Subsidies_104,Bruto_105,Afschrijvingen_106,Netto_107,BrutoBinnenlandsProduct_108,TotaalBeloningVanWerknemers_109,LonenEnSalarissen_110,SocialePremiesTLVWerkgevers_111,Saldo_112,BelastingenOpProductieEnInvoer_113,Subsidies_114,Bruto_115,Afschrijvingen_116,Netto_117,BrutoBinnenlandsProduct_118,TotaalBeloningVanWerknemers_119,LonenEnSalarissen_120,SocialePremiesTLVWerkgevers_121,Saldo_122,BelastingenOpProductieEnInvoer_123,Subsidies_124,Bruto_125,Afschrijvingen_126,Netto_127,BrutoBinnenlandsProduct_128,TotaalBrutoNationaleBestedingen_129,Totaal_130,Huishoudens_131,Overheid_132,Totaal_133,BedrijvenEnHuishoudens_134,Overheid_135,VeranderingInVoorraden_136,Totaal_137,Goederen_138,Diensten_139,Totaal_140,Goederen_141,Diensten_142,BrutoBinnenlandsProduct_143,TotaalBrutoNationaleBestedingen_144,Totaal_145,Huishoudens_146,Overheid_147,Totaal_148,BedrijvenEnHuishoudens_149,Overheid_150,VeranderingInVoorraden_151,Totaal_152,Goederen_153,Diensten_154,Totaal_155,Goederen_156,Diensten_157,BrutoBinnenlandsProduct_158,TotaalBrutoNationaleBestedingen_159,Totaal_160,Huishoudens_161,Overheid_162,Totaal_163,BedrijvenEnHuishoudens_164,Overheid_165,VeranderingInVoorraden_166,Totaal_167,Goederen_168,Diensten_169,Totaal_170,Goederen_171,Diensten_172,BrutoBinnenlandsProduct_173,TotaalBrutoNationaleBestedingen_174,Totaal_175,Huishoudens_176,Overheid_177,Totaal_178,BedrijvenEnHuishoudens_179,Overheid_180,VeranderingInVoorraden_181,Totaal_182,Goederen_183,Diensten_184,Totaal_185,Goederen_186,Diensten_187,BrutoBinnenlandsProduct_188
0,1969JJ00,99728.0,52296.0,47432.0,2849.0,12344.0,510.0,11834.0,860.0,338.0,4369.0,9912.0,1107.0,1668.0,1804.0,2528.0,8559.0,1094.0,4358.0,4937.0,886.0,307.0,51790.0,353817.0,177770.0,176603.0,1610.0,5561.0,5073.0,26933.0,3445.0,1855.0,33564.0,27538.0,3329.0,8353.0,8275.0,12671.0,47062.0,7110.0,13732.0,24149.0,2253.0,,198652.0,,,,,,,,,,,,,,,,,,,,,,,28.2,29.4,26.9,176.9,222.0,10.1,43.9,25.0,18.2,13.0,36.0,33.3,20.0,21.8,20.0,18.2,15.4,31.7,20.4,39.3,,26.1,27744.0,22398.0,5346.0,4339.0,5332.0,993.0,19707.0,5767.0,13940.0,51790.0,,,,23657.0,25515.0,2385.0,,18653.0,,198652.0,,,,,,,,,,,,,,18.3,20.9,41.6,,30.9,,26.1,51651.0,37436.0,27594.0,9842.0,13436.0,10666.0,2770.0,779.0,22057.0,17197.0,4860.0,21918.0,18194.0,3724.0,51790.0,207005.0,155944.0,109390.0,46567.0,44643.0,34863.0,9875.0,-2788.0,52981.0,37801.0,16481.0,56326.0,40531.0,16065.0,198652.0,,,,,,,,,,,,,,,,25.0,24.0,25.2,21.1,30.1,30.6,28.0,,41.6,45.5,29.5,38.9,44.9,23.2,26.1
1,1970JJ00,113546.0,60196.0,53350.0,2933.0,13560.0,699.0,12861.0,996.0,380.0,4980.0,11238.0,1226.0,1941.0,2047.0,2982.0,9864.0,1203.0,4723.0,5810.0,1122.0,35.0,58073.0,378645.0,191867.0,187218.0,1780.0,6393.0,6455.0,27875.0,3774.0,1927.0,33895.0,29805.0,3473.0,9349.0,9160.0,13834.0,49041.0,7181.0,14769.0,25954.0,2416.0,,210849.0,7.0,7.9,6.0,10.6,15.0,27.3,3.5,9.5,3.8,1.0,8.2,4.3,11.9,10.7,9.2,4.2,1.0,7.5,7.5,7.2,,6.1,30.0,31.4,28.5,164.7,212.1,10.8,46.1,26.4,19.7,14.7,37.7,35.3,20.8,22.3,21.6,20.1,16.8,32.0,22.4,46.4,,27.5,31770.0,25610.0,6160.0,4987.0,6248.0,1261.0,21316.0,6656.0,14660.0,58073.0,,,,25309.0,27415.0,2611.0,,19846.0,,210849.0,,,,7.0,7.4,9.5,,6.4,,6.1,,,,19.7,22.8,48.3,,33.5,,27.5,58762.0,42064.0,30799.0,11265.0,16215.0,13085.0,3130.0,483.0,25993.0,20304.0,5689.0,26682.0,22147.0,4535.0,58073.0,220956.0,165467.0,116303.0,49131.0,49653.0,39423.0,10278.0,-1668.0,59145.0,42419.0,18058.0,63693.0,45839.0,18153.0,210849.0,6.7,6.1,6.3,5.5,11.2,13.1,4.1,,11.6,12.2,9.6,13.1,13.1,13.0,6.1,26.6,25.4,26.5,22.9,32.7,33.2,30.5,,43.9,47.9,31.5,41.9,48.3,25.0,27.5
2,1971JJ00,127241.0,67123.0,60118.0,3093.0,15036.0,938.0,14098.0,1093.0,431.0,5633.0,12466.0,1366.0,2288.0,2249.0,3451.0,11681.0,1331.0,5787.0,6646.0,1021.0,162.0,65905.0,397856.0,202433.0,195802.0,1999.0,7311.0,8090.0,28575.0,3948.0,2059.0,32962.0,31368.0,3561.0,10144.0,9352.0,15017.0,51706.0,7372.0,14960.0,26588.0,2595.0,,219952.0,5.1,5.5,4.6,12.3,14.4,25.3,2.5,4.6,6.8,-2.8,5.2,2.5,8.5,2.1,8.6,5.4,2.7,1.3,2.4,7.4,,4.3,32.0,33.2,30.7,154.7,205.7,11.6,49.3,27.7,20.9,17.1,39.7,38.4,22.6,24.0,23.0,22.6,18.1,38.7,25.0,39.4,,30.0,36510.0,29194.0,7316.0,5951.0,7123.0,1172.0,23444.0,7764.0,15680.0,65905.0,,,,25643.0,28082.0,2789.0,,21215.0,,219952.0,,,,1.3,2.4,6.8,,6.9,,4.3,,,,23.2,25.4,42.0,,36.6,,30.0,65571.0,47499.0,34161.0,13338.0,18503.0,14904.0,3599.0,-431.0,29679.0,23041.0,6638.0,29345.0,24311.0,5034.0,65905.0,224886.0,170994.0,118860.0,52306.0,51092.0,40508.0,10639.0,1198.0,64699.0,46438.0,19699.0,66030.0,47416.0,19021.0,219952.0,1.8,3.3,2.2,6.5,2.9,2.8,3.5,,9.4,9.5,9.1,3.7,3.4,4.8,4.3,29.2,27.8,28.7,25.5,36.2,36.8,33.8,,45.9,49.6,33.7,44.4,51.3,26.5,30.0
3,1972JJ00,138219.0,70712.0,67507.0,3424.0,16680.0,1115.0,15565.0,1323.0,499.0,6132.0,13443.0,1583.0,2770.0,2699.0,3852.0,13598.0,1504.0,6296.0,7493.0,1244.0,47.0,73803.0,407217.0,204939.0,202847.0,2078.0,8572.0,9919.0,29956.0,4548.0,2102.0,31371.0,32321.0,3639.0,11124.0,10271.0,15247.0,53087.0,7527.0,15389.0,27404.0,2694.0,,227725.0,2.4,1.2,3.6,4.0,17.2,22.6,4.8,15.2,2.1,-4.8,3.0,2.2,9.7,9.8,1.5,2.7,2.1,2.9,3.1,3.8,,3.5,33.9,34.5,33.3,164.8,194.6,11.2,52.0,29.1,23.7,19.5,41.6,43.5,24.9,26.3,25.3,25.6,20.0,40.9,27.3,46.2,,32.4,40890.0,32535.0,8355.0,6650.0,8072.0,1422.0,26263.0,8751.0,17512.0,73803.0,,,,26566.0,29135.0,2915.0,,22504.0,,227725.0,,,,3.6,3.7,4.5,,6.1,,3.5,,,,25.0,27.7,48.8,,38.9,,32.4,71396.0,53023.0,37623.0,15400.0,19182.0,15643.0,3539.0,-809.0,33203.0,26069.0,7134.0,30796.0,25605.0,5191.0,73803.0,226330.0,176466.0,122444.0,54228.0,49184.0,39624.0,9557.0,2333.0,70506.0,51455.0,20218.0,67731.0,49020.0,18772.0,227725.0,0.6,3.2,3.0,3.7,-3.7,-2.2,-10.2,,9.0,10.8,2.6,2.6,3.4,-1.3,3.5,31.5,30.0,30.7,28.4,39.0,39.5,37.0,,47.1,50.7,35.3,45.5,52.2,27.7,32.4
4,1973JJ00,158720.0,81601.0,77119.0,3858.0,18708.0,1379.0,17329.0,1417.0,571.0,6806.0,15346.0,1848.0,3448.0,3191.0,4469.0,15762.0,1695.0,7302.0,8427.0,1682.0,557.0,84421.0,429915.0,216335.0,214181.0,2205.0,10076.0,10621.0,31838.0,4647.0,2182.0,31427.0,34331.0,3966.0,12750.0,11383.0,16332.0,54875.0,7728.0,15990.0,28527.0,2835.0,,240122.0,5.6,5.6,5.6,6.1,17.5,7.1,6.3,2.2,3.8,0.2,6.2,9.0,14.6,10.8,7.1,3.4,2.7,3.9,4.1,5.2,,5.4,36.9,37.7,36.0,175.0,185.7,13.0,54.4,30.5,26.2,21.7,44.7,46.6,27.0,28.0,27.4,28.7,21.9,45.7,29.5,59.3,,35.2,47392.0,37026.0,10366.0,7233.0,9108.0,1875.0,29796.0,9696.0,20100.0,84421.0,,,,27732.0,30423.0,3049.0,,23685.0,,240122.0,,,,4.4,4.4,4.6,,5.2,,5.4,,,,26.1,29.9,61.5,,40.9,,35.2,81641.0,60612.0,43080.0,17532.0,20906.0,17262.0,3644.0,123.0,39776.0,31579.0,8197.0,36996.0,30901.0,6095.0,84421.0,237501.0,183907.0,128416.0,55640.0,49995.0,41025.0,8917.0,-470.0,78094.0,57814.0,21213.0,74503.0,54258.0,20012.0,240122.0,4.9,4.2,4.9,2.6,1.6,3.5,-6.7,,10.8,12.4,4.9,10.0,10.7,6.6,5.4,34.4,33.0,33.5,31.5,41.8,42.1,40.9,,50.9,54.6,38.6,49.7,57.0,30.5,35.2
5,1974JJ00,188141.0,97292.0,90849.0,3893.0,24759.0,2098.0,22661.0,1573.0,649.0,7128.0,17212.0,2065.0,4051.0,3666.0,5191.0,18727.0,1935.0,7736.0,8893.0,1843.0,686.0,98585.0,445603.0,222902.0,223388.0,2496.0,11839.0,12693.0,33513.0,4939.0,2243.0,29802.0,35230.0,4064.0,13412.0,12546.0,17366.0,56877.0,8006.0,15088.0,27349.0,2973.0,,248379.0,3.6,3.0,4.3,13.2,17.5,19.5,5.3,6.3,2.8,-5.2,2.6,2.5,5.2,10.2,6.3,3.6,3.6,-5.6,-4.1,4.9,,3.4,42.2,43.6,40.7,156.0,209.1,16.5,67.6,31.8,28.9,23.9,48.9,50.8,30.2,29.2,29.9,32.9,24.2,51.3,32.5,62.0,,39.7,55074.0,42796.0,12278.0,7599.0,9673.0,2074.0,35912.0,11291.0,24621.0,98585.0,,,,26129.0,29361.0,3211.0,,24750.0,,248379.0,,,,-5.8,-3.5,5.3,,4.5,,3.4,,,,29.1,32.9,64.6,,45.6,,39.7,93205.0,69339.0,48589.0,20750.0,21989.0,17909.0,4080.0,1877.0,52186.0,42680.0,9506.0,46806.0,39120.0,7686.0,98585.0,242566.0,188823.0,131200.0,57817.0,47371.0,38425.0,8910.0,-5124.0,80813.0,59682.0,22158.0,74952.0,53457.0,22242.0,248379.0,2.1,2.7,2.2,3.9,-5.2,-6.3,-0.1,,3.5,3.2,4.5,0.6,-1.5,11.1,3.4,38.4,36.7,37.0,35.9,46.4,46.6,45.8,,64.6,71.5,42.9,62.4,73.2,34.6,39.7
6,1975JJ00,202776.0,104831.0,97945.0,4506.0,23566.0,3643.0,19923.0,1837.0,728.0,7589.0,18402.0,2307.0,4649.0,4165.0,5838.0,22188.0,2170.0,8623.0,10089.0,2063.0,597.0,106568.0,440296.0,217628.0,223538.0,2847.0,12324.0,13147.0,31552.0,5065.0,2253.0,28092.0,34702.0,4063.0,14061.0,13476.0,17513.0,59577.0,7960.0,14973.0,27284.0,3039.0,,248385.0,-1.2,-2.4,0.1,14.1,4.1,3.6,-5.9,2.5,0.5,-5.7,-1.5,0.0,4.8,7.4,0.8,4.7,-0.6,-0.8,-0.2,2.2,,0.0,46.1,48.2,43.8,158.3,191.2,27.7,63.1,36.3,32.3,27.0,53.0,56.8,33.1,30.9,33.3,37.2,27.3,57.6,37.0,67.9,,42.9,62325.0,48391.0,13934.0,8524.0,10885.0,2361.0,35719.0,13035.0,22684.0,106568.0,,,,25583.0,29124.0,3337.0,,25765.0,,248385.0,,,,-2.1,-0.8,3.9,,4.1,,0.0,,,,33.3,37.4,70.8,,50.6,,42.9,103055.0,79405.0,54948.0,24457.0,23762.0,18799.0,4963.0,-112.0,53100.0,42935.0,10165.0,49587.0,41384.0,8203.0,106568.0,244348.0,195849.0,135420.0,60651.0,46298.0,36410.0,9873.0,-1310.0,76945.0,56545.0,21563.0,72046.0,51179.0,21814.0,248385.0,0.7,3.7,3.2,4.9,-2.3,-5.2,10.8,,-4.8,-5.3,-2.7,-3.9,-4.3,-1.9,0.0,42.2,40.5,40.6,40.3,51.3,51.6,50.3,,69.0,75.9,47.1,68.8,80.9,37.6,42.9
7,1976JJ00,230746.0,119649.0,111097.0,5123.0,27067.0,4939.0,22128.0,2067.0,843.0,8379.0,20383.0,2618.0,5376.0,4729.0,6904.0,25150.0,2458.0,10231.0,12038.0,2894.0,1087.0,121328.0,460687.0,228097.0,233461.0,3178.0,14485.0,14212.0,33462.0,5194.0,2312.0,27947.0,35945.0,4274.0,14678.0,13797.0,18809.0,61696.0,7931.0,15669.0,28482.0,3129.0,,259453.0,4.6,4.8,4.4,11.7,17.5,8.1,6.1,2.6,2.6,-0.5,3.6,5.2,4.4,2.4,7.4,3.6,-0.4,4.7,4.4,3.0,,4.5,50.1,52.5,47.6,161.2,186.9,34.8,66.1,39.8,36.5,30.0,56.7,61.3,36.6,34.3,36.7,40.8,31.0,65.3,42.3,92.5,,46.8,69266.0,53595.0,15671.0,9708.0,13054.0,3346.0,42354.0,14630.0,27724.0,121328.0,,,,26789.0,30676.0,3588.0,,26765.0,,259453.0,,,,4.7,5.3,7.5,,3.9,,4.5,,,,36.2,42.6,93.2,,54.7,,46.8,117840.0,91023.0,63138.0,27885.0,25867.0,20408.0,5459.0,950.0,61120.0,49810.0,11310.0,57632.0,48007.0,9625.0,121328.0,255611.0,205184.0,142077.0,63339.0,46300.0,36333.0,9955.0,9968.0,83271.0,62103.0,21873.0,78391.0,55927.0,23218.0,259453.0,4.6,4.8,4.9,4.4,0.0,-0.2,0.8,,8.2,9.8,1.4,8.8,9.3,6.4,4.5,46.1,44.4,44.4,44.0,55.9,56.2,54.8,,73.4,80.2,51.7,73.5,85.8,41.5,46.8
8,1977JJ00,248651.0,129066.0,119585.0,4686.0,28038.0,5583.0,22455.0,2314.0,918.0,8866.0,22321.0,2919.0,5904.0,5254.0,7880.0,27790.0,2695.0,11449.0,14204.0,3411.0,656.0,131034.0,470903.0,232926.0,238891.0,3239.0,16204.0,15204.0,33269.0,5531.0,2177.0,26877.0,37975.0,4481.0,15131.0,14240.0,19384.0,63661.0,7602.0,16395.0,29741.0,3239.0,,265993.0,2.2,2.1,2.3,1.9,11.9,7.0,-0.6,6.5,-5.8,-3.8,5.6,4.9,3.1,3.2,3.1,3.2,-4.1,4.6,4.4,3.5,,2.5,52.8,55.4,50.1,144.7,173.0,36.7,67.5,41.8,42.2,33.0,58.8,65.1,39.0,36.9,40.7,43.7,35.5,69.8,47.8,105.3,,49.3,75741.0,58833.0,16908.0,11639.0,15412.0,3773.0,43654.0,16035.0,27619.0,131034.0,,,,28616.0,32211.0,3579.0,,27714.0,,265993.0,,,,6.8,5.0,-0.3,,3.5,,2.5,,,,40.7,47.8,105.4,,57.9,,49.3,130867.0,100516.0,69399.0,31117.0,29513.0,24244.0,5269.0,838.0,62459.0,50361.0,12098.0,62292.0,51602.0,10690.0,131034.0,266133.0,212794.0,146737.0,66303.0,49834.0,40878.0,8899.0,4732.0,82687.0,61457.0,22045.0,80246.0,57101.0,24076.0,265993.0,4.1,3.7,3.3,4.7,7.6,12.5,-10.6,,-0.7,-1.0,0.8,2.4,2.1,3.7,2.5,49.2,47.2,47.3,46.9,59.2,59.3,59.2,,75.5,81.9,54.9,77.6,90.4,44.4,49.3
9,1978JJ00,265481.0,135823.0,129658.0,4893.0,29025.0,5439.0,23586.0,2488.0,1004.0,9531.0,24329.0,3219.0,6883.0,5948.0,8880.0,30489.0,2969.0,12088.0,15216.0,3803.0,675.0,141746.0,484822.0,240545.0,245140.0,3500.0,18109.0,13736.0,33827.0,6031.0,2218.0,25403.0,39807.0,4750.0,16620.0,15192.0,20336.0,64966.0,7689.0,16975.0,30876.0,3406.0,,273164.0,3.0,3.3,2.6,8.1,11.8,-9.7,1.7,9.0,1.9,-5.5,4.8,6.0,9.8,6.7,4.9,2.1,1.2,3.5,3.8,5.2,,2.7,54.8,56.5,52.9,139.8,160.3,39.6,69.7,41.3,45.3,37.5,61.1,67.8,41.4,39.2,43.7,46.9,38.6,71.2,49.3,111.7,,51.9,82188.0,63838.0,18350.0,12273.0,16530.0,4257.0,47285.0,17512.0,29773.0,141746.0,,,,29464.0,33452.0,3815.0,,28822.0,,273164.0,,,,3.0,3.9,6.6,,4.0,,2.7,,,,41.7,49.4,111.6,,60.8,,51.9,142499.0,109800.0,75658.0,34142.0,32006.0,26236.0,5770.0,693.0,64507.0,51582.0,12925.0,65260.0,53428.0,11832.0,141746.0,274744.0,221188.0,153063.0,68377.0,50919.0,41768.0,9093.0,2620.0,84292.0,62689.0,22417.0,82712.0,58623.0,25290.0,273164.0,3.2,3.9,4.3,3.1,2.2,2.2,2.2,,1.9,2.0,1.7,3.1,2.7,5.0,2.7,51.9,49.6,49.4,49.9,62.9,62.8,63.5,,76.5,82.3,57.7,78.9,91.1,46.8,51.9
10,1979JJ00,291064.0,152081.0,138983.0,5179.0,31554.0,6322.0,25232.0,2805.0,1073.0,9625.0,25572.0,3424.0,7650.0,6387.0,9378.0,33131.0,3205.0,12517.0,16100.0,4212.0,629.0,151500.0,504041.0,254092.0,250575.0,3913.0,20826.0,14416.0,34699.0,5917.0,2293.0,23167.0,40727.0,4918.0,17547.0,15598.0,20638.0,66658.0,8018.0,16947.0,31428.0,3547.0,,278666.0,4.0,5.6,2.2,11.8,15.0,4.9,2.6,-1.9,3.4,-8.8,2.3,3.5,5.6,2.7,1.5,2.6,4.3,-0.2,1.8,4.1,,2.0,57.7,59.9,55.5,132.3,151.5,43.9,72.7,47.4,46.8,41.5,62.8,69.6,43.6,40.9,45.4,49.7,40.0,73.9,51.2,118.8,,54.4,88494.0,68370.0,20124.0,12857.0,17579.0,4722.0,50149.0,19283.0,30866.0,151500.0,,,,29901.0,34207.0,3986.0,,29861.0,,278666.0,,,,1.5,2.3,4.5,,3.6,,2.0,,,,43.0,51.4,118.5,,64.6,,54.4,151319.0,117980.0,80619.0,37361.0,33113.0,27168.0,5945.0,226.0,75227.0,61226.0,14001.0,75046.0,61405.0,13641.0,151500.0,277827.0,227026.0,156389.0,70888.0,49526.0,40754.0,8716.0,1021.0,91571.0,69149.0,22857.0,88179.0,62446.0,27062.0,278666.0,1.1,2.6,2.2,3.7,-2.7,-2.4,-4.1,,8.6,10.3,2.0,6.6,6.5,7.0,2.0,54.5,52.0,51.6,52.7,66.9,66.7,68.2,,82.2,88.5,61.3,85.1,98.3,50.4,54.4
11,1980JJ00,318412.0,168558.0,149854.0,5491.0,34469.0,8484.0,25985.0,3114.0,1138.0,10647.0,27386.0,3619.0,8089.0,6930.0,10066.0,35448.0,3457.0,13237.0,16534.0,4307.0,1010.0,163091.0,512014.0,258287.0,254349.0,4100.0,23187.0,14546.0,34543.0,5290.0,2406.0,23218.0,41799.0,5004.0,17352.0,16350.0,20891.0,68531.0,8328.0,16866.0,31397.0,3572.0,,282406.0,1.6,1.7,1.5,4.8,11.3,0.9,-0.5,-10.6,4.9,0.2,2.6,1.8,-1.1,4.8,1.2,2.8,3.9,-0.5,-0.1,0.7,,1.3,62.2,65.3,58.9,133.9,148.7,58.3,75.2,58.9,47.3,45.9,65.5,72.3,46.6,42.4,48.2,51.7,41.5,78.5,52.7,120.6,,57.8,94001.0,72414.0,21587.0,13260.0,18123.0,4863.0,55830.0,21366.0,34464.0,163091.0,,,,29790.0,34193.0,4021.0,,30951.0,,282406.0,,,,-0.4,0.0,0.9,,3.7,,1.3,,,,44.5,53.0,121.0,,69.0,,57.8,163274.0,126014.0,86098.0,39916.0,36578.0,29953.0,6625.0,682.0,85313.0,69446.0,15867.0,85496.0,70086.0,15410.0,163091.0,281756.0,228412.0,156316.0,72326.0,51071.0,42001.0,9013.0,2769.0,93546.0,69944.0,24358.0,90212.0,63614.0,28217.0,282406.0,1.4,0.6,0.0,2.0,3.1,3.1,3.4,,2.2,1.1,6.6,2.3,1.9,4.3,1.3,57.9,55.2,55.1,55.2,71.6,71.3,73.5,,91.2,99.3,65.1,94.8,110.2,54.6,57.8
12,1981JJ00,339656.0,180984.0,158672.0,6506.0,37827.0,11211.0,26616.0,3810.0,1176.0,10068.0,28499.0,3740.0,8411.0,7536.0,10436.0,37102.0,3561.0,13481.0,16534.0,4194.0,1141.0,172153.0,506582.0,253617.0,253789.0,4470.0,25716.0,14229.0,34218.0,5171.0,2419.0,20472.0,41991.0,4952.0,17015.0,16980.0,20651.0,70215.0,8266.0,15658.0,29824.0,3635.0,,280193.0,-1.1,-1.8,-0.2,9.0,10.9,-2.2,-0.9,-2.2,0.5,-11.8,0.5,-1.1,-1.9,3.9,-1.2,2.5,-0.8,-7.2,-5.0,1.8,,-0.8,67.0,71.4,62.5,145.6,147.1,78.8,77.8,73.7,48.6,49.2,67.9,75.5,49.4,44.4,50.5,52.8,43.1,86.1,55.4,115.4,,61.4,96120.0,74133.0,21987.0,13512.0,18278.0,4766.0,62521.0,23458.0,39063.0,172153.0,,,,27911.0,32725.0,4069.0,,31775.0,,280193.0,,,,-6.3,-4.3,1.2,,2.7,,-0.8,,,,48.4,55.9,117.1,,73.8,,61.4,165403.0,130928.0,88736.0,42192.0,35409.0,28646.0,6763.0,-934.0,98042.0,80255.0,17787.0,91292.0,75176.0,16116.0,172153.0,271469.0,226492.0,152587.0,74129.0,46271.0,37519.0,8683.0,-3175.0,96225.0,71562.0,25642.0,87848.0,62047.0,27276.0,280193.0,-3.7,-0.8,-2.4,2.5,-9.4,-10.7,-3.7,,2.9,2.3,5.3,-2.6,-2.5,-3.3,-0.8,60.9,57.8,58.2,56.9,76.5,76.4,77.9,,101.9,112.1,69.4,103.9,121.2,59.1,61.4
13,1982JJ00,351912.0,187624.0,164288.0,6909.0,38802.0,11611.0,27191.0,3339.0,1249.0,9598.0,29442.0,3932.0,9376.0,8531.0,10493.0,38892.0,3725.0,13590.0,17355.0,4699.0,934.0,177878.0,501632.0,251871.0,250473.0,4659.0,27778.0,13048.0,33872.0,4133.0,2441.0,19376.0,40871.0,4924.0,17863.0,17741.0,20017.0,71141.0,8263.0,15585.0,29662.0,3596.0,,276716.0,-1.0,-0.7,-1.3,4.2,8.0,-8.3,-1.0,-20.1,0.9,-5.4,-2.7,-0.6,5.0,4.5,-3.1,1.3,0.0,-0.5,-0.5,-1.1,,-1.2,70.2,74.5,65.6,148.3,139.7,89.0,80.3,80.8,51.2,49.5,72.0,79.9,52.5,48.1,52.4,54.7,45.1,87.2,58.5,130.7,,64.3,99040.0,76717.0,22323.0,13825.0,19225.0,5400.0,65013.0,24878.0,40135.0,177878.0,,,,27688.0,32618.0,4110.0,,32524.0,,276716.0,,,,-0.8,-0.3,1.0,,2.4,,-1.2,,,,49.9,58.9,131.4,,76.5,,64.3,170174.0,136297.0,91812.0,44485.0,35484.0,28840.0,6644.0,-1607.0,101322.0,83427.0,17895.0,93618.0,77200.0,16418.0,177878.0,268036.0,225579.0,150380.0,75456.0,44994.0,36619.0,8311.0,-5170.0,95217.0,71160.0,24812.0,86903.0,61505.0,26724.0,276716.0,-1.3,-0.4,-1.4,1.8,-2.8,-2.4,-4.3,,-1.0,-0.6,-3.2,-1.1,-0.9,-2.0,-1.2,63.5,60.4,61.1,59.0,78.9,78.8,79.9,,106.4,117.2,72.1,107.7,125.5,61.4,64.3
14,1983JJ00,364407.0,194159.0,170248.0,6840.0,39977.0,12258.0,27719.0,3276.0,1356.0,9308.0,30794.0,4155.0,10428.0,9635.0,11055.0,39552.0,3872.0,13834.0,18152.0,5205.0,887.0,184082.0,511442.0,256568.0,255631.0,4522.0,32050.0,13869.0,34926.0,3872.0,2469.0,18934.0,41644.0,5020.0,18880.0,18463.0,20273.0,72642.0,8164.0,15927.0,30226.0,3653.0,,282444.0,2.0,1.9,2.1,-2.9,15.4,6.3,3.1,-6.3,1.1,-2.3,1.9,2.0,5.7,4.1,1.3,2.1,-1.2,2.2,1.9,1.6,,2.1,71.3,75.7,66.6,151.2,124.7,88.4,79.4,84.6,54.9,49.2,73.9,82.8,55.2,52.2,54.5,54.4,47.4,86.9,60.1,142.5,,65.2,100344.0,76829.0,23515.0,14131.0,20131.0,6000.0,69607.0,25683.0,43924.0,184082.0,,,,28173.0,33285.0,4224.0,,33264.0,,282444.0,,,,1.8,2.0,2.8,,2.3,,2.1,,,,50.2,60.5,142.0,,77.2,,65.2,177921.0,141331.0,95533.0,45798.0,36528.0,30249.0,6279.0,62.0,104260.0,86363.0,17897.0,98099.0,81102.0,16997.0,184082.0,275657.0,229721.0,152274.0,77740.0,45965.0,38089.0,7822.0,-119.0,97386.0,73403.0,24366.0,90119.0,64069.0,27124.0,282444.0,2.8,1.8,1.3,3.0,2.2,4.0,-5.9,,2.3,3.2,-1.8,3.7,4.2,1.5,2.1,64.5,61.5,62.7,58.9,79.5,79.4,80.3,,107.1,117.7,73.5,108.9,126.6,62.7,65.2
15,1984JJ00,389163.0,209900.0,179263.0,7167.0,45147.0,13820.0,31327.0,3209.0,1358.0,9415.0,32629.0,4324.0,10499.0,10683.0,11571.0,39295.0,3966.0,14832.0,19652.0,5850.0,1030.0,194095.0,530340.0,266833.0,264185.0,5030.0,37666.0,14695.0,37270.0,3632.0,2445.0,19538.0,43478.0,5197.0,18384.0,18741.0,20968.0,73506.0,8240.0,15857.0,30647.0,3884.0,,291092.0,3.7,4.0,3.3,11.2,17.5,6.0,6.7,-6.2,-1.0,3.2,4.4,3.5,-2.6,1.5,3.4,1.2,0.9,-0.4,1.4,6.3,,3.1,73.4,78.7,67.9,142.5,119.9,94.0,84.1,88.4,55.5,48.2,75.0,83.2,57.1,57.0,55.2,53.5,48.1,93.5,64.1,150.6,,66.7,100809.0,77456.0,23353.0,15010.0,21685.0,6675.0,78276.0,26738.0,51538.0,194095.0,,,,28021.0,33723.0,4465.0,,34247.0,,291092.0,,,,-0.5,1.3,5.7,,3.0,,3.1,,,,53.6,64.3,149.5,,78.1,,66.7,183883.0,144195.0,98738.0,45457.0,39490.0,32492.0,6998.0,198.0,117596.0,97795.0,19801.0,107384.0,88662.0,18722.0,194095.0,280327.0,230191.0,153195.0,77250.0,49281.0,40633.0,8587.0,-292.0,104924.0,79161.0,26129.0,95124.0,67408.0,29075.0,291092.0,1.7,0.2,0.6,-0.6,7.2,6.7,9.8,,7.7,7.8,7.2,5.6,5.2,7.2,3.1,65.6,62.6,64.5,58.8,80.1,80.0,81.5,,112.1,123.5,75.8,112.9,131.5,64.4,66.7
16,1985JJ00,405490.0,219672.0,185818.0,7457.0,47307.0,15766.0,31541.0,3371.0,1401.0,9477.0,34123.0,4507.0,10676.0,11119.0,12307.0,39959.0,4114.0,15009.0,20653.0,6390.0,746.0,200827.0,543762.0,273439.0,271041.0,5236.0,43151.0,15376.0,38391.0,4088.0,2483.0,19779.0,44911.0,5294.0,18290.0,18797.0,21927.0,74521.0,8302.0,16238.0,31620.0,4096.0,,298603.0,2.5,2.5,2.6,4.1,14.6,4.6,3.0,12.6,1.5,1.2,3.3,1.9,-0.5,0.3,4.6,1.4,0.8,2.4,3.2,5.5,,2.6,74.6,80.3,68.6,142.4,109.6,102.5,82.2,82.5,56.4,47.9,76.0,85.1,58.4,59.2,56.1,53.6,49.6,92.4,65.3,156.0,,67.3,104641.0,80723.0,23918.0,15571.0,22749.0,7178.0,80615.0,27870.0,52745.0,200827.0,,,,28723.0,34721.0,4642.0,,35496.0,,298603.0,,,,2.5,3.0,4.0,,3.6,,2.6,,,,54.2,65.5,154.6,,78.5,,67.3,192308.0,150595.0,102920.0,47675.0,42349.0,35504.0,6845.0,-636.0,124813.0,104187.0,20626.0,116294.0,96100.0,20194.0,200827.0,288544.0,235220.0,155324.0,80271.0,53035.0,44670.0,8317.0,840.0,109600.0,83069.0,26674.0,100105.0,70998.0,30474.0,298603.0,2.9,2.2,1.4,3.9,7.6,9.9,-3.1,,4.5,4.9,2.1,5.2,5.3,4.8,2.6,66.6,64.0,66.3,59.4,79.9,79.5,82.3,,113.9,125.4,77.3,116.2,135.4,66.3,67.3
17,1986JJ00,397861.0,206779.0,191082.0,7931.0,43689.0,10284.0,33405.0,3322.0,1494.0,10128.0,37460.0,4982.0,10999.0,12144.0,13592.0,41021.0,4320.0,15779.0,22099.0,6667.0,347.0,206861.0,560199.0,283923.0,276635.0,5781.0,46563.0,13494.0,39688.0,3894.0,2471.0,20793.0,46200.0,5683.0,19011.0,19870.0,23471.0,75280.0,8227.0,18144.0,34770.0,4303.0,,306925.0,3.0,3.8,2.1,10.4,7.9,-12.2,3.4,-4.7,-0.5,5.1,2.9,7.3,3.9,5.7,7.0,1.0,-0.9,11.7,10.0,5.1,,2.8,71.0,72.8,69.1,137.2,93.8,76.2,84.2,85.3,60.5,48.7,81.1,87.7,57.9,61.1,57.9,54.5,52.5,87.0,63.6,154.9,,67.4,109164.0,84351.0,24813.0,16777.0,24251.0,7474.0,80920.0,28922.0,51998.0,206861.0,,,,31987.0,37942.0,4863.0,,37054.0,,306925.0,,,,11.4,9.3,4.8,,4.4,,2.8,,,,52.4,63.9,153.7,,78.1,,67.4,199589.0,154123.0,105189.0,48934.0,44804.0,38317.0,6487.0,662.0,108993.0,89697.0,19296.0,101721.0,83301.0,18420.0,206861.0,298027.0,240030.0,159002.0,81354.0,56645.0,48652.0,7974.0,369.0,111844.0,85342.0,26292.0,102927.0,74150.0,28983.0,306925.0,3.3,2.0,2.4,1.3,6.8,8.9,-4.1,,2.0,2.7,-1.4,2.8,4.4,-4.9,2.8,67.0,64.2,66.2,60.1,79.1,78.8,81.3,,97.5,105.1,73.4,98.8,112.3,63.6,67.4
18,1987JJ00,398163.0,205251.0,192912.0,7905.0,40752.0,6505.0,34247.0,3441.0,1421.0,10646.0,38595.0,5298.0,10846.0,12857.0,14167.0,42431.0,4553.0,15735.0,23364.0,7982.0,353.0,208647.0,572096.0,289635.0,282845.0,5713.0,52487.0,12460.0,40454.0,5037.0,2322.0,21385.0,48264.0,5954.0,18994.0,20782.0,23743.0,76462.0,8406.0,17805.0,36036.0,5021.0,,312852.0,2.1,2.0,2.2,-1.2,12.7,-7.7,1.9,29.3,-6.0,2.8,4.5,4.8,-0.1,4.6,1.2,1.6,2.2,-1.9,3.6,16.7,,1.9,69.6,70.9,68.2,138.4,77.6,52.2,84.7,68.3,61.2,49.8,80.0,89.0,57.1,61.9,59.7,55.5,54.2,88.4,64.8,159.0,,66.7,112894.0,87380.0,25514.0,16819.0,25669.0,8850.0,78934.0,30517.0,48417.0,208647.0,,,,31396.0,39267.0,5616.0,,38812.0,,312852.0,,,,-1.8,3.5,15.5,,4.7,,1.9,,,,53.6,65.4,157.6,,78.6,,66.7,203930.0,158255.0,106878.0,51377.0,45826.0,39071.0,6755.0,-151.0,107044.0,87301.0,19743.0,102327.0,83432.0,18895.0,208647.0,303217.0,246422.0,162303.0,84546.0,57472.0,49139.0,8307.0,-345.0,116078.0,88407.0,27524.0,106576.0,77114.0,29419.0,312852.0,1.7,2.7,2.1,3.9,1.5,1.0,4.2,,3.8,3.6,4.7,3.5,4.0,1.5,1.9,67.3,64.2,65.9,60.8,79.7,79.5,81.3,,92.2,98.7,71.7,96.0,108.2,64.2,66.7
19,1988JJ00,417495.0,216632.0,200863.0,8144.0,46795.0,5847.0,36084.0,3227.0,1637.0,12183.0,39985.0,5690.0,11753.0,13460.0,15224.0,42840.0,4789.0,16347.0,24167.0,7820.0,386.0,217596.0,594501.0,303081.0,291736.0,6161.0,59946.0,12228.0,41561.0,4873.0,2689.0,23974.0,50091.0,6323.0,19241.0,21152.0,25142.0,76563.0,8731.0,30540.0,37574.0,4979.0,,323624.0,3.9,4.6,3.1,7.8,14.2,-1.9,2.7,-3.3,15.8,12.1,3.8,6.2,1.3,1.8,5.9,0.1,3.9,7.1,4.3,-0.9,,3.4,70.2,71.5,68.9,132.2,78.1,47.8,86.8,66.2,60.9,50.8,79.8,90.0,61.1,63.6,60.6,56.0,54.8,53.5,64.3,157.1,,67.2,116037.0,90554.0,25483.0,17821.0,26536.0,8715.0,83738.0,32355.0,51383.0,217596.0,,,,33434.0,40876.0,5590.0,,40676.0,,323624.0,,,,6.5,4.1,-0.5,,4.8,,3.4,,,,53.3,64.9,155.9,,73.5,,67.2,212194.0,161674.0,109436.0,52238.0,50945.0,43826.0,7119.0,-425.0,116797.0,95166.0,21631.0,111395.0,88598.0,22797.0,217596.0,312731.0,249971.0,164821.0,85568.0,63103.0,54403.0,8681.0,165.0,126410.0,96466.0,29713.0,115686.0,82122.0,34602.0,323624.0,3.1,1.4,1.6,1.2,9.8,10.7,4.5,,8.9,9.1,8.0,8.5,6.5,17.6,3.4,67.9,64.7,66.4,61.0,80.7,80.6,82.0,,92.4,98.7,72.8,96.3,107.9,65.9,67.2
20,1989JJ00,448007.0,235515.0,212492.0,9327.0,49330.0,6144.0,38167.0,3311.0,1708.0,12825.0,42897.0,6161.0,12105.0,14473.0,16607.0,43730.0,5037.0,17214.0,24015.0,6801.0,571.0,230277.0,623018.0,319408.0,303873.0,6516.0,62437.0,12588.0,43466.0,4988.0,2760.0,24759.0,52715.0,6675.0,20459.0,22070.0,27234.0,77341.0,8913.0,32960.0,39054.0,4760.0,,337929.0,4.8,5.4,4.2,5.8,4.2,2.9,4.6,2.4,2.6,3.3,5.2,5.6,6.3,4.3,8.3,1.0,2.1,7.9,3.9,-4.4,,4.4,71.9,73.7,69.9,143.1,79.0,48.8,87.8,66.4,61.9,51.8,81.4,92.3,59.2,65.6,61.0,56.5,56.5,52.2,61.5,142.9,,68.1,119628.0,94712.0,24916.0,18662.0,26437.0,7775.0,91987.0,34382.0,57605.0,230277.0,,,,35743.0,42403.0,5436.0,,42535.0,,337929.0,,,,6.9,3.7,-2.8,,4.6,,4.4,,,,52.2,62.3,143.0,,80.8,,68.1,223425.0,168261.0,114809.0,53452.0,53089.0,45838.0,7251.0,2075.0,131475.0,106870.0,24605.0,124623.0,99775.0,24848.0,230277.0,324890.0,256515.0,170021.0,86846.0,65172.0,56397.0,8759.0,3266.0,137296.0,103832.0,33546.0,124711.0,89038.0,36466.0,337929.0,3.9,2.6,3.2,1.5,3.3,3.7,0.9,,8.6,7.6,12.9,7.8,8.4,5.4,4.4,68.8,65.6,67.5,61.5,81.5,81.3,82.8,,95.8,102.9,73.3,99.9,112.1,68.1,68.1
21,1990JJ00,470618.0,246786.0,223832.0,9554.0,52124.0,7391.0,39704.0,3365.0,1664.0,13146.0,45865.0,6812.0,11065.0,15431.0,18697.0,45824.0,5314.0,19007.0,25444.0,6437.0,813.0,243652.0,648744.0,333281.0,315701.0,7098.0,64415.0,13239.0,44971.0,4936.0,2692.0,24398.0,55660.0,7331.0,21469.0,22783.0,29514.0,78223.0,9103.0,35456.0,40802.0,4600.0,,352065.0,4.1,4.3,3.9,8.9,3.2,5.2,3.5,-1.0,-2.5,-1.5,5.6,9.8,4.9,3.2,8.4,1.1,2.1,7.6,4.5,-3.4,,4.2,72.5,74.0,70.9,134.6,80.9,55.8,88.3,68.2,61.8,53.9,82.4,92.9,51.5,67.7,63.4,58.6,58.4,53.6,62.4,139.9,,69.2,127116.0,109225.0,17891.0,20580.0,27976.0,7396.0,95956.0,36596.0,59360.0,243652.0,,,,38465.0,44289.0,5265.0,,44506.0,,352065.0,,,,7.6,4.4,-3.2,,4.6,,4.2,,,,53.5,63.2,140.5,,82.2,,69.2,234372.0,177223.0,121102.0,56121.0,55328.0,47500.0,7828.0,1821.0,137551.0,111679.0,25872.0,128271.0,102919.0,25352.0,243652.0,335280.0,265405.0,176890.0,88784.0,67050.0,57726.0,9303.0,3015.0,145065.0,110145.0,34832.0,129667.0,93505.0,36386.0,352065.0,3.2,3.5,4.0,2.2,2.9,2.4,6.2,,5.7,6.1,3.8,4.0,5.0,-0.2,4.2,69.9,66.8,68.5,63.2,82.5,82.3,84.1,,94.8,101.4,74.3,98.9,110.1,69.7,69.2
22,1991JJ00,497936.0,261007.0,236929.0,9811.0,54470.0,8929.0,40192.0,3580.0,1769.0,13535.0,48853.0,7163.0,12229.0,16618.0,20600.0,48062.0,5588.0,20093.0,27366.0,7273.0,353.0,257375.0,670015.0,346662.0,323489.0,7275.0,66002.0,14608.0,45316.0,5174.0,2778.0,24324.0,57664.0,7599.0,21574.0,23522.0,31304.0,78827.0,9267.0,36281.0,42242.0,4926.0,,360652.0,3.3,4.0,2.5,2.5,2.5,10.3,0.8,4.8,3.2,-0.3,3.6,3.7,0.5,3.2,6.1,0.8,1.8,2.3,3.5,7.1,,2.4,74.3,75.3,73.2,134.9,82.5,61.1,88.7,69.2,63.7,55.6,84.7,94.3,56.7,70.7,65.8,61.0,60.3,55.4,64.8,147.6,,71.4,135023.0,115946.0,19077.0,22061.0,30002.0,7941.0,100291.0,38773.0,61518.0,257375.0,,,,39968.0,45837.0,5389.0,,46302.0,,360652.0,,,,3.9,3.5,2.4,,4.0,,2.4,,,,55.2,65.5,147.4,,83.7,,71.4,246761.0,188658.0,128838.0,59820.0,56927.0,48737.0,8190.0,1176.0,147152.0,117199.0,29953.0,136538.0,107287.0,29251.0,257375.0,342407.0,272490.0,181679.0,91081.0,67897.0,58332.0,9541.0,2474.0,154651.0,116225.0,38769.0,137883.0,98559.0,40069.0,360652.0,2.1,2.7,2.7,2.6,1.3,1.1,2.6,,6.6,5.5,11.3,6.3,5.4,10.1,2.4,72.1,69.2,70.9,65.7,83.8,83.6,85.8,,95.2,100.8,77.3,99.0,108.9,73.0,71.4
23,1992JJ00,513027.0,266812.0,246215.0,9540.0,54064.0,7614.0,40846.0,3665.0,1939.0,14241.0,50895.0,7610.0,12878.0,18241.0,22013.0,50765.0,5968.0,20593.0,28112.0,7519.0,1491.0,268299.0,681094.0,353025.0,328190.0,7539.0,66196.0,14153.0,45818.0,5061.0,2889.0,24128.0,58381.0,7854.0,22701.0,24265.0,32073.0,79518.0,9430.0,37881.0,43582.0,4914.0,,366805.0,1.7,1.8,1.5,3.6,0.3,-3.1,1.1,-2.2,4.0,-0.8,1.2,3.4,5.2,3.2,2.5,0.9,1.8,4.4,3.2,-0.2,,1.7,75.3,75.6,75.0,126.6,81.7,53.8,89.1,72.4,67.1,59.0,87.2,96.9,56.7,75.2,68.6,63.8,63.3,54.4,64.5,153.0,,73.1,142980.0,122527.0,20453.0,22915.0,31030.0,8115.0,102404.0,40900.0,61504.0,268299.0,,,,41948.0,47469.0,5372.0,,48145.0,,366805.0,,,,5.0,3.6,-0.3,,4.0,,1.7,,,,54.6,65.4,151.1,,85.0,,73.1,258139.0,197593.0,133777.0,63816.0,58773.0,49945.0,8828.0,1773.0,148574.0,116612.0,31962.0,138414.0,106624.0,31790.0,268299.0,347892.0,276021.0,182979.0,93400.0,69107.0,58917.0,10153.0,3107.0,159203.0,119020.0,40727.0,141815.0,100544.0,42442.0,366805.0,1.6,1.3,0.7,2.5,1.8,1.0,6.4,,2.9,2.4,5.1,2.9,2.0,5.9,1.7,74.2,71.6,73.1,68.3,85.0,84.8,86.9,,93.3,98.0,78.5,97.6,106.0,74.9,73.1
24,1993JJ00,519935.0,267134.0,252801.0,8594.0,54545.0,7264.0,41383.0,3849.0,2049.0,14513.0,52040.0,7983.0,13677.0,19172.0,23202.0,52816.0,6259.0,23260.0,30543.0,7283.0,-48.0,276013.0,686517.0,354585.0,332063.0,7752.0,66043.0,14521.0,45492.0,5108.0,2791.0,23564.0,58766.0,7932.0,23969.0,24988.0,32736.0,80931.0,9529.0,38694.0,44570.0,5041.0,,371418.0,0.8,0.4,1.2,2.8,-0.2,2.6,-0.7,0.9,-3.4,-2.3,0.7,1.0,5.6,3.0,2.1,1.8,1.1,2.1,2.3,2.6,,1.3,75.7,75.3,76.1,110.9,82.6,50.0,91.0,75.3,73.4,61.6,88.6,100.6,57.1,76.7,70.9,65.3,65.7,60.1,68.5,144.5,,74.3,147027.0,126702.0,20325.0,25782.0,33656.0,7874.0,103204.0,42437.0,60767.0,276013.0,,,,42876.0,48462.0,5466.0,,49633.0,,371418.0,,,,2.2,2.1,1.7,,3.1,,1.3,,,,60.1,69.4,144.1,,85.5,,74.3,261029.0,204231.0,137805.0,66426.0,58302.0,49429.0,8873.0,-1504.0,150658.0,117104.0,33554.0,135674.0,103345.0,32329.0,276013.0,345228.0,279476.0,184463.0,95431.0,67976.0,57827.0,10110.0,-1169.0,165521.0,124148.0,41838.0,142374.0,101232.0,42196.0,371418.0,-0.8,1.3,0.8,2.2,-1.6,-1.9,-0.4,,4.0,4.3,2.7,0.4,0.7,-0.6,1.3,75.6,73.1,74.7,69.6,85.8,85.5,87.8,,91.0,94.3,80.2,95.3,102.1,76.6,74.3
25,1994JJ00,545755.0,281274.0,264481.0,9107.0,56338.0,7133.0,43021.0,3957.0,2227.0,14959.0,54290.0,8427.0,15394.0,20712.0,24901.0,53970.0,6383.0,24086.0,30740.0,6654.0,1481.0,290048.0,707859.0,366665.0,341340.0,7950.0,68856.0,14657.0,47912.0,5084.0,2888.0,23812.0,60985.0,8311.0,23334.0,26444.0,34616.0,80856.0,9499.0,40512.0,45968.0,4948.0,,382416.0,3.1,3.4,2.8,2.6,4.3,0.9,5.3,-0.5,3.5,1.1,3.8,4.8,-2.6,5.8,5.7,-0.1,-0.3,4.7,3.1,-1.9,,3.0,77.1,76.7,77.5,114.5,81.8,48.7,89.8,77.8,77.1,62.8,89.0,101.4,66.0,78.3,71.9,66.7,67.2,59.5,66.9,134.5,,75.8,150603.0,130352.0,20251.0,26724.0,34018.0,7294.0,112721.0,43636.0,69085.0,290048.0,,,,44684.0,49946.0,5427.0,,50919.0,,382416.0,,,,4.2,3.1,-0.7,,2.6,,3.0,,,,59.8,68.1,134.4,,85.7,,75.8,273716.0,213338.0,144084.0,69254.0,59649.0,50418.0,9231.0,729.0,164709.0,128770.0,35939.0,148377.0,114022.0,34355.0,290048.0,354974.0,285017.0,188063.0,97385.0,69361.0,58843.0,10474.0,1478.0,179871.0,136182.0,43970.0,155236.0,111965.0,43893.0,382416.0,2.8,2.0,2.0,2.0,2.0,1.8,3.6,,8.7,9.7,5.1,9.0,10.6,4.0,3.0,77.1,74.9,76.6,71.1,86.0,85.7,88.1,,91.6,94.6,81.7,95.6,101.8,78.3,75.8
26,1995JJ00,573964.0,298278.0,275686.0,9261.0,59630.0,7367.0,45714.0,4152.0,2397.0,15217.0,55801.0,8978.0,17384.0,20436.0,27191.0,55170.0,6618.0,28558.0,32666.0,4108.0,1017.0,305261.0,732536.0,381250.0,351455.0,8105.0,70957.0,14454.0,49760.0,5145.0,3033.0,23540.0,63216.0,8870.0,24329.0,27633.0,37470.0,80516.0,9718.0,42292.0,47479.0,4913.0,,394332.0,3.5,4.0,3.0,1.9,3.1,-1.4,3.9,1.2,5.0,-1.1,3.7,6.7,4.3,4.5,8.2,-0.4,2.3,4.4,3.3,-0.7,,3.1,78.4,78.2,78.4,114.3,84.0,51.0,91.9,80.7,79.0,64.6,88.3,101.2,71.5,74.0,72.6,68.5,68.1,67.5,68.8,83.6,,77.4,155837.0,133469.0,22368.0,31035.0,35973.0,4938.0,118389.0,45226.0,73163.0,305261.0,,,,46040.0,51338.0,5529.0,,52399.0,,394332.0,,,,3.0,2.8,1.9,,2.9,,3.1,,,,67.4,70.1,89.3,,86.3,,77.4,287918.0,223745.0,151058.0,72687.0,63500.0,53868.0,9632.0,673.0,181219.0,144366.0,36853.0,163876.0,126867.0,37009.0,305261.0,366572.0,292466.0,193074.0,99828.0,73446.0,62532.0,10874.0,1334.0,196435.0,151098.0,45272.0,171006.0,124683.0,46604.0,394332.0,3.3,2.6,2.7,2.5,5.9,6.3,3.8,,9.2,11.0,3.0,10.2,11.4,6.2,3.1,78.5,76.5,78.2,72.8,86.5,86.1,88.6,,92.3,95.5,81.4,95.8,101.8,79.4,77.4
27,1996JJ00,607125.0,320046.0,287079.0,9095.0,60890.0,8207.0,45732.0,4367.0,2584.0,15648.0,57596.0,10204.0,18235.0,22251.0,30392.0,55813.0,6955.0,31524.0,35010.0,3486.0,1152.0,319755.0,762986.0,401083.0,362089.0,7912.0,72743.0,15470.0,50501.0,5386.0,3168.0,23223.0,65578.0,9731.0,25530.0,28654.0,40902.0,80657.0,9878.0,45120.0,49511.0,4300.0,,407765.0,4.2,5.2,3.0,-2.4,2.5,7.0,1.5,4.7,4.5,-1.3,3.7,9.7,4.9,3.7,9.2,0.2,1.6,6.7,4.3,-12.5,,3.4,79.6,79.8,79.3,114.9,83.7,53.1,90.6,81.1,81.6,67.4,87.8,104.9,71.4,77.7,74.3,69.2,70.4,69.9,70.7,81.1,,78.4,161820.0,138394.0,23426.0,33382.0,38435.0,5053.0,124553.0,47150.0,77403.0,319755.0,,,,47814.0,53640.0,5996.0,,54285.0,,407765.0,,,,3.9,4.5,8.4,,3.6,,3.4,,,,69.8,71.7,84.3,,86.9,,78.4,302870.0,233488.0,160658.0,72830.0,69149.0,58494.0,10655.0,233.0,190674.0,150899.0,39775.0,173789.0,133461.0,40328.0,319755.0,380754.0,300272.0,201375.0,99109.0,79712.0,67737.0,11927.0,1057.0,205031.0,156787.0,48336.0,180053.0,130768.0,49725.0,407765.0,3.9,2.7,4.3,-0.7,8.5,8.3,9.7,,4.4,3.8,6.8,5.3,4.9,6.7,3.4,79.5,77.8,79.8,73.5,86.7,86.4,89.3,,93.0,96.2,82.3,96.5,102.1,81.1,78.4
28,1997JJ00,650820.0,344281.0,306539.0,10250.0,62207.0,8415.0,47078.0,3906.0,2808.0,16447.0,63409.0,12156.0,18975.0,24480.0,32858.0,58233.0,7524.0,34723.0,38263.0,3540.0,975.0,342237.0,800566.0,423408.0,377338.0,8521.0,72610.0,14441.0,51229.0,4891.0,3387.0,23677.0,70539.0,11605.0,27518.0,29786.0,43108.0,81750.0,10132.0,47248.0,51708.0,4382.0,,425211.0,4.9,5.6,4.2,7.7,-0.2,-6.7,1.4,-9.2,6.9,2.0,7.6,19.3,7.8,4.0,5.4,1.4,2.6,4.7,4.4,1.9,,4.3,81.3,81.3,81.2,120.3,85.7,58.3,91.9,79.9,82.9,69.5,89.9,104.7,69.0,82.2,76.2,71.2,74.3,73.5,74.0,80.8,,80.5,171222.0,146979.0,24243.0,36131.0,41702.0,5571.0,134884.0,49309.0,85575.0,342237.0,,,,49176.0,55795.0,6700.0,,56604.0,,425211.0,,,,2.8,4.0,11.7,,4.3,,4.3,,,,73.5,74.7,83.2,,87.1,,80.5,322830.0,246651.0,170179.0,76472.0,75118.0,65088.0,10030.0,1061.0,216691.0,170935.0,45756.0,197284.0,151852.0,45432.0,342237.0,397831.0,309813.0,208427.0,101549.0,86506.0,75226.0,11285.0,1431.0,227349.0,172928.0,54681.0,201457.0,146558.0,55327.0,425211.0,4.5,3.2,3.5,2.5,8.5,11.1,-5.4,,10.9,10.3,13.1,11.9,12.1,11.3,4.3,81.1,79.6,81.6,75.3,86.8,86.5,88.9,,95.3,98.8,83.7,97.9,103.6,82.1,80.5
29,1998JJ00,685191.0,361164.0,324027.0,9252.0,63650.0,7079.0,49436.0,4224.0,2911.0,17553.0,68591.0,14040.0,19478.0,26587.0,35633.0,61180.0,8063.0,37337.0,40864.0,3527.0,1100.0,362464.0,838539.0,447099.0,391624.0,8004.0,73690.0,13614.0,52765.0,4907.0,3365.0,24464.0,75190.0,13721.0,29153.0,30458.0,45167.0,82977.0,10447.0,49743.0,54209.0,4404.0,,441894.0,4.7,5.6,3.8,-6.1,1.5,-5.7,3.0,0.3,-0.6,3.3,6.6,18.2,5.9,2.3,4.8,1.5,3.1,5.3,4.8,0.5,,3.9,81.7,80.8,82.7,115.6,86.4,52.0,93.7,86.1,86.5,71.7,91.2,102.3,66.8,87.3,78.9,73.7,77.2,75.1,75.4,80.1,,82.0,184054.0,148291.0,35763.0,38233.0,44472.0,6239.0,140177.0,52383.0,87794.0,362464.0,,,,50695.0,58496.0,7786.0,,59679.0,,441894.0,,,,3.1,4.8,16.2,,5.4,,3.9,,,,75.4,76.0,80.1,,87.8,,82.0,345500.0,263029.0,182540.0,80489.0,80461.0,69727.0,10734.0,2010.0,226766.0,177540.0,49226.0,209802.0,159826.0,49976.0,362464.0,418238.0,323171.0,219136.0,104059.0,92376.0,80264.0,12116.0,2400.0,242695.0,184818.0,58115.0,219592.0,159884.0,60139.0,441894.0,5.1,4.3,5.1,2.5,6.8,6.7,7.4,,6.8,6.9,6.3,9.0,9.1,8.7,3.9,82.6,81.4,83.3,77.3,87.1,86.9,88.6,,93.4,96.1,84.7,95.5,100.0,83.1,82.0
30,1999JJ00,729542.0,385207.0,344335.0,8756.0,64366.0,6270.0,50570.0,4240.0,3286.0,19379.0,73853.0,15940.0,21336.0,28401.0,39011.0,64795.0,8498.0,41192.0,45096.0,3904.0,666.0,386193.0,878815.0,469576.0,409455.0,8465.0,75953.0,13819.0,54548.0,4773.0,3704.0,25868.0,79653.0,16199.0,30233.0,31229.0,48227.0,83879.0,10678.0,52627.0,57118.0,4439.0,,462594.0,4.8,5.0,4.6,5.8,3.1,1.5,3.4,-2.7,10.1,5.7,5.9,18.1,3.7,2.5,6.8,1.1,2.2,5.8,5.4,0.8,,4.7,83.0,82.0,84.1,103.4,84.7,45.4,92.7,88.8,88.7,74.9,92.7,98.4,70.6,90.9,80.9,77.2,79.6,78.3,79.0,87.9,,83.5,197344.0,159361.0,37983.0,42035.0,49114.0,7079.0,146814.0,56326.0,90488.0,386193.0,,,,53355.0,61757.0,8376.0,,63433.0,,462594.0,,,,5.2,5.6,7.6,,6.3,,4.7,,,,78.8,79.5,84.5,,88.8,,83.5,369932.0,281641.0,195774.0,85867.0,88383.0,76732.0,11651.0,-92.0,243457.0,188543.0,54914.0,227196.0,171471.0,55725.0,386193.0,438567.0,337771.0,230668.0,107003.0,100379.0,87285.0,13100.0,33.0,263768.0,200268.0,63839.0,240006.0,174700.0,65787.0,462594.0,4.9,4.5,5.3,2.8,8.7,8.7,8.1,,8.7,8.4,9.8,9.3,9.3,9.4,4.7,84.4,83.4,84.9,80.2,88.0,87.9,88.9,,92.3,94.1,86.0,94.7,98.2,84.7,83.5
31,2000JJ00,806161.0,432746.0,373415.0,9359.0,71271.0,9050.0,54655.0,4060.0,3506.0,21281.0,79571.0,17779.0,22675.0,30701.0,42201.0,69390.0,9187.0,43833.0,48060.0,4227.0,712.0,417960.0,920052.0,494521.0,425829.0,8618.0,80232.0,13176.0,58432.0,4979.0,3855.0,26783.0,83634.0,18797.0,29513.0,31895.0,50339.0,85116.0,11043.0,54445.0,58918.0,4437.0,,480825.0,4.7,5.3,4.0,1.8,5.6,-4.7,7.1,4.3,4.1,3.5,5.0,16.0,-2.4,2.1,4.4,1.5,3.4,3.5,3.2,-0.1,,3.9,87.6,87.5,87.7,108.6,88.8,68.7,93.5,81.5,91.0,79.5,95.1,94.6,76.8,96.3,83.8,81.5,83.2,80.5,81.6,95.3,,86.9,211803.0,170718.0,41085.0,44975.0,52381.0,7406.0,161182.0,61308.0,99874.0,417960.0,,,,55389.0,63710.0,8318.0,,67098.0,,480825.0,,,,3.8,3.2,-0.7,,5.8,,3.9,,,,81.2,82.2,89.0,,91.4,,86.9,394776.0,302694.0,210823.0,91871.0,91652.0,78540.0,13112.0,430.0,292916.0,232334.0,60582.0,269732.0,208558.0,61174.0,417960.0,450575.0,348532.0,239268.0,109089.0,100979.0,86497.0,14472.0,760.0,299256.0,230975.0,68310.0,269229.0,199392.0,69834.0,480825.0,2.7,3.2,3.7,1.9,0.6,-0.9,10.5,,13.5,15.3,7.0,12.2,14.1,6.2,3.9,87.6,86.8,88.1,84.2,90.8,90.8,90.6,,97.9,100.6,88.7,100.2,104.6,87.6,86.9
32,2001JJ00,853164.0,455608.0,397556.0,9614.0,74402.0,11078.0,55228.0,4448.0,3648.0,23089.0,83016.0,19549.0,24345.0,31688.0,46207.0,75671.0,9975.0,49167.0,53104.0,3937.0,1008.0,447731.0,937566.0,504072.0,433798.0,8193.0,81151.0,14115.0,58420.0,5214.0,3845.0,27279.0,83667.0,20684.0,29672.0,32418.0,52365.0,87226.0,11499.0,55887.0,60289.0,4392.0,,490085.0,1.9,1.9,1.9,-4.9,1.1,7.1,0.0,4.7,-0.3,1.9,0.0,10.0,0.5,1.6,4.0,2.5,4.1,2.6,2.3,-1.0,,1.9,91.0,90.4,91.6,117.3,91.7,78.5,94.5,85.3,94.9,84.6,99.2,94.5,82.0,97.7,88.2,86.8,86.7,88.0,88.1,89.6,,91.4,227390.0,182607.0,44783.0,50145.0,57892.0,7747.0,170196.0,65865.0,104331.0,447731.0,,,,56699.0,65503.0,8778.0,,69812.0,,490085.0,,,,2.4,2.8,5.5,,4.0,,1.9,,,,88.4,88.4,88.3,,94.3,,91.4,421820.0,325629.0,224244.0,101385.0,94673.0,80110.0,14563.0,1518.0,301216.0,236721.0,64495.0,275305.0,209757.0,65548.0,447731.0,460842.0,357792.0,243639.0,114066.0,101143.0,85588.0,15548.0,1643.0,305044.0,235065.0,70059.0,275829.0,203493.0,72486.0,490085.0,2.3,2.7,1.8,4.6,0.2,-1.1,7.4,,1.9,1.8,2.6,2.5,2.1,3.8,1.9,91.5,91.0,92.0,88.9,93.6,93.6,93.7,,98.7,100.7,92.1,99.8,103.1,90.4,91.4
33,2002JJ00,870427.0,456053.0,414374.0,8988.0,75196.0,9964.0,55516.0,5879.0,3837.0,24159.0,87054.0,21109.0,26908.0,31192.0,45821.0,83286.0,10661.0,49706.0,53886.0,4180.0,1134.0,465214.0,930469.0,496094.0,434620.0,8048.0,82079.0,14180.0,58442.0,5943.0,4010.0,26426.0,82521.0,21577.0,30185.0,32811.0,49802.0,90027.0,11631.0,55439.0,59556.0,4112.0,,490459.0,-0.8,-1.6,0.2,-1.8,1.1,0.5,0.0,14.0,4.3,-3.1,-1.4,4.3,1.7,1.2,-4.9,3.2,1.2,-0.8,-1.2,-6.4,,0.1,93.5,91.9,95.3,111.7,91.6,70.3,95.0,98.9,95.7,91.4,105.5,97.8,89.1,95.1,92.0,92.5,91.7,89.7,90.5,101.7,,94.9,238825.0,189544.0,49281.0,50731.0,58890.0,8159.0,175658.0,69427.0,106231.0,465214.0,,,,56347.0,64914.0,8542.0,,71844.0,,490459.0,,,,-0.6,-0.9,-2.7,,2.9,,0.1,,,,90.0,90.7,95.5,,96.6,,94.9,434876.0,343289.0,233043.0,110246.0,92862.0,76437.0,16425.0,-1275.0,298450.0,232123.0,66327.0,268112.0,200904.0,67208.0,465214.0,458947.0,363717.0,245897.0,117794.0,96543.0,79404.0,17130.0,-1346.0,307867.0,238058.0,69813.0,276541.0,204216.0,72449.0,490459.0,-0.4,1.7,0.9,3.3,-4.5,-7.2,10.2,,0.9,1.3,-0.4,0.3,0.4,-0.1,0.1,94.8,94.4,94.8,93.6,96.2,96.3,95.9,,96.9,97.5,95.0,97.0,98.4,92.8,94.9
34,2003JJ00,883492.0,458236.0,425256.0,9300.0,77222.0,10395.0,56499.0,6238.0,4090.0,24169.0,85865.0,22338.0,30888.0,30337.0,45689.0,88567.0,10881.0,50978.0,55414.0,4436.0,711.0,476945.0,924808.0,488132.0,436743.0,8401.0,81180.0,13740.0,57917.0,5839.0,4102.0,25127.0,83782.0,22284.0,31609.0,32997.0,47988.0,92306.0,11339.0,55068.0,59298.0,4209.0,,492105.0,-0.6,-1.6,0.5,4.4,-1.1,-3.1,-0.9,-1.8,2.3,-4.9,1.5,3.3,4.7,0.6,-3.6,2.5,-2.5,-0.7,-0.4,2.4,,0.3,95.5,93.9,97.4,110.7,95.1,75.7,97.6,106.8,99.7,96.2,102.5,100.2,97.7,91.9,95.2,95.9,96.0,92.6,93.5,105.4,,96.9,245752.0,193799.0,51953.0,52345.0,60464.0,8119.0,178848.0,71461.0,107387.0,476945.0,,,,56314.0,64548.0,8225.0,,72981.0,,492105.0,,,,-0.1,-0.6,-3.7,,1.6,,0.3,,,,93.0,93.7,98.7,,97.9,,96.9,446985.0,354896.0,238103.0,116793.0,92848.0,75916.0,16932.0,-759.0,300498.0,233263.0,67235.0,270538.0,202221.0,68317.0,476945.0,460943.0,366658.0,245449.0,121213.0,95049.0,77837.0,17204.0,-768.0,312589.0,243186.0,69368.0,281603.0,210645.0,70920.0,492105.0,0.4,0.8,-0.2,2.9,-1.5,-2.0,0.4,,1.5,2.2,-0.6,1.8,3.1,-2.1,0.3,97.0,96.8,97.0,96.4,97.7,97.5,98.4,,96.1,95.9,96.9,96.1,96.0,96.3,96.9
35,2004JJ00,913856.0,476982.0,436874.0,8671.0,79959.0,11267.0,58850.0,5765.0,4077.0,24122.0,87967.0,22530.0,32221.0,31984.0,47061.0,91230.0,11129.0,53876.0,58040.0,4164.0,434.0,491184.0,942523.0,495620.0,446904.0,8872.0,84552.0,15222.0,60113.0,5877.0,4005.0,24487.0,87083.0,22424.0,34053.0,33132.0,48133.0,93069.0,11209.0,55756.0,59881.0,4122.0,,503111.0,1.9,1.5,2.3,5.6,4.2,10.8,3.8,0.7,-2.4,-2.5,3.9,0.6,7.7,0.4,0.3,0.8,-1.1,1.2,1.0,-2.1,,2.2,97.0,96.2,97.8,97.7,94.6,74.0,97.9,98.1,101.8,98.5,101.0,100.5,94.6,96.5,97.8,98.0,99.3,96.6,96.9,101.0,,97.6,251030.0,195648.0,55382.0,55042.0,63301.0,8259.0,185112.0,73498.0,111614.0,491184.0,,,,56812.0,65231.0,8404.0,,74332.0,,503111.0,,,,0.9,1.1,2.2,,1.8,,2.2,,,,96.9,97.0,98.3,,98.9,,97.6,454967.0,361723.0,242781.0,118942.0,92426.0,76610.0,15816.0,818.0,326111.0,256089.0,70022.0,289894.0,220710.0,69184.0,491184.0,463416.0,368982.0,247856.0,121125.0,93553.0,77624.0,15931.0,898.0,337223.0,265575.0,71644.0,297647.0,227671.0,69954.0,503111.0,0.5,0.6,1.0,-0.1,-1.6,-0.3,-7.4,,7.9,9.2,3.3,5.7,8.1,-1.4,2.2,98.2,98.0,98.0,98.2,98.8,98.7,99.3,,96.7,96.4,97.7,97.4,96.9,98.9,97.6
36,2005JJ00,962007.0,505825.0,456182.0,8826.0,84813.0,12532.0,61405.0,6933.0,3943.0,25264.0,90548.0,23372.0,35093.0,33212.0,50029.0,93645.0,11380.0,56587.0,60693.0,4106.0,638.0,513407.0,962007.0,505825.0,456182.0,8826.0,84813.0,12532.0,61405.0,6933.0,3943.0,25264.0,90548.0,23372.0,35093.0,33212.0,50029.0,93645.0,11380.0,56587.0,60693.0,4106.0,,513407.0,2.1,2.1,2.1,-0.5,0.3,-17.7,2.1,18.0,-1.5,3.2,4.0,4.2,3.1,0.2,3.9,0.6,1.5,1.5,1.4,-0.4,,2.0,100.0,100.0,100.0,100.0,100.0,100.0,100.0,100.0,100.0,100.0,100.0,100.0,100.0,100.0,100.0,100.0,100.0,100.0,100.0,100.0,,100.0,254563.0,199011.0,55552.0,58801.0,66292.0,7491.0,200043.0,75709.0,124334.0,513407.0,,,,58801.0,66292.0,7491.0,,75709.0,,513407.0,,,,3.5,1.6,-10.9,,1.9,,2.0,,,,100.0,100.0,100.0,,100.0,,100.0,469642.0,372028.0,250343.0,121685.0,97016.0,80132.0,16884.0,598.0,357453.0,281867.0,75586.0,313688.0,241157.0,72531.0,513407.0,469642.0,372028.0,250343.0,121685.0,97016.0,80132.0,16884.0,598.0,357453.0,281867.0,75586.0,313688.0,241157.0,72531.0,513407.0,1.3,0.8,1.0,0.5,3.7,3.2,6.0,,6.0,6.1,5.5,5.4,5.9,3.7,2.0,100.0,100.0,100.0,100.0,100.0,100.0,100.0,,100.0,100.0,100.0,100.0,100.0,100.0,100.0
37,2006JJ00,1021783.0,542771.0,479012.0,9808.0,90763.0,15906.0,62743.0,8015.0,4099.0,26930.0,94644.0,24482.0,32415.0,37022.0,54933.0,96363.0,11652.0,61048.0,65217.0,4169.0,156.0,540216.0,996752.0,525376.0,471376.0,8747.0,86504.0,12201.0,63527.0,6757.0,4019.0,25860.0,95930.0,24721.0,36972.0,33234.0,53293.0,94504.0,11611.0,58793.0,62950.0,4157.0,,530833.0,3.6,3.9,3.3,-0.9,2.0,-2.6,3.5,-2.5,1.9,2.4,5.9,5.8,5.4,0.1,6.5,0.9,2.0,3.9,3.7,1.2,,3.4,102.5,103.3,101.6,112.1,104.9,130.4,98.8,118.6,102.0,104.1,98.7,99.0,87.7,111.4,103.1,102.0,100.4,103.8,103.6,100.3,,101.8,264925.0,207545.0,57380.0,63188.0,70859.0,7671.0,212103.0,78594.0,133509.0,540216.0,,,,60949.0,68594.0,7645.0,,77184.0,,530833.0,,,,3.7,3.5,2.1,,1.9,,3.4,,,,103.7,103.3,100.3,,101.8,,101.8,498410.0,390317.0,254875.0,135442.0,106373.0,88536.0,17837.0,1720.0,393475.0,316270.0,77205.0,351669.0,274775.0,76894.0,540216.0,488777.0,382772.0,249482.0,133290.0,104275.0,86707.0,17568.0,1730.0,383443.0,306425.0,77018.0,341387.0,265356.0,76031.0,530833.0,4.1,2.9,-0.3,9.5,7.5,8.2,4.1,,7.3,8.7,1.9,8.8,10.0,4.8,3.4,102.0,102.0,102.2,101.6,102.0,102.1,101.5,,102.6,103.2,100.2,103.0,103.5,101.1,101.8
38,2007JJ00,1085522.0,577872.0,507650.0,9738.0,96280.0,15637.0,67416.0,9016.0,4211.0,28914.0,101033.0,26200.0,30014.0,41230.0,60868.0,101224.0,12149.0,64718.0,68385.0,3667.0,-595.0,571773.0,1037354.0,547245.0,490102.0,9088.0,89899.0,12183.0,67282.0,6616.0,4062.0,27301.0,101209.0,26253.0,38608.0,33331.0,56700.0,96003.0,11887.0,60836.0,65023.0,4184.0,,551645.0,4.1,4.2,4.0,3.9,3.9,-0.2,5.9,-2.1,1.1,5.6,5.5,6.2,4.4,0.3,6.4,1.6,2.4,3.5,3.3,0.6,,3.9,104.6,105.6,103.6,107.2,107.1,128.4,100.2,136.3,103.7,105.9,99.8,99.8,77.7,123.7,107.4,105.4,102.2,106.4,105.2,87.6,,103.6,280309.0,220159.0,60150.0,66178.0,74333.0,8155.0,225286.0,82072.0,143214.0,571773.0,,,,63434.0,70812.0,7361.0,,79140.0,,551645.0,,,,4.1,3.2,-3.7,,2.5,,3.9,,,,104.3,105.0,110.8,,103.7,,103.6,524778.0,407971.0,264099.0,143872.0,114340.0,95354.0,18986.0,2467.0,424229.0,342311.0,81918.0,377234.0,298650.0,78584.0,571773.0,504296.0,391844.0,253864.0,137988.0,110035.0,91727.0,18307.0,2415.0,407966.0,326477.0,81476.0,360618.0,283487.0,77054.0,551645.0,3.2,2.4,1.8,3.5,5.5,5.8,4.2,,6.4,6.5,5.8,5.6,6.8,1.3,3.9,104.1,104.1,104.0,104.3,103.9,104.0,103.7,,104.0,104.9,100.5,104.6,105.3,102.0,103.6
39,2008JJ00,1149443.0,621204.0,528239.0,8837.0,103046.0,21541.0,67700.0,9445.0,4360.0,30956.0,102011.0,26376.0,30058.0,42434.0,64800.0,107168.0,12553.0,65797.0,69296.0,3499.0,445.0,594481.0,1057786.0,557514.0,500273.0,9285.0,90570.0,13174.0,66292.0,6853.0,4173.0,28177.0,101700.0,26906.0,41116.0,33475.0,59009.0,98740.0,11930.0,60963.0,65070.0,4085.0,,561597.0,2.0,1.9,2.1,2.2,0.7,8.1,-1.5,3.6,2.7,3.2,0.5,2.5,6.5,0.4,4.1,2.9,0.4,0.2,0.1,-2.4,,1.8,108.7,111.4,105.6,95.2,113.8,163.5,102.1,137.8,104.5,109.9,100.3,98.0,73.1,126.8,109.8,108.5,105.2,107.9,106.5,85.7,,105.9,294716.0,230750.0,63966.0,67486.0,75719.0,8233.0,232279.0,85412.0,146867.0,594481.0,,,,63484.0,70904.0,7402.0,,80778.0,,561597.0,,,,0.1,0.1,0.6,,2.1,,1.8,,,,106.3,106.8,111.2,,105.7,,105.9,545086.0,423230.0,270417.0,152813.0,121849.0,101314.0,20535.0,7.0,453442.0,362462.0,90980.0,404047.0,319259.0,84788.0,594481.0,514398.0,398967.0,257164.0,141808.0,114962.0,95661.0,19301.0,470.0,416197.0,330377.0,85922.0,368988.0,288819.0,80132.0,561597.0,2.0,1.8,1.3,2.8,4.5,4.3,5.4,,2.0,1.2,5.5,2.3,1.9,4.0,1.8,106.0,106.1,105.2,107.8,106.0,105.9,106.4,,108.9,109.7,105.9,109.5,110.5,105.8,105.9
40,2009JJ00,1096415.0,585563.0,510852.0,7898.0,92840.0,15556.0,60025.0,12895.0,4364.0,30678.0,94259.0,25022.0,38022.0,33161.0,61751.0,114103.0,13118.0,59608.0,63324.0,3716.0,2775.0,573235.0,1018240.0,534600.0,483757.0,9700.0,84246.0,12494.0,60188.0,6933.0,4212.0,26636.0,94751.0,25869.0,40678.0,33365.0,55078.0,102374.0,11807.0,56892.0,61157.0,4350.0,,541000.0,-3.7,-4.1,-3.3,4.5,-7.0,-5.2,-9.2,1.2,0.9,-5.5,-6.8,-3.9,-1.1,-0.3,-6.7,3.7,-1.0,-6.7,-6.0,6.5,,-3.7,107.7,109.5,105.6,81.4,110.2,124.5,99.7,186.0,103.6,115.2,99.5,96.7,93.5,99.4,112.1,111.5,111.1,104.8,103.5,85.4,,106.0,298488.0,233570.0,64918.0,60170.0,70147.0,9977.0,214577.0,87974.0,126603.0,573235.0,,,,59617.0,67151.0,7493.0,,82187.0,,541000.0,,,,-6.1,-5.3,1.2,,1.7,,-3.7,,,,100.9,104.5,133.1,,107.0,,106.0,533168.0,427677.0,263537.0,164140.0,108774.0,87234.0,21540.0,-3283.0,393050.0,300908.0,92142.0,352983.0,264680.0,88303.0,573235.0,499981.0,400861.0,251867.0,148841.0,101148.0,80985.0,20148.0,-2016.0,383967.0,299511.0,84741.0,342881.0,261614.0,81536.0,541000.0,-2.8,0.5,-2.1,5.0,-12.0,-15.3,4.4,,-7.7,-9.3,-1.4,-7.1,-9.4,1.8,-3.7,106.6,106.7,104.6,110.3,107.5,107.7,106.9,,102.4,100.5,108.7,102.9,101.2,108.3,106.0
41,2010JJ00,1137237.0,613117.0,524120.0,9367.0,96966.0,16109.0,63879.0,12477.0,4501.0,28021.0,97586.0,25205.0,43679.0,32222.0,59867.0,117784.0,13423.0,62796.0,66462.0,3666.0,-127.0,586789.0,1026640.0,534925.0,491985.0,9641.0,90554.0,14286.0,63976.0,7435.0,4221.0,23810.0,97760.0,25646.0,41741.0,33844.0,53590.0,104721.0,11670.0,56720.0,60946.0,4305.0,,549265.0,0.8,0.1,1.7,-0.6,7.5,14.3,6.3,7.2,0.2,-10.6,3.2,-0.9,2.6,1.4,-2.7,2.3,-1.2,-0.3,-0.3,-1.0,,1.5,110.8,114.6,106.5,97.2,107.1,112.8,99.8,167.8,106.6,117.7,99.8,98.3,104.6,95.2,111.7,112.5,115.0,110.7,109.1,85.2,,106.8,300491.0,234552.0,65939.0,63454.0,73549.0,10095.0,222844.0,89725.0,133119.0,586789.0,,,,59473.0,67091.0,7556.0,,82764.0,,549265.0,,,,-0.2,-0.1,0.8,,0.7,,1.5,,,,106.7,109.6,133.6,,108.4,,106.8,539506.0,435169.0,268199.0,166970.0,101885.0,80548.0,21337.0,2452.0,461717.0,361676.0,100041.0,414434.0,319826.0,94608.0,586789.0,499513.0,402329.0,252611.0,149556.0,93620.0,73827.0,19788.0,3783.0,428468.0,338248.0,90844.0,378139.0,292769.0,85946.0,549265.0,-0.1,0.4,0.3,0.5,-7.4,-8.8,-1.8,,11.6,12.9,7.2,10.3,11.9,5.4,1.5,108.0,108.2,106.2,111.6,108.8,109.1,107.8,,107.8,106.9,110.1,109.6,109.2,110.1,106.8
42,2011JJ00,1183191.0,646573.0,536618.0,8743.0,102596.0,18777.0,68047.0,11192.0,4580.0,28986.0,100610.0,25232.0,42735.0,34640.0,60201.0,119206.0,13669.0,61425.0,64905.0,3480.0,1004.0,599047.0,1034735.0,537266.0,497884.0,9784.0,90805.0,13325.0,66030.0,6991.0,4265.0,25048.0,100240.0,25742.0,41044.0,34467.0,53639.0,106503.0,11605.0,56299.0,60379.0,4128.0,,554453.0,0.8,0.4,1.2,1.5,0.3,-6.7,3.2,-6.0,1.0,5.2,2.5,0.4,-1.7,1.8,0.1,1.7,-0.6,-0.7,-0.9,-4.1,,0.9,114.3,120.3,107.8,89.4,113.0,140.9,103.1,160.1,107.4,115.7,100.4,98.0,104.1,100.5,112.2,111.9,117.8,109.1,107.5,84.3,,108.0,306215.0,238903.0,67312.0,62548.0,72147.0,9599.0,230284.0,88944.0,141340.0,599047.0,,,,59306.0,66509.0,7211.0,,82745.0,,554453.0,,,,-0.3,-0.9,-4.6,,0.0,,0.9,,,,105.5,108.5,133.1,,107.5,,108.0,547623.0,439093.0,271763.0,167330.0,106866.0,86837.0,20029.0,1664.0,502393.0,397068.0,105325.0,450969.0,351874.0,99095.0,599047.0,503366.0,399930.0,249905.0,149806.0,99290.0,80855.0,18398.0,4359.0,445822.0,352650.0,93841.0,393941.0,306422.0,88131.0,554453.0,0.8,-0.6,-1.1,0.2,6.1,9.5,-7.0,,4.1,4.3,3.3,4.2,4.7,2.5,0.9,108.8,109.8,108.7,111.7,107.6,107.4,108.9,,112.7,112.6,112.2,114.5,114.8,112.4,108.0
43,2012JJ00,1195892.0,657855.0,538037.0,9072.0,104254.0,20652.0,67968.0,11131.0,4503.0,26551.0,100150.0,24544.0,46385.0,31551.0,59499.0,122210.0,13821.0,60261.0,63588.0,3327.0,1040.0,599338.0,1021785.0,530055.0,492196.0,9811.0,89957.0,13294.0,65368.0,6853.0,4256.0,23006.0,99131.0,25265.0,39822.0,34982.0,53019.0,106803.0,11489.0,55180.0,59061.0,3894.0,,547538.0,-1.3,-1.3,-1.1,0.3,-0.9,-0.2,-1.0,-2.0,-0.2,-8.2,-1.1,-1.9,-3.0,1.5,-1.2,0.3,-1.0,-2.0,-2.2,-5.7,,-1.2,117.0,124.1,109.3,92.5,115.9,155.4,104.0,162.4,105.8,115.4,101.0,97.1,116.5,90.2,112.2,114.4,120.3,109.2,107.7,85.4,,109.5,309190.0,239022.0,70168.0,62174.0,71056.0,8882.0,227974.0,89044.0,138930.0,599338.0,,,,58191.0,64720.0,6637.0,,83031.0,,547538.0,,,,-1.9,-2.7,-8.0,,0.3,,-1.2,,,,106.8,109.8,133.8,,107.2,,109.5,548989.0,443908.0,273294.0,170614.0,102007.0,82010.0,19997.0,3074.0,527583.0,420358.0,107225.0,477234.0,374386.0,102848.0,599338.0,495488.0,394790.0,245801.0,148749.0,95312.0,77115.0,18156.0,5599.0,460127.0,365203.0,95611.0,407063.0,317540.0,90135.0,547538.0,-1.6,-1.3,-1.6,-0.7,-4.0,-4.6,-1.3,,3.2,3.6,1.9,3.3,3.6,2.3,-1.2,110.8,112.4,111.2,114.7,107.0,106.3,110.1,,114.7,115.1,112.1,117.2,117.9,114.1,109.5
