ID,Bronnen,Perioden,CO2_1,NMVOS_2,CH4_3,SO2_4,N2O_5,CO_6,NOx_7,NH3_8,PM10_9,PM25_10
0,T001176  ,1990JJ00,171300,608.31,1276.1,243.0,60.72,1202.5,720.4,344.5,83.54,60.23
1,T001176  ,1995JJ00,181200,429.7,1186.34,182.9,61.2,927.9,620.1,218.18,66.12,48.61
2,T001176  ,2000JJ00,183000,339.09,968.47,139.9,54.17,777.0,556.0,173.54,55.53,40.14
3,T001176  ,2001JJ00,188700,310.87,942.31,141.1,51.07,773.5,548.1,167.32,53.89,38.97
4,T001176  ,2002JJ00,188300,295.47,896.67,133.5,48.03,758.3,533.4,160.01,52.6,37.29
5,T001176  ,2003JJ00,191500,288.98,865.79,128.2,47.64,757.9,529.2,156.97,50.75,36.73
6,T001176  ,2004JJ00,194400,271.28,849.67,128.3,48.9,779.1,518.1,156.77,49.58,35.49
7,T001176  ,2005JJ00,191100,274.95,790.87,129.5,48.73,748.0,508.4,154.13,48.62,34.47
8,T001176  ,2006JJ00,185600,269.35,772.9,132.9,49.02,744.7,501.9,156.95,48.09,34.29
9,T001176  ,2007JJ00,185500,271.67,774.74,122.3,43.7,725.8,478.5,153.16,46.12,31.84
10,T001176  ,2008JJ00,189400,267.7,783.95,93.0,31.09,724.7,457.6,140.49,43.68,29.52
11,T001176  ,2009JJ00,186000,268.45,777.19,77.9,30.55,662.9,425.4,136.32,41.58,27.87
12,T001176  ,2010JJ00,198400,278.99,774.28,70.1,29.6,691.9,419.6,133.91,41.17,27.44
13,T001176  ,2011JJ00,185000,272.02,751.53,59.9,28.89,648.2,407.0,131.93,38.58,24.77
14,T001176  ,2012JJ00,182800,265.16,734.95,58.2,28.38,630.5,387.7,126.26,37.31,23.42
15,T001176  ,2013JJ00,181600,264.91,734.33,52.0,29.16,607.6,370.7,123.7,36.79,22.92
16,T001176  ,2014JJ00,175800,249.12,716.98,52.8,29.68,571.9,363.4,127.3,35.7,21.68
17,T001176  ,2015JJ00,183200,258.04,725.12,42.5,30.51,579.3,370.9,128.77,35.25,21.34
18,T001176  ,2016JJ00,184700,254.34,730.01,33.9,29.54,563.4,360.6,130.02,33.99,20.11
19,T001176  ,2017JJ00,181800,254.8,716.93,32.0,30.42,549.6,347.5,131.97,33.31,19.52
20,T001176  ,2018JJ00,178400,247.71,693.58,29.5,29.69,534.1,343.8,129.76,33.15,19.39
21,T001176  ,2019JJ00,174900,243.34,689.35,26.8,29.32,514.6,335.4,124.43,32.18,18.69
22,T001176  ,2020JJ00,163100,276.47,678.97,23.0,28.76,460.1,316.2,123.42,30.23,17.36
23,T001176  ,2021JJ00,169200,283.82,669.56,24.2,27.65,452.4,308.4,122.07,28.72,16.65
24,A025447  ,1990JJ00,136700,394.41,1267.57,170.7,60.22,369.5,280.6,343.56,52.55,31.64
25,A025447  ,1995JJ00,144600,288.32,1180.5,109.7,60.24,323.8,237.9,215.97,39.52,24.48
26,A025447  ,2000JJ00,142300,244.44,963.99,63.1,53.07,267.4,184.5,169.09,30.48,17.77
27,A025447  ,2001JJ00,147500,223.19,937.98,67.1,49.98,268.0,181.3,162.5,29.46,17.22
28,A025447  ,2002JJ00,146900,214.96,892.46,60.6,46.95,252.9,175.8,154.9,29.2,16.58
29,A025447  ,2003JJ00,149600,213.63,861.68,56.5,46.58,252.2,175.9,151.72,28.1,16.77
30,A025447  ,2004JJ00,151900,200.18,845.65,59.1,47.85,273.8,167.8,151.34,27.71,16.33
31,A025447  ,2005JJ00,148900,208.21,786.99,57.9,47.71,260.6,163.7,149.0,27.15,15.76
32,A025447  ,2006JJ00,143400,205.41,769.1,58.3,48.0,267.3,157.1,152.0,27.07,16.05
33,A025447  ,2007JJ00,143600,210.68,770.99,55.3,42.66,252.9,145.7,148.39,26.51,15.0
34,A025447  ,2008JJ00,147900,208.44,780.25,47.8,30.03,264.0,143.8,136.12,26.35,14.86
35,A025447  ,2009JJ00,145500,212.59,773.66,35.4,29.48,213.1,131.6,132.21,25.34,14.28
36,A025447  ,2010JJ00,157800,226.74,770.9,32.9,28.48,251.9,134.1,129.99,26.08,14.97
37,A025447  ,2011JJ00,144300,222.21,748.26,33.3,27.72,217.5,123.1,128.27,24.93,13.69
38,A025447  ,2012JJ00,143000,218.55,731.8,33.6,27.15,216.7,119.8,122.87,24.64,13.28
39,A025447  ,2013JJ00,142900,219.91,731.19,29.3,27.9,206.1,119.2,120.36,25.0,13.61
40,A025447  ,2014JJ00,136800,205.98,713.83,28.8,28.43,183.7,110.1,124.09,24.02,12.5
41,A025447  ,2015JJ00,143400,215.47,721.91,30.0,29.17,196.5,113.4,125.51,24.28,12.89
42,A025447  ,2016JJ00,144400,212.14,726.77,27.9,28.17,191.8,108.1,126.72,24.14,12.81
43,A025447  ,2017JJ00,141400,212.78,713.65,26.3,28.94,180.3,102.4,128.45,23.87,12.66
44,A025447  ,2018JJ00,137200,207.28,689.84,24.4,28.23,181.0,100.1,126.33,23.76,12.62
45,A025447  ,2019JJ00,133800,204.01,685.41,22.1,27.83,180.5,96.0,120.99,23.07,12.22
46,A025447  ,2020JJ00,125400,240.19,675.08,19.0,27.37,164.3,90.5,120.29,21.83,11.32
47,A025447  ,2021JJ00,131200,248.14,665.77,20.2,26.22,166.8,91.2,118.77,20.48,10.84
48,800044   ,1990JJ00,52900,33.03,80.02,112.7,0.42,11.3,103.9,0.01,7.94,6.03
49,800044   ,1995JJ00,61400,27.82,80.15,78.3,0.46,11.1,83.2,0.01,5.35,4.17
50,800044   ,2000JJ00,63300,28.04,41.15,48.2,0.42,18.0,64.9,0.02,3.65,2.57
51,800044   ,2001JJ00,67600,20.21,40.87,50.6,0.46,15.9,62.7,0.03,3.3,2.51
52,800044   ,2002JJ00,68100,18.56,39.4,44.4,0.48,19.7,62.9,0.02,2.94,2.06
53,800044   ,2003JJ00,69000,17.05,38.84,43.7,0.48,19.8,63.8,0.07,3.29,2.36
54,800044   ,2004JJ00,70900,15.32,37.29,43.1,0.49,12.9,56.6,0.08,2.41,1.69
55,800044   ,2005JJ00,69600,19.68,40.06,42.1,0.54,13.7,55.2,0.19,2.15,1.65
56,800044   ,2006JJ00,64400,17.75,36.27,42.2,0.5,11.9,52.0,0.0,2.08,1.87
57,800044   ,2007JJ00,66100,16.88,38.74,38.7,0.52,8.8,43.4,0.01,1.76,1.26
58,800044   ,2008JJ00,66000,16.4,40.35,32.1,0.49,10.6,38.1,0.05,1.67,1.22
59,800044   ,2009JJ00,65600,14.45,35.36,24.2,0.5,9.8,32.3,0.02,0.87,0.58
60,800044   ,2010JJ00,68300,15.22,38.54,19.4,0.51,10.6,32.6,0.02,0.55,0.42
61,800044   ,2011JJ00,63900,15.97,38.88,19.2,0.48,11.1,29.1,0.02,0.43,0.3
62,800044   ,2012JJ00,60700,15.38,36.33,22.1,0.51,11.0,28.3,0.03,0.32,0.18
63,800044   ,2013JJ00,59700,15.54,32.75,19.5,0.49,9.7,29.5,0.03,0.46,0.3
64,800044   ,2014JJ00,63100,13.97,31.68,18.3,0.52,8.6,26.8,0.02,0.53,0.41
65,800044   ,2015JJ00,67600,13.13,30.92,19.7,0.62,9.4,27.6,0.02,0.63,0.49
66,800044   ,2016JJ00,65900,11.65,29.21,17.1,0.58,8.4,23.4,0.03,0.47,0.37
67,800044   ,2017JJ00,61700,10.83,25.64,15.3,0.52,5.4,21.5,0.03,0.45,0.32
68,800044   ,2018JJ00,58000,8.49,23.06,13.6,0.47,6.1,20.7,0.04,0.37,0.3
69,800044   ,2019JJ00,57200,7.49,23.14,11.3,0.48,5.9,19.4,0.05,0.33,0.27
70,800044   ,2020JJ00,50200,6.86,22.47,8.8,0.44,5.9,17.0,0.06,0.27,0.22
71,800044   ,2021JJ00,52400,5.87,20.62,10.4,0.58,6.6,17.7,0.04,0.29,0.24
72,305800   ,1990JJ00,2300,15.9,77.35,1.5,0.0,1.4,7.9,0.0,0.02,0.02
73,305800   ,1995JJ00,2000,13.69,76.83,0.8,0.0,2.4,7.0,0.0,0.0,0.0
74,305800   ,2000JJ00,2000,10.77,37.3,0.3,0.0,1.1,5.8,0.0,0.0,0.0
75,305800   ,2001JJ00,2000,9.84,36.78,0.4,0.0,1.6,6.6,0.0,0.0,0.0
76,305800   ,2002JJ00,2100,8.89,35.12,0.4,0.0,1.0,6.3,0.0,0.0,0.0
77,305800   ,2003JJ00,2000,7.59,34.62,0.2,0.0,1.3,5.8,0.0,0.0,0.0
78,305800   ,2004JJ00,2100,6.3,32.66,0.2,0.0,1.7,5.1,0.0,0.0,0.0
79,305800   ,2005JJ00,2200,6.39,35.18,0.2,0.0,1.6,5.2,0.0,0.0,0.0
80,305800   ,2006JJ00,2100,6.21,31.67,0.2,0.0,1.4,5.2,0.0,0.0,0.0
81,305800   ,2007JJ00,1900,7.51,34.28,0.2,0.03,0.8,4.9,0.0,0.0,0.0
82,305800   ,2008JJ00,1900,7.44,35.96,0.2,0.03,0.9,4.8,0.0,0.01,0.01
83,305800   ,2009JJ00,2000,6.49,30.25,0.2,0.02,0.6,2.8,0.0,0.0,0.0
84,305800   ,2010JJ00,2100,6.62,33.28,0.3,0.03,,4.4,0.0,0.0,0.0
85,305800   ,2011JJ00,2000,8.56,33.51,0.4,0.03,,4.5,0.0,0.0,0.0
86,305800   ,2012JJ00,2100,7.2,31.71,0.3,0.03,,4.9,0.0,0.0,0.0
87,305800   ,2013JJ00,2200,6.56,28.9,0.4,0.03,,5.2,0.0,0.0,0.0
88,305800   ,2014JJ00,2200,6.0,28.01,0.3,0.03,,5.7,0.0,0.0,0.0
89,305800   ,2015JJ00,1900,6.23,26.68,0.2,0.03,,5.5,0.0,0.0,0.0
90,305800   ,2016JJ00,1700,5.27,24.8,0.1,0.03,,4.0,0.0,0.0,0.0
91,305800   ,2017JJ00,1800,4.68,21.43,0.1,0.04,,3.7,0.0,0.0,0.0
92,305800   ,2018JJ00,1700,2.91,18.7,0.0,0.03,,3.4,0.0,0.0,0.0
93,305800   ,2019JJ00,1500,2.55,18.05,0.1,0.09,,2.4,0.0,0.0,0.0
94,305800   ,2020JJ00,1500,2.51,16.74,0.1,0.06,,2.4,0.0,0.0,0.0
95,305800   ,2021JJ00,1400,1.9,15.3,0.1,0.05,,2.4,0.0,0.0,0.0
96,320300   ,1990JJ00,11000,16.58,1.13,67.1,0.05,4.9,18.8,0.01,6.46,4.92
97,320300   ,1995JJ00,11600,13.54,1.03,61.2,0.05,2.2,17.0,0.01,4.78,3.85
98,320300   ,2000JJ00,12400,15.73,0.9,33.1,0.04,2.8,10.3,0.01,3.34,2.34
99,320300   ,2001JJ00,12700,10.1,0.86,34.7,0.04,2.1,10.2,0.03,2.93,2.24
100,320300   ,2002JJ00,11700,9.22,0.87,30.3,0.03,4.4,9.9,0.01,2.42,1.7
101,320300   ,2003JJ00,12200,9.1,0.89,29.5,0.04,3.9,9.8,0.0,2.83,2.06
102,320300   ,2004JJ00,12200,8.7,0.94,32.3,0.04,3.6,9.3,0.0,1.99,1.4
103,320300   ,2005JJ00,12400,12.82,0.87,32.2,0.04,4.8,9.1,0.0,1.65,1.28
104,320300   ,2006JJ00,11600,10.72,0.84,32.4,0.04,5.2,10.1,0.0,1.71,1.6
105,320300   ,2007JJ00,11600,9.04,0.95,29.9,0.04,4.0,9.3,0.0,1.46,1.04
106,320300   ,2008JJ00,11800,8.64,0.83,25.7,0.04,5.3,8.5,0.0,1.36,1.01
107,320300   ,2009JJ00,10800,7.65,1.26,17.9,0.03,5.7,6.2,0.0,0.55,0.34
108,320300   ,2010JJ00,10600,8.01,1.03,12.7,0.02,6.3,5.6,0.0,0.29,0.23
109,320300   ,2011JJ00,10800,6.79,1.48,12.5,0.03,7.3,5.7,0.0,0.32,0.22
110,320300   ,2012JJ00,10500,6.94,1.31,13.9,0.03,5.9,5.3,0.0,0.21,0.11
111,320300   ,2013JJ00,10300,7.24,0.86,9.9,0.03,4.5,5.5,0.0,0.24,0.17
112,320300   ,2014JJ00,10700,6.4,0.87,9.7,0.03,4.7,5.2,0.0,0.24,0.19
113,320300   ,2015JJ00,11200,6.26,0.9,11.1,0.03,5.6,5.2,0.0,0.27,0.23
114,320300   ,2016JJ00,10700,5.76,0.92,11.2,0.03,4.8,5.0,0.01,0.23,0.18
115,320300   ,2017JJ00,10100,5.55,0.91,11.1,0.03,2.0,4.8,0.01,0.23,0.18
116,320300   ,2018JJ00,10200,4.97,1.04,9.8,0.03,2.1,4.9,0.01,0.23,0.18
117,320300   ,2019JJ00,11000,4.32,1.08,8.7,0.03,2.6,5.2,0.01,0.22,0.18
118,320300   ,2020JJ00,10000,3.79,1.03,7.2,0.03,2.5,4.4,0.01,0.19,0.15
119,320300   ,2021JJ00,10500,3.42,0.94,8.1,0.03,2.5,4.5,0.01,0.17,0.14
120,346700   ,1990JJ00,39500,0.54,1.53,44.1,0.38,5.1,77.2,0.0,1.46,1.09
121,346700   ,1995JJ00,47800,0.59,2.3,16.3,0.41,6.4,59.2,0.0,0.57,0.33
122,346700   ,2000JJ00,48900,1.55,2.96,14.8,0.38,14.1,48.8,0.01,0.31,0.23
123,346700   ,2001JJ00,52800,0.27,3.23,15.5,0.42,12.2,46.0,0.0,0.37,0.27
124,346700   ,2002JJ00,54300,0.44,3.41,13.6,0.44,14.2,46.7,0.01,0.52,0.36
125,346700   ,2003JJ00,54800,0.35,3.32,13.9,0.44,14.5,48.3,0.06,0.47,0.3
126,346700   ,2004JJ00,56600,0.32,3.69,10.6,0.45,7.6,42.1,0.08,0.42,0.29
127,346700   ,2005JJ00,55100,0.48,4.01,9.7,0.5,7.3,40.9,0.19,0.5,0.36
128,346700   ,2006JJ00,50700,0.82,3.77,9.6,0.46,5.3,36.8,0.0,0.36,0.27
129,346700   ,2007JJ00,52600,0.33,3.5,8.6,0.45,4.1,29.1,0.01,0.31,0.22
130,346700   ,2008JJ00,52300,0.31,3.56,6.1,0.43,4.4,24.8,0.05,0.3,0.19
131,346700   ,2009JJ00,52900,0.31,3.86,6.0,0.45,3.6,23.3,0.02,0.32,0.24
132,346700   ,2010JJ00,55600,0.59,4.23,6.4,0.46,4.3,22.7,0.02,0.26,0.19
133,346700   ,2011JJ00,51200,0.62,3.89,6.4,0.43,3.8,18.8,0.02,0.1,0.08
134,346700   ,2012JJ00,48100,1.24,3.3,7.9,0.46,5.1,18.1,0.03,0.1,0.07
135,346700   ,2013JJ00,47200,1.74,2.98,9.2,0.43,5.2,18.7,0.03,0.22,0.13
136,346700   ,2014JJ00,50300,1.58,2.81,8.4,0.46,3.9,15.9,0.02,0.29,0.21
137,346700   ,2015JJ00,54500,0.65,3.34,8.4,0.56,3.8,16.9,0.02,0.36,0.26
138,346700   ,2016JJ00,53500,0.62,3.49,5.8,0.52,3.6,14.4,0.02,0.24,0.2
139,346700   ,2017JJ00,49800,0.6,3.3,4.0,0.45,3.4,13.1,0.02,0.22,0.14
140,346700   ,2018JJ00,46100,0.6,3.32,3.8,0.41,3.9,12.4,0.03,0.14,0.11
141,346700   ,2019JJ00,44600,0.62,4.02,2.5,0.36,3.3,11.7,0.04,0.11,0.09
142,346700   ,2020JJ00,38700,0.56,4.7,1.5,0.36,3.4,10.2,0.04,0.07,0.06
143,346700   ,2021JJ00,40500,0.55,4.37,2.2,0.49,4.2,10.8,0.03,0.11,0.1
144,800045   ,1990JJ00,40500,159.43,14.0,51.4,24.01,267.4,79.0,4.71,27.74,15.12
145,800045   ,1995JJ00,35600,107.37,14.04,29.6,24.03,213.2,57.0,4.16,17.71,10.07
146,800045   ,2000JJ00,33700,75.76,14.81,14.0,23.35,159.4,35.1,2.7,10.63,5.76
147,800045   ,2001JJ00,33000,64.12,14.6,15.6,21.35,158.1,36.4,2.75,10.04,5.26
148,800045   ,2002JJ00,33500,61.14,15.93,15.4,20.45,143.9,35.5,2.45,10.53,5.31
149,800045   ,2003JJ00,34000,54.15,15.98,12.0,20.65,138.0,35.0,2.61,9.27,4.89
150,800045   ,2004JJ00,34200,50.31,15.99,15.3,22.58,164.9,36.1,3.2,9.31,5.06
151,800045   ,2005JJ00,33900,50.17,15.88,14.9,22.72,151.5,35.5,2.41,8.79,4.64
152,800045   ,2006JJ00,33900,47.31,14.7,15.3,22.57,158.5,33.7,2.16,8.67,4.62
153,800045   ,2007JJ00,34600,48.23,14.74,15.8,18.26,151.0,32.8,1.93,8.68,4.61
154,800045   ,2008JJ00,34600,44.2,14.42,14.7,6.08,152.2,32.5,2.0,8.17,4.27
155,800045   ,2009JJ00,31800,41.54,13.97,10.2,6.28,101.2,28.1,1.84,8.04,4.35
156,800045   ,2010JJ00,34900,49.11,14.82,12.4,5.35,122.9,30.4,1.76,8.14,4.39
157,800045   ,2011JJ00,34000,47.15,14.56,12.9,5.36,109.8,29.7,1.96,7.99,4.53
158,800045   ,2012JJ00,33300,43.58,14.56,10.5,5.4,104.0,28.4,1.68,7.53,3.88
159,800045   ,2013JJ00,32900,42.85,14.37,8.9,5.41,90.9,25.7,1.46,7.45,3.9
160,800045   ,2014JJ00,32100,41.25,14.61,9.6,5.65,90.8,24.9,1.33,7.42,3.83
161,800045   ,2015JJ00,32000,39.03,14.59,9.4,5.67,96.1,24.5,1.4,7.5,3.89
162,800045   ,2016JJ00,33800,33.75,14.74,9.0,4.98,92.5,24.8,1.68,7.77,4.03
163,800045   ,2017JJ00,35500,36.09,15.05,9.4,5.27,88.4,23.9,1.54,7.98,4.22
164,800045   ,2018JJ00,35400,36.15,14.56,9.6,4.82,90.4,23.5,1.6,7.91,4.15
165,800045   ,2019JJ00,34000,35.48,15.12,9.7,4.82,93.3,23.1,1.29,7.8,4.12
166,800045   ,2020JJ00,34400,34.36,16.19,9.3,4.38,82.2,21.6,1.56,7.53,3.8
167,800045   ,2021JJ00,34800,34.47,15.94,8.8,3.68,78.1,21.5,1.46,7.82,3.96
168,320705   ,1990JJ00,21500,34.24,12.25,20.0,23.82,23.9,38.8,3.31,4.43,2.78
169,320705   ,1995JJ00,16600,19.38,11.95,11.3,23.84,34.9,28.0,3.1,3.56,2.34
170,320705   ,2000JJ00,15700,13.28,12.42,3.1,23.15,26.5,15.1,1.83,1.54,1.02
171,320705   ,2001JJ00,15200,11.82,12.34,4.2,21.15,27.5,14.0,1.76,1.18,0.73
172,320705   ,2002JJ00,15600,10.79,13.78,4.1,20.29,24.6,14.0,1.51,1.54,1.01
173,320705   ,2003JJ00,16100,10.45,13.82,3.6,20.49,21.6,15.2,1.6,1.25,0.83
174,320705   ,2004JJ00,16000,10.53,13.88,4.2,22.42,24.3,15.3,2.15,1.38,0.91
175,320705   ,2005JJ00,15700,8.2,13.75,3.9,22.56,19.8,14.6,1.45,1.32,0.82
176,320705   ,2006JJ00,16300,8.38,12.62,4.0,22.42,19.5,13.9,1.26,1.28,0.79
177,320705   ,2007JJ00,16800,7.82,12.7,4.0,18.08,19.4,12.9,1.07,1.07,0.64
178,320705   ,2008JJ00,16500,7.7,12.31,3.3,5.88,16.1,13.1,1.13,0.91,0.54
179,320705   ,2009JJ00,15600,6.53,11.94,2.2,6.08,12.1,11.5,0.87,1.34,0.89
180,320705   ,2010JJ00,17600,6.64,12.81,2.1,5.17,11.9,12.2,0.74,1.42,0.95
181,320705   ,2011JJ00,16900,7.24,12.58,2.4,5.17,14.0,12.0,0.97,1.31,0.88
182,320705   ,2012JJ00,17000,9.19,12.71,2.1,5.21,16.1,11.3,0.79,1.39,0.92
183,320705   ,2013JJ00,16900,7.14,12.59,1.6,5.22,12.6,9.9,0.65,1.49,1.03
184,320705   ,2014JJ00,16500,6.91,12.81,1.8,5.46,11.2,9.5,0.59,1.34,0.86
185,320705   ,2015JJ00,15700,6.0,12.66,1.6,5.47,12.7,9.0,0.56,1.19,0.78
186,320705   ,2016JJ00,17200,5.54,12.75,1.5,4.78,12.4,9.4,0.82,1.33,0.85
187,320705   ,2017JJ00,18000,5.57,13.08,1.7,5.06,14.2,9.0,0.73,1.46,0.99
188,320705   ,2018JJ00,18100,5.7,12.55,1.7,4.6,11.2,9.0,0.7,1.27,0.83
189,320705   ,2019JJ00,17400,5.35,13.16,1.5,4.6,14.8,8.7,0.44,1.07,0.74
190,320705   ,2020JJ00,19000,5.1,14.29,1.5,4.17,10.7,9.1,0.48,0.87,0.56
191,320705   ,2021JJ00,18500,5.05,13.92,1.5,3.46,11.5,8.8,0.46,0.95,0.63
192,328100   ,1990JJ00,7500,5.2,0.42,14.6,0.03,225.3,7.8,0.07,10.48,6.98
193,328100   ,1995JJ00,7800,3.76,0.44,11.9,0.03,148.7,9.8,0.05,6.37,4.27
194,328100   ,2000JJ00,6400,2.19,0.35,6.9,0.02,106.1,6.6,0.04,2.87,2.02
195,328100   ,2001JJ00,6500,1.74,0.36,6.4,0.03,102.2,7.5,0.02,2.6,1.82
196,328100   ,2002JJ00,6700,1.95,0.35,6.5,0.03,95.4,7.3,0.02,2.46,1.69
197,328100   ,2003JJ00,7100,1.64,0.35,6.5,0.03,106.1,7.6,0.03,2.47,1.63
198,328100   ,2004JJ00,7300,1.17,0.35,7.3,0.03,125.0,7.9,0.04,2.47,1.72
199,328100   ,2005JJ00,7200,1.46,0.36,7.7,0.03,115.3,7.5,0.05,2.14,1.46
200,328100   ,2006JJ00,7100,1.48,0.34,6.9,0.03,125.1,7.0,0.05,2.1,1.44
201,328100   ,2007JJ00,7300,1.63,0.35,7.3,0.03,117.4,7.1,0.03,2.23,1.53
202,328100   ,2008JJ00,7300,1.62,0.34,7.1,0.03,122.0,6.7,0.03,1.96,1.35
203,328100   ,2009JJ00,6100,1.38,0.28,4.0,0.02,73.7,4.9,0.02,1.67,1.14
204,328100   ,2010JJ00,6900,1.58,0.33,6.1,0.02,95.3,6.5,0.03,1.83,1.26
205,328100   ,2011JJ00,7000,1.7,0.33,6.4,0.03,80.4,6.3,0.03,1.77,1.35
206,328100   ,2012JJ00,6400,1.64,0.31,4.4,0.03,75.7,6.5,0.03,1.47,0.83
207,328100   ,2013JJ00,6600,1.34,0.32,3.4,0.03,67.2,6.0,0.02,1.31,0.85
208,328100   ,2014JJ00,6200,1.37,0.32,3.8,0.03,67.7,5.7,0.03,1.29,0.83
209,328100   ,2015JJ00,6600,1.48,0.33,3.7,0.03,71.3,6.4,0.03,1.35,0.85
210,328100   ,2016JJ00,6600,1.58,0.33,3.6,0.03,68.6,6.3,0.03,1.38,0.9
211,328100   ,2017JJ00,7200,1.73,0.32,3.9,0.03,62.6,6.2,0.03,1.32,0.86
212,328100   ,2018JJ00,6900,1.68,0.32,3.9,0.03,66.7,6.1,0.03,1.28,0.83
213,328100   ,2019JJ00,6700,1.66,0.32,4.5,0.03,67.0,6.4,0.02,1.38,0.9
214,328100   ,2020JJ00,6100,1.46,0.3,4.2,0.02,60.6,5.5,0.03,1.22,0.71
215,328100   ,2021JJ00,6300,1.24,0.31,3.6,0.03,55.8,5.5,0.02,1.22,0.71
216,A025441  ,1990JJ00,11000,98.1,1.29,16.3,0.16,18.1,32.0,1.17,11.82,5.0
217,A025441  ,1995JJ00,10500,67.05,1.6,6.0,0.16,29.4,18.7,0.92,6.69,3.07
218,A025441  ,2000JJ00,10900,45.25,1.98,3.3,0.17,26.2,12.3,0.82,4.8,2.17
219,A025441  ,2001JJ00,10500,38.29,1.83,4.6,0.16,27.6,13.8,0.96,4.82,2.14
220,A025441  ,2002JJ00,10400,36.44,1.73,4.2,0.13,23.6,13.3,0.92,5.17,2.09
221,A025441  ,2003JJ00,10000,32.64,1.73,1.7,0.13,9.9,11.4,0.97,4.15,1.82
222,A025441  ,2004JJ00,10000,31.18,1.68,3.6,0.13,14.7,12.1,1.01,4.29,2.01
223,A025441  ,2005JJ00,10100,31.38,1.7,3.2,0.13,15.6,12.5,0.9,4.14,1.93
224,A025441  ,2006JJ00,9800,28.77,1.66,4.2,0.12,13.0,11.9,0.85,4.04,1.94
225,A025441  ,2007JJ00,9700,29.91,1.63,4.4,0.14,12.8,11.9,0.83,4.03,1.95
226,A025441  ,2008JJ00,10000,29.04,1.7,4.3,0.17,13.2,11.8,0.84,3.9,1.87
227,A025441  ,2009JJ00,9400,25.93,1.68,3.9,0.18,15.2,11.1,0.95,3.74,1.87
228,A025441  ,2010JJ00,9600,32.86,1.6,4.2,0.16,15.0,10.8,0.99,3.74,1.77
229,A025441  ,2011JJ00,9300,31.17,1.57,4.1,0.16,14.6,10.8,0.96,3.8,1.9
230,A025441  ,2012JJ00,9100,26.33,1.46,4.0,0.16,11.5,9.9,0.86,3.61,1.75
231,A025441  ,2013JJ00,8600,28.46,1.38,3.8,0.16,10.7,9.2,0.78,3.59,1.65
232,A025441  ,2014JJ00,8800,26.22,1.41,4.0,0.16,11.4,9.1,0.71,3.72,1.76
233,A025441  ,2015JJ00,9200,25.66,1.53,4.0,0.17,11.6,8.6,0.8,3.82,1.85
234,A025441  ,2016JJ00,9400,21.79,1.59,3.9,0.17,11.0,8.6,0.82,3.93,1.89
235,A025441  ,2017JJ00,9600,23.99,1.56,3.8,0.18,11.0,8.2,0.78,4.07,1.97
236,A025441  ,2018JJ00,9700,24.04,1.61,3.9,0.2,11.7,7.8,0.87,4.19,2.07
237,A025441  ,2019JJ00,9300,23.83,1.56,3.8,0.19,10.8,7.4,0.82,4.13,2.04
238,A025441  ,2020JJ00,8900,22.94,1.53,3.5,0.18,10.4,6.7,1.05,4.22,2.1
239,A025441  ,2021JJ00,9400,23.01,1.63,3.6,0.19,10.2,6.7,0.98,4.37,2.18
240,350000   ,1990JJ00,500,21.89,0.04,0.6,0.0,0.1,0.5,0.15,1.01,0.35
241,350000   ,1995JJ00,700,17.18,0.05,0.5,0.0,0.2,0.5,0.1,1.08,0.38
242,350000   ,2000JJ00,700,15.05,0.06,0.7,0.0,0.6,1.2,0.01,1.4,0.54
243,350000   ,2001JJ00,800,12.27,0.07,0.4,0.0,0.6,1.1,0.0,1.44,0.56
244,350000   ,2002JJ00,800,11.98,0.07,0.6,0.0,0.3,0.9,0.0,1.36,0.52
245,350000   ,2003JJ00,900,9.41,0.08,0.1,0.0,0.4,0.9,0.0,1.41,0.61
246,350000   ,2004JJ00,800,7.44,0.08,0.2,0.0,0.9,0.8,0.0,1.17,0.42
247,350000   ,2005JJ00,800,9.13,0.07,0.1,0.0,0.9,0.9,0.0,1.19,0.42
248,350000   ,2006JJ00,800,8.67,0.07,0.2,0.0,0.8,0.8,0.0,1.24,0.44
249,350000   ,2007JJ00,800,8.88,0.07,0.1,0.0,1.4,0.9,0.0,1.35,0.49
250,350000   ,2008JJ00,800,5.84,0.07,0.1,0.0,1.0,0.8,0.0,1.4,0.5
251,350000   ,2009JJ00,700,7.7,0.07,0.1,0.0,0.2,0.5,0.0,1.29,0.45
252,350000   ,2010JJ00,800,8.03,0.08,0.1,0.0,0.7,0.7,0.0,1.15,0.41
253,350000   ,2011JJ00,800,7.03,0.07,0.1,0.0,0.7,0.7,0.0,1.12,0.4
254,350000   ,2012JJ00,800,6.42,0.08,0.1,0.0,0.6,0.7,0.0,1.05,0.37
255,350000   ,2013JJ00,800,5.91,0.08,0.1,0.0,0.4,0.6,0.0,1.06,0.37
256,350000   ,2014JJ00,700,6.75,0.07,0.1,0.0,0.4,0.6,0.0,1.08,0.38
257,350000   ,2015JJ00,600,5.89,0.07,0.1,0.0,0.6,0.6,0.0,1.14,0.4
258,350000   ,2016JJ00,600,4.84,0.08,0.1,0.0,0.6,0.5,0.0,1.13,0.4
259,350000   ,2017JJ00,700,4.8,0.09,0.1,0.0,0.6,0.5,0.01,1.13,0.4
260,350000   ,2018JJ00,700,4.73,0.08,0.0,0.0,0.8,0.4,0.0,1.16,0.41
261,350000   ,2019JJ00,600,4.63,0.08,0.0,0.0,0.7,0.5,0.01,1.22,0.44
262,350000   ,2020JJ00,500,4.85,0.08,0.0,0.0,0.5,0.3,0.01,1.22,0.43
263,350000   ,2021JJ00,500,5.17,0.08,0.0,0.0,0.7,0.4,0.01,1.28,0.45
264,1050010  ,1990JJ00,22300,48.77,27.67,1.2,0.36,82.3,21.4,10.17,9.41,8.69
265,1050010  ,1995JJ00,25100,50.41,29.03,0.8,0.55,91.9,24.2,7.37,10.25,9.32
266,1050010  ,2000JJ00,22200,46.86,25.72,0.5,0.46,82.7,20.5,6.44,9.68,8.58
267,1050010  ,2001JJ00,23600,47.21,26.45,0.5,0.53,86.8,21.7,7.57,9.53,8.58
268,1050010  ,2002JJ00,22800,46.13,25.63,0.5,0.48,82.6,20.9,7.38,9.43,8.39
269,1050010  ,2003JJ00,23400,46.29,26.03,0.5,0.49,86.8,20.8,7.27,9.97,8.77
270,1050010  ,2004JJ00,22500,45.51,25.21,0.5,0.52,88.6,19.4,7.17,9.97,8.77
271,1050010  ,2005JJ00,21700,45.66,24.61,0.4,0.55,88.1,17.9,7.62,9.82,8.63
272,1050010  ,2006JJ00,21900,46.32,24.38,0.4,0.55,89.0,15.0,7.27,9.93,8.68
273,1050010  ,2007JJ00,19700,47.27,22.4,0.4,0.5,84.4,13.0,7.04,9.36,8.26
274,1050010  ,2008JJ00,22200,46.63,24.27,0.5,0.52,90.8,14.0,6.54,9.53,8.48
275,1050010  ,2009JJ00,22100,46.88,24.2,0.5,0.58,91.8,13.7,6.61,9.59,8.46
276,1050010  ,2010JJ00,25800,48.44,27.03,0.5,0.58,106.8,15.2,7.12,10.46,9.27
277,1050010  ,2011JJ00,20200,45.07,22.63,0.5,0.56,86.2,11.5,7.34,9.09,7.96
278,1050010  ,2012JJ00,21600,47.0,23.72,0.5,0.57,91.4,11.7,7.67,9.56,8.32
279,1050010  ,2013JJ00,22900,47.42,24.65,0.5,0.61,95.3,11.8,8.14,9.85,8.49
280,1050010  ,2014JJ00,17300,45.32,20.25,0.4,0.57,75.7,8.8,7.61,8.71,7.35
281,1050010  ,2015JJ00,18500,45.64,21.12,0.4,0.59,81.7,8.9,7.54,8.91,7.58
282,1050010  ,2016JJ00,19200,45.61,22.87,0.4,0.6,81.4,8.7,7.79,8.81,7.48
283,1050010  ,2017JJ00,18600,45.12,22.12,0.4,0.55,76.5,7.7,7.49,8.58,7.2
284,1050010  ,2018JJ00,18500,45.29,21.83,0.5,0.6,74.4,7.5,7.58,8.86,7.26
285,1050010  ,2019JJ00,17900,45.64,21.14,0.4,0.58,71.0,7.1,7.56,8.42,6.89
286,1050010  ,2020JJ00,17100,83.6,20.32,0.4,0.56,65.9,6.7,7.48,7.71,6.37
287,1050010  ,2021JJ00,19500,93.91,21.89,0.4,0.53,71.2,7.5,7.39,6.25,5.71
288,800051   ,1990JJ00,21000,153.18,1145.88,5.4,35.43,8.5,76.3,328.67,7.45,1.8
289,800051   ,1995JJ00,22600,102.71,1057.28,1.0,35.21,7.6,73.5,204.43,6.21,0.92
290,800051   ,2000JJ00,23100,93.78,882.3,0.4,28.84,7.3,64.0,159.94,6.52,0.87
291,800051   ,2001JJ00,23200,91.64,856.06,0.4,27.64,7.3,60.5,152.15,6.59,0.88
292,800051   ,2002JJ00,22500,89.14,811.5,0.3,25.54,6.7,56.6,145.05,6.31,0.83
293,800051   ,2003JJ00,23200,96.15,780.83,0.4,24.96,7.6,56.3,141.77,5.57,0.76
294,800051   ,2004JJ00,24300,89.04,767.16,0.3,24.26,7.4,55.7,140.89,6.02,0.81
295,800051   ,2005JJ00,23700,92.7,706.43,0.4,23.9,7.3,55.1,138.78,6.39,0.85
296,800051   ,2006JJ00,23200,94.04,693.74,0.4,24.38,7.9,56.4,142.55,6.39,0.87
297,800051   ,2007JJ00,23200,98.29,695.11,0.4,23.38,8.7,56.6,139.41,6.71,0.87
298,800051   ,2008JJ00,25000,101.21,701.21,0.5,22.93,10.4,59.2,127.53,6.98,0.9
299,800051   ,2009JJ00,25900,109.72,700.13,0.5,22.11,10.4,57.5,123.74,6.84,0.89
300,800051   ,2010JJ00,28800,113.97,690.51,0.6,22.04,11.7,55.9,121.1,6.94,0.9
301,800051   ,2011JJ00,26200,114.03,672.2,0.7,21.32,10.5,52.8,118.95,7.42,0.9
302,800051   ,2012JJ00,27400,112.59,657.19,0.5,20.67,10.3,51.4,113.49,7.24,0.91
303,800051   ,2013JJ00,27400,114.1,659.42,0.4,21.4,10.2,52.1,110.73,7.24,0.92
304,800051   ,2014JJ00,24400,105.44,647.29,0.4,21.69,8.7,49.6,115.12,7.36,0.91
305,800051   ,2015JJ00,25300,117.67,655.28,0.5,22.3,9.3,52.3,116.55,7.24,0.94
306,800051   ,2016JJ00,25600,121.13,659.94,1.3,22.01,9.4,51.2,117.22,7.09,0.93
307,800051   ,2017JJ00,25600,120.74,650.83,1.1,22.59,10.0,49.3,119.38,6.86,0.92
308,800051   ,2018JJ00,25400,117.36,630.39,0.7,22.34,10.2,48.4,117.11,6.62,0.91
309,800051   ,2019JJ00,24700,115.41,626.0,0.6,21.94,10.3,46.4,112.09,6.52,0.93
310,800051   ,2020JJ00,23800,115.37,616.1,0.6,21.99,10.2,45.1,111.19,6.33,0.93
311,800051   ,2021JJ00,24500,113.88,607.32,0.7,21.43,10.8,44.5,109.87,6.13,0.93
312,301100   ,1990JJ00,8000,97.71,583.87,0.0,32.11,2.1,58.8,328.12,4.83,0.57
313,301100   ,1995JJ00,8400,66.32,561.13,0.0,31.75,2.5,58.9,202.89,4.85,0.57
314,301100   ,2000JJ00,7700,71.36,494.09,0.0,25.51,2.4,50.6,158.22,5.34,0.6
315,301100   ,2001JJ00,7500,69.49,490.24,0.0,24.36,2.3,47.7,150.38,5.42,0.6
316,301100   ,2002JJ00,7000,68.1,464.71,0.0,22.32,2.1,45.3,143.3,5.3,0.58
317,301100   ,2003JJ00,7100,75.3,456.06,0.0,21.84,2.3,45.2,140.09,4.61,0.5
318,301100   ,2004JJ00,7300,69.0,455.99,0.0,21.11,2.5,45.4,139.09,5.07,0.55
319,301100   ,2005JJ00,7600,67.88,455.6,0.0,20.76,3.0,46.1,136.98,5.33,0.57
320,301100   ,2006JJ00,7100,69.4,460.84,0.0,21.26,3.5,47.4,140.78,5.29,0.56
321,301100   ,2007JJ00,7700,73.02,477.36,0.0,20.24,4.5,48.2,137.58,5.66,0.6
322,301100   ,2008JJ00,8600,76.34,496.7,0.0,19.77,5.9,50.2,125.68,5.85,0.62
323,301100   ,2009JJ00,8800,86.39,504.51,0.0,18.98,6.0,48.5,121.89,5.9,0.62
324,301100   ,2010JJ00,10400,87.78,508.24,0.1,18.92,7.2,46.0,119.31,5.98,0.63
325,301100   ,2011JJ00,9300,88.18,501.09,0.1,18.14,6.7,44.0,117.14,6.47,0.64
326,301100   ,2012JJ00,9400,87.54,495.49,0.1,17.51,6.4,42.7,111.67,6.3,0.63
327,301100   ,2013JJ00,9200,89.83,505.86,0.1,18.29,6.4,43.6,108.96,6.25,0.64
328,301100   ,2014JJ00,7900,81.09,503.47,0.1,18.55,5.3,42.0,113.4,6.36,0.64
329,301100   ,2015JJ00,8300,93.37,521.86,0.1,19.13,5.8,44.4,114.86,6.22,0.64
330,301100   ,2016JJ00,8300,97.23,533.46,0.1,18.7,5.6,43.6,115.35,6.13,0.64
331,301100   ,2017JJ00,8400,96.17,532.48,0.1,19.28,6.0,41.7,117.49,5.93,0.63
332,301100   ,2018JJ00,8800,92.65,515.76,0.1,19.02,6.4,41.4,115.25,5.69,0.62
333,301100   ,2019JJ00,8800,90.71,515.88,0.1,18.63,6.8,39.5,110.28,5.52,0.61
334,301100   ,2020JJ00,8500,89.76,512.39,0.1,18.68,6.8,38.6,109.31,5.42,0.62
335,301100   ,2021JJ00,8900,89.43,507.54,0.1,18.12,7.3,38.1,107.92,5.22,0.61
336,A025446  ,1990JJ00,13000,55.46,562.02,5.4,3.32,6.4,17.5,0.55,2.63,1.23
337,A025446  ,1995JJ00,14200,36.39,496.14,0.9,3.46,5.1,14.7,1.54,1.36,0.35
338,A025446  ,2000JJ00,15500,22.41,388.21,0.4,3.34,4.9,13.4,1.72,1.18,0.27
339,A025446  ,2001JJ00,15800,22.15,365.83,0.3,3.28,5.0,12.7,1.78,1.17,0.28
340,A025446  ,2002JJ00,15600,21.04,346.79,0.3,3.22,4.6,11.3,1.76,1.01,0.25
341,A025446  ,2003JJ00,16200,20.85,324.77,0.3,3.13,5.3,11.1,1.68,0.95,0.26
342,A025446  ,2004JJ00,17100,20.03,311.17,0.3,3.15,4.9,10.4,1.79,0.95,0.26
343,A025446  ,2005JJ00,16100,24.81,250.83,0.4,3.13,4.4,9.0,1.8,1.06,0.28
344,A025446  ,2006JJ00,16100,24.64,232.9,0.4,3.12,4.4,9.0,1.78,1.11,0.31
345,A025446  ,2007JJ00,15500,25.27,217.75,0.4,3.14,4.2,8.4,1.82,1.06,0.27
346,A025446  ,2008JJ00,16400,24.87,204.51,0.5,3.16,4.5,9.1,1.85,1.13,0.29
347,A025446  ,2009JJ00,17100,23.33,195.62,0.5,3.13,4.3,9.0,1.85,0.94,0.27
348,A025446  ,2010JJ00,18400,26.19,182.27,0.5,3.11,4.5,9.8,1.79,0.96,0.26
349,A025446  ,2011JJ00,16900,25.85,171.1,0.6,3.18,3.8,8.7,1.81,0.95,0.26
350,A025446  ,2012JJ00,18100,25.05,161.7,0.4,3.16,3.9,8.6,1.82,0.94,0.28
351,A025446  ,2013JJ00,18200,24.27,153.56,0.4,3.11,3.8,8.6,1.77,1.0,0.28
352,A025446  ,2014JJ00,16500,24.35,143.83,0.4,3.13,3.4,7.6,1.73,1.01,0.27
353,A025446  ,2015JJ00,17000,24.3,133.42,0.4,3.17,3.5,7.9,1.69,1.02,0.29
354,A025446  ,2016JJ00,17300,23.9,126.48,1.3,3.31,3.9,7.6,1.88,0.96,0.3
355,A025446  ,2017JJ00,17100,24.57,118.35,1.0,3.31,3.9,7.5,1.89,0.93,0.29
356,A025446  ,2018JJ00,16600,24.71,114.63,0.6,3.31,3.8,7.0,1.86,0.92,0.29
357,A025446  ,2019JJ00,16000,24.7,110.12,0.5,3.31,3.5,6.9,1.81,1.0,0.32
358,A025446  ,2020JJ00,15200,25.6,103.71,0.5,3.31,3.5,6.6,1.89,0.9,0.31
359,A025446  ,2021JJ00,15600,24.46,99.78,0.6,3.32,3.5,6.5,1.96,0.9,0.31
360,A025421  ,1990JJ00,34600,213.91,8.53,72.3,0.5,833.0,439.8,0.94,30.99,28.59
361,A025421  ,1995JJ00,36600,141.38,5.84,73.1,0.96,604.1,382.2,2.21,26.6,24.13
362,A025421  ,2000JJ00,40700,94.65,4.48,76.8,1.1,509.7,371.5,4.45,25.04,22.37
363,A025421  ,2001JJ00,41200,87.68,4.33,74.1,1.09,505.5,366.8,4.82,24.43,21.75
364,A025421  ,2002JJ00,41400,80.51,4.21,72.9,1.08,505.4,357.5,5.11,23.39,20.71
365,A025421  ,2003JJ00,41900,75.35,4.11,71.8,1.06,505.7,353.3,5.25,22.65,19.96
366,A025421  ,2004JJ00,42600,71.11,4.02,69.1,1.05,505.3,350.3,5.42,21.87,19.15
367,A025421  ,2005JJ00,42100,66.74,3.89,71.6,1.02,487.4,344.7,5.14,21.47,18.71
368,A025421  ,2006JJ00,42200,63.95,3.8,74.6,1.02,477.4,344.8,4.95,21.03,18.25
369,A025421  ,2007JJ00,41800,60.99,3.75,67.0,1.04,473.0,332.8,4.77,19.61,16.84
370,A025421  ,2008JJ00,41500,59.26,3.7,45.3,1.06,460.6,313.7,4.36,17.34,14.66
371,A025421  ,2009JJ00,40500,55.86,3.53,42.5,1.07,449.7,293.8,4.11,16.24,13.59
372,A025421  ,2010JJ00,40500,52.25,3.38,37.1,1.11,440.0,285.5,3.91,15.09,12.47
373,A025421  ,2011JJ00,40700,49.81,3.27,26.6,1.17,430.7,283.8,3.67,13.65,11.08
374,A025421  ,2012JJ00,39800,46.61,3.15,24.6,1.23,413.8,267.8,3.39,12.67,10.14
375,A025421  ,2013JJ00,38700,44.99,3.14,22.7,1.26,401.5,251.5,3.34,11.79,9.31
376,A025421  ,2014JJ00,39000,43.14,3.15,24.0,1.25,388.2,253.2,3.21,11.68,9.18
377,A025421  ,2015JJ00,39800,42.58,3.21,12.5,1.34,382.8,257.5,3.26,10.96,8.45
378,A025421  ,2016JJ00,40300,42.2,3.24,6.0,1.37,371.6,252.5,3.3,9.85,7.3
379,A025421  ,2017JJ00,40400,42.02,3.29,5.7,1.48,369.3,245.1,3.52,9.45,6.87
380,A025421  ,2018JJ00,41200,40.44,3.73,5.2,1.47,353.1,243.7,3.43,9.39,6.77
381,A025421  ,2019JJ00,41100,39.33,3.95,4.8,1.49,334.1,239.5,3.44,9.11,6.47
382,A025421  ,2020JJ00,37600,36.28,3.89,4.0,1.39,295.8,225.6,3.13,8.4,6.04
383,A025421  ,2021JJ00,38100,35.68,3.79,3.9,1.43,285.6,217.2,3.3,8.24,5.81
384,A025422  ,1990JJ00,30100,197.95,7.81,66.7,0.46,739.4,380.9,0.93,24.99,22.88
385,A025422  ,1995JJ00,31900,126.83,5.19,67.3,0.92,519.1,319.3,2.2,21.09,18.89
386,A025422  ,2000JJ00,35900,81.22,3.87,70.9,1.06,430.3,305.2,4.44,19.86,17.44
387,A025422  ,2001JJ00,36400,74.77,3.75,68.3,1.05,427.7,301.8,4.81,19.37,16.93
388,A025422  ,2002JJ00,36900,68.56,3.67,67.6,1.04,430.4,297.4,5.1,18.72,16.26
389,A025422  ,2003JJ00,37500,64.17,3.6,66.6,1.02,432.5,295.9,5.24,18.21,15.73
390,A025422  ,2004JJ00,38200,60.54,3.54,64.1,1.01,433.2,295.1,5.41,17.65,15.14
391,A025422  ,2005JJ00,37600,56.47,3.42,66.4,0.98,415.5,289.5,5.13,17.29,14.73
392,A025422  ,2006JJ00,37800,54.41,3.37,69.5,0.98,407.0,292.5,4.94,17.14,14.55
393,A025422  ,2007JJ00,37500,52.1,3.34,62.2,1.0,404.4,282.6,4.76,15.94,13.35
394,A025422  ,2008JJ00,37200,50.9,3.32,42.5,1.02,393.0,265.2,4.35,14.22,11.69
395,A025422  ,2009JJ00,36200,48.1,3.18,41.0,1.04,383.5,247.6,4.1,13.54,11.02
396,A025422  ,2010JJ00,36400,45.09,3.05,36.3,1.08,375.4,242.4,3.9,12.69,10.18
397,A025422  ,2011JJ00,36500,42.83,2.94,26.3,1.13,365.8,241.2,3.65,11.36,8.9
398,A025422  ,2012JJ00,35900,40.22,2.85,24.5,1.2,350.5,229.5,3.38,10.63,8.19
399,A025422  ,2013JJ00,34800,38.8,2.86,22.5,1.22,338.3,213.6,3.33,9.81,7.42
400,A025422  ,2014JJ00,34900,37.21,2.87,23.7,1.22,324.8,215.4,3.2,9.75,7.34
401,A025422  ,2015JJ00,35900,37.09,2.95,12.3,1.3,320.4,221.8,3.24,9.21,6.78
402,A025422  ,2016JJ00,36300,36.96,2.99,5.8,1.33,309.4,217.9,3.27,8.17,5.7
403,A025422  ,2017JJ00,36600,37.22,3.06,5.6,1.45,308.8,213.4,3.47,7.94,5.44
404,A025422  ,2018JJ00,37200,35.83,3.52,5.0,1.43,293.4,211.6,3.36,7.92,5.36
405,A025422  ,2019JJ00,37200,35.01,3.75,4.6,1.46,276.3,208.1,3.35,7.73,5.16
406,A025422  ,2020JJ00,33700,32.17,3.7,3.8,1.35,239.0,195.2,3.02,7.07,4.77
407,A025422  ,2021JJ00,34200,31.85,3.61,3.8,1.39,230.8,187.9,3.18,7.03,4.66
408,A025423  ,1990JJ00,100,0.07,0.0,0.1,0.0,0.3,2.3,0.0,0.06,0.05
409,A025423  ,1995JJ00,100,0.08,0.0,0.1,0.0,0.3,2.4,0.0,0.06,0.06
410,A025423  ,2000JJ00,100,0.09,0.0,0.1,0.0,0.3,2.9,0.0,0.07,0.07
411,A025423  ,2001JJ00,100,0.08,0.0,0.1,0.0,0.3,2.8,0.0,0.07,0.06
412,A025423  ,2002JJ00,100,0.08,0.0,0.1,0.0,0.3,2.7,0.0,0.06,0.06
413,A025423  ,2003JJ00,100,0.08,0.0,0.1,0.0,0.3,2.6,0.0,0.06,0.06
414,A025423  ,2004JJ00,100,0.08,0.0,0.1,0.0,0.3,2.8,0.0,0.07,0.06
415,A025423  ,2005JJ00,100,0.08,0.0,0.1,0.0,0.3,2.7,0.0,0.06,0.06
416,A025423  ,2006JJ00,100,0.08,0.0,0.1,0.0,0.3,2.7,0.0,0.06,0.06
417,A025423  ,2007JJ00,100,0.08,0.0,0.1,0.0,0.3,2.7,0.0,0.06,0.06
418,A025423  ,2008JJ00,100,0.08,0.0,0.1,0.0,0.3,2.7,0.0,0.06,0.06
419,A025423  ,2009JJ00,100,0.07,0.0,0.0,0.0,0.3,2.4,0.0,0.06,0.06
420,A025423  ,2010JJ00,100,0.08,0.0,0.0,0.0,0.3,2.7,0.0,0.06,0.06
421,A025423  ,2011JJ00,100,0.08,0.0,0.0,0.0,0.3,2.6,0.0,0.06,0.06
422,A025423  ,2012JJ00,100,0.07,0.0,0.0,0.0,0.2,2.2,0.0,0.06,0.05
423,A025423  ,2013JJ00,100,0.07,0.0,0.0,0.0,0.2,2.1,0.0,0.06,0.05
424,A025423  ,2014JJ00,100,0.07,0.0,0.0,0.0,0.3,2.1,0.0,0.06,0.06
425,A025423  ,2015JJ00,100,0.08,0.0,0.0,0.0,0.3,2.3,0.0,0.06,0.06
426,A025423  ,2016JJ00,100,0.08,0.0,0.0,0.0,0.3,2.3,0.0,0.06,0.06
427,A025423  ,2017JJ00,100,0.08,0.0,0.0,0.0,0.3,2.1,0.0,0.06,0.06
428,A025423  ,2018JJ00,100,0.07,0.0,0.0,0.0,0.2,1.8,0.0,0.05,0.05
429,A025423  ,2019JJ00,100,0.06,0.0,0.0,0.0,0.2,1.7,0.0,0.05,0.05
430,A025423  ,2020JJ00,100,0.07,0.0,0.0,0.0,0.2,1.7,0.0,0.05,0.05
431,A025423  ,2021JJ00,100,0.07,0.0,0.0,0.0,0.2,1.7,0.0,0.05,0.05
432,A025424  ,1990JJ00,24200,186.47,7.59,12.8,0.31,709.7,258.0,0.92,17.4,15.67
433,A025424  ,1995JJ00,25800,113.93,4.97,11.9,0.76,488.0,196.7,2.18,13.3,11.49
434,A025424  ,2000JJ00,28500,69.55,3.63,3.0,0.87,395.0,158.8,4.42,10.64,8.68
435,A025424  ,2001JJ00,28900,62.56,3.51,0.8,0.86,391.6,151.7,4.78,10.15,8.18
436,A025424  ,2002JJ00,29300,57.09,3.43,0.8,0.84,393.9,145.8,5.08,9.63,7.63
437,A025424  ,2003JJ00,29500,52.58,3.36,0.5,0.82,394.5,140.7,5.22,9.17,7.15
438,A025424  ,2004JJ00,30200,49.25,3.3,0.6,0.81,394.9,138.2,5.39,8.92,6.86
439,A025424  ,2005JJ00,29600,45.71,3.18,0.2,0.78,377.4,131.8,5.1,8.37,6.27
440,A025424  ,2006JJ00,29500,43.23,3.12,0.3,0.77,369.0,128.4,4.91,7.87,5.75
441,A025424  ,2007JJ00,29500,41.58,3.12,0.3,0.8,366.9,126.6,4.74,7.54,5.37
442,A025424  ,2008JJ00,29400,40.79,3.1,0.2,0.83,355.5,122.7,4.33,7.05,4.88
443,A025424  ,2009JJ00,29000,38.46,2.96,0.2,0.85,346.8,115.1,4.08,6.49,4.34
444,A025424  ,2010JJ00,29000,35.76,2.85,0.2,0.89,338.9,109.3,3.88,6.08,3.92
445,A025424  ,2011JJ00,28700,33.66,2.73,0.2,0.93,328.7,104.7,3.63,5.66,3.49
446,A025424  ,2012JJ00,28200,31.25,2.64,0.2,1.0,313.8,99.1,3.36,5.2,3.05
447,A025424  ,2013JJ00,27600,30.39,2.66,0.2,1.04,302.5,91.8,3.31,4.78,2.66
448,A025424  ,2014JJ00,27300,29.44,2.66,0.2,1.03,288.4,86.7,3.17,4.48,2.34
449,A025424  ,2015JJ00,27700,29.24,2.7,0.2,1.1,283.9,85.1,3.22,4.37,2.19
450,A025424  ,2016JJ00,28400,29.21,2.74,0.2,1.13,273.0,81.8,3.25,4.25,1.99
451,A025424  ,2017JJ00,28800,29.51,2.81,0.2,1.25,272.5,78.8,3.44,4.2,1.9
452,A025424  ,2018JJ00,29000,27.88,2.71,0.2,1.22,256.3,74.8,3.34,4.08,1.74
453,A025424  ,2019JJ00,28900,27.33,2.66,0.2,1.25,239.4,69.4,3.33,3.95,1.59
454,A025424  ,2020JJ00,25700,24.91,2.36,0.2,1.16,204.3,59.5,3.0,3.46,1.35
455,A025424  ,2021JJ00,26400,24.73,2.34,0.2,1.2,196.0,57.3,3.16,3.49,1.31
456,A025425  ,1990JJ00,5500,10.93,0.21,53.7,0.14,25.7,119.2,0.02,7.49,7.12
457,A025425  ,1995JJ00,5600,12.34,0.2,55.1,0.14,26.6,118.1,0.02,7.67,7.29
458,A025425  ,2000JJ00,6600,11.14,0.23,67.6,0.16,30.7,140.9,0.02,9.09,8.63
459,A025425  ,2001JJ00,6800,11.71,0.23,67.2,0.17,31.8,144.7,0.02,9.08,8.63
460,A025425  ,2002JJ00,6900,10.97,0.23,66.5,0.17,32.3,146.3,0.02,8.96,8.51
461,A025425  ,2003JJ00,7100,11.03,0.23,65.8,0.18,33.3,149.6,0.02,8.91,8.46
462,A025425  ,2004JJ00,7100,10.7,0.23,63.2,0.18,33.6,151.1,0.02,8.59,8.16
463,A025425  ,2005JJ00,7100,10.14,0.23,65.8,0.18,33.2,151.9,0.02,8.79,8.35
464,A025425  ,2006JJ00,7400,10.55,0.23,68.9,0.18,33.1,158.2,0.02,9.13,8.67
465,A025425  ,2007JJ00,7100,9.89,0.22,61.6,0.18,32.6,150.0,0.02,8.27,7.86
466,A025425  ,2008JJ00,6900,9.48,0.21,42.0,0.17,32.5,136.5,0.02,7.04,6.69
467,A025425  ,2009JJ00,6400,9.07,0.2,40.5,0.16,31.9,127.1,0.02,6.92,6.57
468,A025425  ,2010JJ00,6500,8.76,0.19,35.8,0.16,31.7,127.2,0.02,6.48,6.15
469,A025425  ,2011JJ00,6900,8.57,0.2,25.9,0.17,32.2,130.6,0.02,5.58,5.29
470,A025425  ,2012JJ00,6800,8.38,0.2,24.0,0.17,32.1,124.9,0.02,5.31,5.04
471,A025425  ,2013JJ00,6300,7.84,0.19,22.0,0.16,31.3,116.2,0.02,4.92,4.66
472,A025425  ,2014JJ00,6700,7.2,0.21,23.3,0.17,31.9,123.0,0.02,5.16,4.89
473,A025425  ,2015JJ00,7300,7.28,0.24,11.9,0.18,32.1,130.8,0.02,4.73,4.48
474,A025425  ,2016JJ00,6900,7.16,0.25,5.4,0.17,31.8,130.0,0.02,3.8,3.61
475,A025425  ,2017JJ00,6900,7.13,0.25,5.1,0.17,31.8,128.5,0.02,3.63,3.44
476,A025425  ,2018JJ00,7200,7.36,0.81,4.6,0.18,32.5,130.8,0.02,3.72,3.53
477,A025425  ,2019JJ00,7300,7.1,1.08,4.1,0.18,32.2,132.8,0.02,3.68,3.49
478,A025425  ,2020JJ00,7400,6.92,1.34,3.5,0.18,32.0,131.7,0.02,3.54,3.35
479,A025425  ,2021JJ00,7100,6.75,1.27,3.4,0.17,31.7,126.4,0.02,3.46,3.28
480,A025426  ,1990JJ00,1900,8.2,0.09,1.9,0.04,22.1,30.7,0.01,1.36,1.29
481,A025426  ,1995JJ00,1900,9.54,0.09,2.0,0.04,22.9,27.3,0.01,1.37,1.3
482,A025426  ,2000JJ00,2100,7.71,0.08,2.2,0.05,26.2,30.0,0.01,1.36,1.3
483,A025426  ,2001JJ00,2200,8.23,0.09,2.3,0.05,27.2,31.2,0.01,1.39,1.32
484,A025426  ,2002JJ00,2100,7.45,0.08,2.2,0.05,27.7,30.3,0.01,1.33,1.26
485,A025426  ,2003JJ00,2200,7.45,0.08,2.2,0.05,28.5,31.1,0.01,1.34,1.27
486,A025426  ,2004JJ00,2000,7.07,0.08,2.1,0.05,28.7,29.1,0.01,1.24,1.18
487,A025426  ,2005JJ00,2000,6.44,0.07,2.0,0.05,28.3,28.1,0.01,1.18,1.12
488,A025426  ,2006JJ00,1900,6.64,0.07,2.0,0.05,27.9,27.6,0.01,1.14,1.08
489,A025426  ,2007JJ00,2000,6.31,0.07,2.0,0.05,27.6,28.0,0.01,1.14,1.09
490,A025426  ,2008JJ00,1900,6.06,0.07,1.2,0.05,27.3,27.8,0.01,1.06,1.0
491,A025426  ,2009JJ00,1700,5.82,0.07,1.0,0.04,26.9,23.1,0.0,0.95,0.9
492,A025426  ,2010JJ00,1800,5.82,0.07,0.5,0.04,27.1,24.6,0.01,0.96,0.91
493,A025426  ,2011JJ00,1900,5.57,0.07,0.0,0.04,27.3,26.1,0.01,0.96,0.91
494,A025426  ,2012JJ00,2000,5.53,0.08,0.0,0.05,27.3,28.0,0.01,1.01,0.95
495,A025426  ,2013JJ00,2000,5.24,0.07,0.0,0.05,26.9,27.3,0.01,0.97,0.91
496,A025426  ,2014JJ00,2000,4.28,0.07,0.0,0.05,26.8,27.6,0.01,0.96,0.91
497,A025426  ,2015JJ00,2100,4.07,0.07,0.0,0.05,26.6,27.9,0.01,0.96,0.9
498,A025426  ,2016JJ00,2000,4.17,0.07,0.0,0.05,26.4,27.4,0.01,0.93,0.87
499,A025426  ,2017JJ00,2100,4.24,0.07,0.0,0.05,26.5,27.9,0.01,0.93,0.87
500,A025426  ,2018JJ00,2100,4.22,0.07,0.0,0.05,26.6,28.0,0.01,0.92,0.86
501,A025426  ,2019JJ00,1900,3.79,0.06,0.0,0.05,25.9,25.3,0.01,0.82,0.78
502,A025426  ,2020JJ00,1900,3.62,0.06,0.0,0.04,25.6,24.6,0.01,0.8,0.75
503,A025426  ,2021JJ00,1900,3.65,0.06,0.0,0.04,25.5,24.1,0.01,0.77,0.72
504,A025427  ,1990JJ00,3600,2.73,0.11,51.7,0.09,3.6,88.5,0.01,6.13,5.83
505,A025427  ,1995JJ00,3700,2.81,0.12,53.2,0.09,3.7,90.9,0.01,6.3,5.99
506,A025427  ,2000JJ00,4600,3.42,0.14,65.5,0.12,4.5,110.8,0.01,7.72,7.34
507,A025427  ,2001JJ00,4700,3.48,0.14,65.0,0.12,4.6,113.5,0.01,7.69,7.31
508,A025427  ,2002JJ00,4800,3.53,0.15,64.3,0.12,4.7,116.0,0.01,7.64,7.25
509,A025427  ,2003JJ00,4900,3.58,0.15,63.6,0.12,4.7,118.5,0.02,7.57,7.19
510,A025427  ,2004JJ00,5100,3.63,0.15,61.1,0.13,4.9,122.0,0.02,7.35,6.98
511,A025427  ,2005JJ00,5100,3.7,0.15,63.8,0.13,4.9,123.8,0.02,7.61,7.23
512,A025427  ,2006JJ00,5400,3.9,0.16,66.9,0.14,5.2,130.6,0.02,7.99,7.59
513,A025427  ,2007JJ00,5100,3.58,0.15,59.6,0.13,5.0,121.9,0.02,7.13,6.77
514,A025427  ,2008JJ00,4900,3.43,0.14,40.9,0.12,5.2,108.7,0.02,5.98,5.68
515,A025427  ,2009JJ00,4800,3.26,0.14,39.6,0.12,5.1,104.0,0.01,5.97,5.67
516,A025427  ,2010JJ00,4800,2.94,0.12,35.3,0.12,4.6,102.6,0.01,5.52,5.25
517,A025427  ,2011JJ00,5000,3.0,0.12,25.9,0.13,4.9,104.5,0.02,4.62,4.39
518,A025427  ,2012JJ00,4700,2.86,0.12,24.0,0.12,4.7,97.0,0.01,4.3,4.09
519,A025427  ,2013JJ00,4300,2.6,0.11,22.0,0.11,4.4,88.9,0.01,3.95,3.75
520,A025427  ,2014JJ00,4700,2.92,0.13,23.3,0.12,5.2,95.5,0.01,4.2,3.99
521,A025427  ,2015JJ00,5200,3.21,0.17,11.9,0.13,5.5,102.9,0.02,3.77,3.58
522,A025427  ,2016JJ00,4800,2.99,0.18,5.3,0.12,5.3,102.6,0.02,2.88,2.73
523,A025427  ,2017JJ00,4800,2.89,0.18,5.1,0.12,5.3,100.6,0.01,2.7,2.57
524,A025427  ,2018JJ00,5100,3.13,0.73,4.5,0.13,5.9,102.8,0.02,2.81,2.67
525,A025427  ,2019JJ00,5400,3.31,1.01,4.1,0.13,6.3,107.5,0.02,2.85,2.71
526,A025427  ,2020JJ00,5500,3.3,1.27,3.5,0.14,6.4,107.2,0.02,2.74,2.61
527,A025427  ,2021JJ00,5300,3.1,1.21,3.4,0.13,6.3,102.3,0.02,2.69,2.56
528,A025428  ,1990JJ00,300,0.48,0.01,0.1,0.01,3.7,1.4,0.0,0.04,0.04
529,A025428  ,1995JJ00,500,0.48,0.01,0.2,0.02,4.3,2.1,0.0,0.05,0.05
530,A025428  ,2000JJ00,600,0.45,0.01,0.2,0.02,4.2,2.7,0.0,0.06,0.06
531,A025428  ,2001JJ00,600,0.42,0.01,0.2,0.02,3.9,2.7,0.0,0.06,0.05
532,A025428  ,2002JJ00,600,0.41,0.01,0.2,0.02,3.9,2.7,0.0,0.06,0.05
533,A025428  ,2003JJ00,700,0.48,0.01,0.2,0.02,4.5,2.9,0.0,0.06,0.06
534,A025428  ,2004JJ00,800,0.52,0.01,0.2,0.02,4.5,3.0,0.0,0.07,0.06
535,A025428  ,2005JJ00,800,0.53,0.01,0.2,0.03,4.5,3.2,0.0,0.07,0.06
536,A025428  ,2006JJ00,800,0.55,0.01,0.2,0.03,4.6,3.2,0.0,0.07,0.06
537,A025428  ,2007JJ00,800,0.55,0.01,0.2,0.03,4.6,3.3,0.0,0.07,0.06
538,A025428  ,2008JJ00,800,0.55,0.01,0.3,0.03,4.7,3.3,0.0,0.07,0.06
539,A025428  ,2009JJ00,700,0.49,0.01,0.2,0.02,4.5,3.0,0.0,0.06,0.05
540,A025428  ,2010JJ00,800,0.49,0.01,0.2,0.02,4.5,3.2,0.0,0.06,0.05
541,A025428  ,2011JJ00,800,0.52,0.01,0.2,0.03,4.6,3.3,0.0,0.06,0.05
542,A025428  ,2012JJ00,800,0.51,0.01,0.2,0.03,4.4,3.3,0.0,0.06,0.05
543,A025428  ,2013JJ00,800,0.5,0.01,0.2,0.03,4.2,3.4,0.0,0.06,0.05
544,A025428  ,2014JJ00,800,0.5,0.01,0.2,0.03,4.2,3.5,0.0,0.06,0.05
545,A025428  ,2015JJ00,800,0.5,0.01,0.3,0.03,4.2,3.6,0.0,0.05,0.04
546,A025428  ,2016JJ00,900,0.51,0.01,0.3,0.03,4.3,3.8,0.0,0.05,0.04
547,A025428  ,2017JJ00,900,0.51,0.01,0.3,0.03,4.3,4.0,0.0,0.05,0.04
548,A025428  ,2018JJ00,900,0.52,0.01,0.3,0.03,4.4,4.2,0.0,0.05,0.04
549,A025428  ,2019JJ00,900,0.52,0.01,0.3,0.03,4.5,4.1,0.0,0.05,0.04
550,A025428  ,2020JJ00,500,0.27,0.0,0.1,0.02,2.5,2.3,0.0,0.03,0.02
551,A025428  ,2021JJ00,500,0.3,0.0,0.2,0.02,2.9,2.6,0.0,0.03,0.02
552,A025429  ,1990JJ00,4500,15.95,0.72,5.7,0.04,93.6,58.9,0.01,6.0,5.71
553,A025429  ,1995JJ00,4600,14.55,0.66,5.9,0.04,85.0,63.0,0.01,5.51,5.24
554,A025429  ,2000JJ00,4800,13.42,0.61,5.9,0.04,79.4,66.3,0.01,5.19,4.93
555,A025429  ,2001JJ00,4800,12.91,0.58,5.8,0.04,77.8,65.0,0.01,5.07,4.82
556,A025429  ,2002JJ00,4500,11.95,0.54,5.3,0.04,75.0,60.1,0.01,4.68,4.45
557,A025429  ,2003JJ00,4400,11.19,0.51,5.1,0.04,73.2,57.5,0.01,4.45,4.23
558,A025429  ,2004JJ00,4400,10.56,0.48,5.1,0.04,72.0,55.2,0.01,4.22,4.02
559,A025429  ,2005JJ00,4500,10.27,0.47,5.2,0.04,71.9,55.1,0.01,4.18,3.97
560,A025429  ,2006JJ00,4400,9.54,0.43,5.1,0.04,70.4,52.3,0.01,3.89,3.7
561,A025429  ,2007JJ00,4300,8.9,0.41,4.7,0.04,68.6,50.2,0.01,3.67,3.49
562,A025429  ,2008JJ00,4400,8.35,0.38,2.7,0.04,67.6,48.6,0.01,3.12,2.97
563,A025429  ,2009JJ00,4300,7.76,0.36,1.5,0.04,66.2,46.2,0.01,2.7,2.57
564,A025429  ,2010JJ00,4100,7.16,0.33,0.9,0.04,64.6,43.1,0.01,2.4,2.28
565,A025429  ,2011JJ00,4200,6.97,0.32,0.2,0.04,64.9,42.6,0.01,2.29,2.18
566,A025429  ,2012JJ00,3900,6.39,0.3,0.2,0.03,63.4,38.4,0.01,2.04,1.95
567,A025429  ,2013JJ00,3900,6.19,0.29,0.2,0.03,63.3,37.9,0.01,1.98,1.89
568,A025429  ,2014JJ00,4000,5.93,0.28,0.3,0.04,63.3,37.8,0.01,1.93,1.84
569,A025429  ,2015JJ00,3900,5.48,0.26,0.2,0.03,62.4,35.7,0.02,1.76,1.67
570,A025429  ,2016JJ00,4000,5.24,0.24,0.1,0.04,62.2,34.7,0.04,1.68,1.6
571,A025429  ,2017JJ00,3800,4.8,0.22,0.1,0.03,60.5,31.7,0.05,1.5,1.43
572,A025429  ,2018JJ00,4000,4.61,0.21,0.1,0.04,59.7,32.2,0.07,1.48,1.41
573,A025429  ,2019JJ00,3900,4.31,0.2,0.2,0.04,57.8,31.4,0.09,1.37,1.31
574,A025429  ,2020JJ00,4000,4.11,0.19,0.2,0.04,56.8,30.4,0.11,1.32,1.26
575,A025429  ,2021JJ00,3900,3.83,0.18,0.2,0.04,54.8,29.3,0.12,1.21,1.15
576,A025430  ,1990JJ00,1100,3.97,0.18,1.2,0.01,10.2,13.2,0.0,1.66,1.57
577,A025430  ,1995JJ00,1100,3.61,0.16,1.2,0.01,9.5,14.0,0.0,1.48,1.41
578,A025430  ,2000JJ00,1100,3.31,0.15,1.2,0.01,9.1,14.8,0.0,1.33,1.27
579,A025430  ,2001JJ00,1100,3.16,0.14,1.2,0.01,8.8,14.5,0.0,1.28,1.22
580,A025430  ,2002JJ00,1100,2.97,0.14,1.1,0.01,8.4,13.7,0.0,1.2,1.14
581,A025430  ,2003JJ00,1100,2.76,0.13,1.2,0.01,8.2,13.6,0.0,1.18,1.12
582,A025430  ,2004JJ00,1000,2.47,0.11,1.1,0.01,7.8,12.8,0.0,1.08,1.03
583,A025430  ,2005JJ00,1100,2.34,0.11,1.2,0.01,7.7,13.0,0.0,1.08,1.03
584,A025430  ,2006JJ00,1100,2.14,0.1,1.1,0.01,7.4,12.5,0.0,1.02,0.97
585,A025430  ,2007JJ00,1100,1.98,0.09,1.1,0.01,7.2,12.2,0.0,0.97,0.92
586,A025430  ,2008JJ00,1100,1.82,0.08,0.6,0.01,6.9,11.8,0.0,0.81,0.77
587,A025430  ,2009JJ00,1000,1.65,0.07,0.3,0.01,6.6,11.1,0.0,0.69,0.66
588,A025430  ,2010JJ00,1100,1.61,0.07,0.1,0.01,6.6,11.3,0.0,0.67,0.64
589,A025430  ,2011JJ00,1100,1.54,0.07,0.0,0.01,6.5,11.4,0.0,0.64,0.61
590,A025430  ,2012JJ00,1100,1.44,0.07,0.0,0.01,6.3,10.8,0.0,0.6,0.57
591,A025430  ,2013JJ00,1200,1.4,0.06,0.0,0.01,6.2,10.9,0.0,0.58,0.55
592,A025430  ,2014JJ00,1300,1.4,0.06,0.0,0.01,6.3,11.5,0.0,0.58,0.55
593,A025430  ,2015JJ00,1300,1.32,0.06,0.0,0.01,6.2,11.2,0.01,0.54,0.51
594,A025430  ,2016JJ00,1200,1.21,0.06,0.0,0.01,5.8,10.1,0.01,0.47,0.45
595,A025430  ,2017JJ00,1200,1.13,0.05,0.0,0.01,5.5,9.5,0.02,0.43,0.41
596,A025430  ,2018JJ00,1400,1.14,0.05,0.0,0.01,5.6,10.3,0.03,0.45,0.43
597,A025430  ,2019JJ00,1300,1.05,0.05,0.0,0.01,5.2,9.4,0.03,0.39,0.38
598,A025430  ,2020JJ00,1400,1.02,0.05,0.0,0.01,5.1,9.5,0.04,0.38,0.36
599,A025430  ,2021JJ00,1400,0.97,0.05,0.0,0.01,4.9,9.3,0.05,0.35,0.33
600,A025431  ,1990JJ00,400,0.41,0.02,1.4,0.01,0.4,6.1,0.0,0.34,0.32
601,A025431  ,1995JJ00,400,0.42,0.02,1.6,0.01,0.5,6.8,0.0,0.37,0.36
602,A025431  ,2000JJ00,400,0.38,0.02,1.4,0.01,0.4,6.7,0.0,0.35,0.33
603,A025431  ,2001JJ00,400,0.37,0.02,1.3,0.01,0.4,6.5,0.0,0.33,0.31
604,A025431  ,2002JJ00,300,0.31,0.01,1.1,0.01,0.3,5.4,0.0,0.27,0.26
605,A025431  ,2003JJ00,300,0.27,0.01,1.0,0.01,0.3,4.9,0.0,0.24,0.23
606,A025431  ,2004JJ00,300,0.25,0.01,0.9,0.01,0.3,4.7,0.0,0.22,0.21
607,A025431  ,2005JJ00,300,0.24,0.01,0.9,0.01,0.3,4.6,0.0,0.22,0.21
608,A025431  ,2006JJ00,300,0.22,0.01,0.9,0.01,0.3,4.4,0.0,0.2,0.19
609,A025431  ,2007JJ00,200,0.19,0.01,0.7,0.01,0.2,3.8,0.0,0.18,0.17
610,A025431  ,2008JJ00,200,0.17,0.01,0.5,0.01,0.2,3.5,0.0,0.16,0.15
611,A025431  ,2009JJ00,200,0.15,0.01,0.5,0.0,0.2,3.3,0.0,0.16,0.15
612,A025431  ,2010JJ00,200,0.15,0.01,0.4,0.0,0.2,3.2,0.0,0.14,0.14
613,A025431  ,2011JJ00,200,0.13,0.01,0.2,0.0,0.1,2.6,0.0,0.11,0.1
614,A025431  ,2012JJ00,100,0.1,0.0,0.2,0.0,0.1,2.0,0.0,0.08,0.08
615,A025431  ,2013JJ00,200,0.11,0.0,0.2,0.0,0.1,2.4,0.0,0.1,0.09
616,A025431  ,2014JJ00,200,0.11,0.0,0.3,0.0,0.1,2.4,0.0,0.1,0.1
617,A025431  ,2015JJ00,200,0.1,0.0,0.1,0.0,0.1,2.5,0.0,0.09,0.09
618,A025431  ,2016JJ00,200,0.1,0.0,0.1,0.0,0.1,2.6,0.0,0.09,0.09
619,A025431  ,2017JJ00,100,0.09,0.0,0.1,0.0,0.1,2.1,0.0,0.08,0.07
620,A025431  ,2018JJ00,200,0.1,0.0,0.1,0.0,0.1,2.5,0.0,0.09,0.09
621,A025431  ,2019JJ00,200,0.17,0.01,0.2,0.01,0.2,4.0,0.0,0.12,0.12
622,A025431  ,2020JJ00,200,0.12,0.01,0.1,0.01,0.2,3.0,0.0,0.11,0.1
623,A025431  ,2021JJ00,200,0.14,0.01,0.1,0.01,0.2,3.4,0.0,0.12,0.11
624,A025433  ,1990JJ00,3000,11.58,0.53,3.1,0.02,83.0,39.7,0.01,4.01,3.81
625,A025433  ,1995JJ00,3100,10.52,0.48,3.0,0.02,75.1,42.1,0.01,3.66,3.48
626,A025433  ,2000JJ00,3300,9.73,0.44,3.2,0.03,69.9,44.8,0.01,3.51,3.33
627,A025433  ,2001JJ00,3300,9.38,0.42,3.2,0.03,68.6,44.0,0.01,3.45,3.29
628,A025433  ,2002JJ00,3100,8.67,0.39,3.1,0.02,66.3,41.0,0.01,3.2,3.05
629,A025433  ,2003JJ00,3100,8.16,0.37,3.0,0.02,64.7,38.9,0.01,3.03,2.88
630,A025433  ,2004JJ00,3100,7.84,0.36,3.0,0.02,64.0,37.8,0.01,2.92,2.78
631,A025433  ,2005JJ00,3100,7.68,0.35,3.1,0.02,63.9,37.5,0.01,2.88,2.74
632,A025433  ,2006JJ00,3100,7.17,0.33,3.0,0.02,62.7,35.5,0.01,2.67,2.54
633,A025433  ,2007JJ00,3100,6.72,0.31,2.9,0.02,61.2,34.3,0.01,2.52,2.4
634,A025433  ,2008JJ00,3100,6.37,0.29,1.6,0.02,60.5,33.3,0.01,2.14,2.04
635,A025433  ,2009JJ00,3000,5.96,0.27,0.7,0.02,59.5,31.8,0.01,1.86,1.77
636,A025433  ,2010JJ00,2800,5.4,0.25,0.3,0.02,57.9,28.5,0.01,1.58,1.51
637,A025433  ,2011JJ00,2900,5.3,0.25,0.0,0.02,58.3,28.7,0.01,1.54,1.47
638,A025433  ,2012JJ00,2600,4.85,0.23,0.0,0.02,57.0,25.6,0.01,1.36,1.3
639,A025433  ,2013JJ00,2600,4.68,0.22,0.0,0.02,56.9,24.6,0.01,1.3,1.24
640,A025433  ,2014JJ00,2600,4.43,0.21,0.0,0.02,56.8,23.9,0.01,1.25,1.19
641,A025433  ,2015JJ00,2500,4.06,0.19,0.0,0.02,56.1,22.0,0.01,1.13,1.07
642,A025433  ,2016JJ00,2600,3.93,0.18,0.0,0.02,56.3,22.0,0.02,1.11,1.06
643,A025433  ,2017JJ00,2400,3.57,0.17,0.0,0.02,54.9,20.1,0.03,1.0,0.95
644,A025433  ,2018JJ00,2400,3.36,0.16,0.0,0.02,54.0,19.3,0.04,0.94,0.9
645,A025433  ,2019JJ00,2300,3.09,0.14,0.0,0.02,52.4,18.0,0.05,0.86,0.82
646,A025433  ,2020JJ00,2400,2.97,0.14,0.0,0.02,51.5,17.9,0.06,0.84,0.8
647,A025433  ,2021JJ00,2300,2.73,0.13,0.0,0.02,49.7,16.6,0.07,0.74,0.71
