ID,RegioS,Perioden,TotaalMetWoningen_1,ZonderVerzorging_2,MetVerzorging_3,ZowelMetAlsZonderVerzorging_4,TotaalWoningenVoorOuderen_5,TotaalZonderVerzorgingVerzorgingshuis_6,Eenkamerwoningen_7,Tweekamerwoningen_8,Driekamerwoningen_9,TotaalMetVerzorgingVerzorgingshuis_10,Eenkamerwoningen_11,Tweekamerwoningen_12,Driekamerwoningen_13,TotaalAantalVerzorgingshuizen_14,KortdurendeOpnamen_15,DagverzorgingOpvang_16,NachtverzorgingOpvang_17,Maaltijdverstrekking_18,AansluitingOpAlarmsysteem_19,TotaalAantalBewoners_20,JongerDan65Jaar_21,k_6569Jaar_22,k_7074Jaar_23,k_7579Jaar_24,k_8084Jaar_25,k_8589Jaar_26,k_9094Jaar_27,k_95JaarEnOuder_28,TotaalBijgekomenBewoners_29,Mannen_30,Vrouwen_31,TotaalVertrokkenBewoners_32,Mannen_33,Vrouwen_34,TotaalOverledenBewoners_35,Mannen_36,Vrouwen_37,TotaalBijgekomen_38,EigenOmgeving_39,WoningBehorendBijVerzorgingshuis_40,ZiekenhuisOfPsychiatrischZiekenhuis_41,AnderVerzorgingshuis_42,Verpleeghuis_43,TotaalVertrokken_44,EigenWoning_45,PsychiatrischZiekenhuis_46,AnderVerzorgingshuis_47,Verpleeghuis_48,AantalPersonen_49,AantalVerzorgingsdagen_50,AantalPersonen_51,UitAanleunwoningen_52,AantalPersonen_53,UitAanleunwoningen_54,GemiddeldPerDag_55,VoorBewonersUitAanleunwoningen_56,AantalAangeslotenWoningen_57,Aanleunwoningen_58,TotaalFteS_59,AlgemeenBeheer_60,Huishouding_61,GeestelijkeEnCultureleZorg_62,TuinTechniekOnderhoud_63,TotaalVerzorging_64,Verpleegkundigen_65,Ziekenverzorgenden_66,Bejaardenverzorgenden_67,BejaardenhelpendenI_68,BejaardenhelpendenII_69,Verzorgingshulpen_70,PersoneelInOpleiding_71,OverigVerzorgendPersoneel_72,Maaltijdverstrekking_73,OverigWerksoorten_74,TotaalMetVolledigeWeektaak_75,AlgemeenBeheer_76,Huishouding_77,GeestelijkeEnCultureleZorg_78,TuinTechniekOnderhoud_79,TotaalVerzorging_80,Verpleegkundigen_81,Ziekenverzorgenden_82,Bejaardenverzorgenden_83,BejaardenhelpendenI_84,BejaardenhelpendenII_85,Verzorgingshulpen_86,PersoneelInOpleiding_87,OverigVerzorgendPersoneel_88,Maaltijdverstrekking_89,OverigeWerksoorten_90,TotaalMetGedeeltelijkeWeektaak_91,AlgemeenBeheer_92,Huishouding_93,GeestelijkeEnCultureleZorg_94,TuinTechniekOnderhoud_95,TotaalVerzorging_96,Verpleegkundigen_97,Ziekenverzorgenden_98,Bejaardenverzorgenden_99,BejaardenhelpendenI_100,BejaardenhelpendenII_101,Verzorgingshulpen_102,PersoneelInOpleiding_103,OverigVerzorgendPersoneel_104,Maaltijdverstrekking_105,OverigeWerksoorten_106,AantalOproepkrachten_107,UitbetaaldeUren_108,AantalPersonenNietInLoondienst_109,UitbetaaldeUren_110,AantalUitzendkrachten_111,UitbetaaldeUren_112,AantalOverigeUitzendkrachten_113,UitbetaaldeUren_114,AantalBanenpoolers_115,UitbetaaldeUren_116,AantalOverigePersoneelsleden_117,UitbetaaldeUren_118,VerzorgingshuizenMetVrijwilligers_119,AantalVrijwilligers_120,AantalGewerkteUren_121,AantalStagiaires_122,AantalGewerkteUren_123,TotaalKosten_124,SalarissenEnVergoedingen_125,SocialeLastenAnderePersoneelskosten_126,Voeding_127,HotelmatigeKosten_128,AlgemeneKosten_129,BewonergebondenKosten_130,Energie_131,OverigeTerreinEnGebouwgebKosten_132,AfschrijvingenHuurLeasing_133,Overboekingsrekening_134,DiverseLasten_135,KostenPerBewonersplaats_136,TotaalOpbrengsten_137,DienstenAanDerden_138,EigenBijdragen_139,Subsidies_140,BijzondereVergoedingen_141,OverigeOpbrengsten_142,Exploitatiesaldo_143
0,NL    ,1995JJ00,823.0,648.0,107.0,68.0,48194.0,39423.0,3007.0,27351.0,9065.0,8771.0,502.0,5946.0,2323.0,1425,87.0,53.0,18.0,75.0,66.0,117491,0,1,5,13,27,31,18,5,25082.0,6592,18490,0.0,0,0,0.0,0,0,25082,83,7,3,4,3,6556,7,4,15,74,20869.0,729360.0,15930.0,2975.0,553.0,0.0,48432.0,9612.0,59389.0,43660.0,50201,3996,6991,1309,1534,28541,2634,5637,12962,2422,764,1514,527,2081,6607,1223,16989,1814,1598,219,1084,8526,,,,,,,,,3462,287,66719,5108,11357,2216,919,37662,0,0,0,0,0,0,0,0,7318,2139,17712.0,5932467.0,8603.0,2757272.0,3864.0,666420.0,873.0,163988.0,1721.0,1450281.0,616.0,272828.0,1261.0,50253.0,4981313.0,12521.0,4697104.0,2415.4,1090.8,309.9,169.0,59.7,116.1,11.6,86.2,83.0,490.3,-12.7,11.5,18.9,2432.6,53.8,925.0,1355.0,53.9,44.8,17.6
1,NL    ,1996JJ00,863.0,594.0,120.0,149.0,50902.0,40401.0,2511.0,27666.0,10225.0,10501.0,828.0,6413.0,3259.0,1404,83.0,50.0,18.0,70.0,64.0,113033,0,1,5,13,26,31,18,5,25074.0,6613,18461,6382.0,1292,5090,21201.0,6059,15142,25075,83,7,3,4,3,6382,7,3,15,75,24098.0,574642.0,16474.0,2206.0,296.0,0.0,51652.0,11698.0,62504.0,43490.0,49666,3999,6834,1354,1496,28352,2530,5716,13152,2126,866,1427,466,2070,6439,1191,15704,1759,1446,230,1040,7735,,,,,,,,,3256,239,67725,5174,11368,2305,919,38416,0,0,0,0,0,0,0,0,7374,2170,18473.0,5875757.0,9063.0,2919356.0,4181.0,483312.0,965.0,177426.0,1868.0,1751169.0,538.0,305372.0,1201.0,53040.0,5107033.0,12145.0,3745927.0,2441.8,1103.1,315.2,170.1,59.8,113.4,13.1,91.9,82.7,488.2,-5.6,10.0,19.8,2440.4,57.0,919.0,1353.3,57.2,54.0,-1.4
2,NL    ,1997JJ00,915.0,520.0,119.0,276.0,51690.0,40559.0,2492.0,27820.0,10247.0,11131.0,960.0,6818.0,3353.0,1394,86.0,45.0,11.0,72.0,68.0,111719,0,1,5,12,26,31,18,5,25735.0,6931,18804,6239.0,1227,5012,20967.0,6142,14825,25735,84,7,3,3,4,6239,7,3,12,77,24052.0,701104.0,15026.0,2518.0,562.0,112.0,50002.0,11361.0,64595.0,44107.0,51707,4139,7116,1407,1515,29619,2442,6077,13917,2101,883,1472,399,2228,6614,1296,15686,1808,1453,211,1052,7633,,,,,,,,,3255,275,70417,5344,11613,2350,915,40238,0,0,0,0,0,0,0,0,7760,2199,19052.0,5590580.0,9782.0,3180023.0,6112.0,604596.0,1001.0,223712.0,1996.0,2010561.0,673.0,341154.0,1281.0,56699.0,5513488.0,11782.0,3458650.0,2469.9,1111.0,321.0,167.3,63.7,115.6,13.0,91.3,80.6,496.6,-2.5,12.3,21.1,2487.9,56.5,12.7,2313.5,58.8,46.6,18.1
3,NL    ,1998JJ00,859.0,250.0,64.0,545.0,56637.0,46451.0,1856.0,34802.0,9793.0,10186.0,698.0,6027.0,3461.0,1380,88.0,47.0,12.0,73.0,70.0,107806,0,1,5,12,25,32,19,6,25598.0,6855,18743,6027.0,1276,4751,21551.0,6135,15416,25598,83,6,2,4,4,6026,8,2,14,77,26572.0,787380.0,17415.0,1849.0,1702.0,350.0,54621.0,14230.0,66089.0,52075.0,52462,4136,6972,1649,1511,30449,2313,6431,14579,1851,734,1659,427,2461,6460,1368,14783,1716,1364,245,1068,7170,681.0,1305.0,3519.0,321.0,129.0,306.0,65.0,846.0,2931,289,71864,5236,11559,2677,786,41390,3077,9479,18960,2726,1176,2610,519,2846,7921,2312,16689.0,5195065.0,9811.0,3540931.0,6176.0,794313.0,1113.0,155614.0,2039.0,2345125.0,481.0,245711.0,1283.0,57529.0,5943439.0,11640.0,3461805.0,2601.4,1183.3,342.3,177.7,68.1,123.8,16.2,89.8,83.4,503.2,-3.1,16.7,22.8,2611.6,65.6,8.5,2418.4,63.2,55.9,10.3
4,NL    ,1999JJ00,,,,,,,,,,,,,,1366,88.0,47.0,10.0,72.0,70.0,107065,0,1,4,12,24,32,20,6,26333.0,6879,19454,6394.0,1324,5070,21888.0,6079,15809,26333,87,6,2,2,4,6394,6,1,15,78,28102.0,755404.0,20754.0,2241.0,1568.0,544.0,57532.0,14009.0,66901.0,42930.0,53893,4231,7178,1564,1443,31392,2198,6591,14037,2291,873,1790,580,3029,6392,1694,13940,1673,1320,86,1012,6951,488.0,1311.0,3589.0,353.0,59.0,140.0,39.0,972.0,2761,137,75857,5657,11847,2605,798,43568,3067,9723,18863,3281,1347,2854,665,3768,8490,2892,11985.0,3597701.0,13404.0,3449339.0,7441.0,900314.0,2037.0,289271.0,1919.0,1912936.0,1936.0,346818.0,,,,,,2745.7,1234.6,392.6,195.5,72.8,131.3,16.1,87.6,173.2,519.0,-7.1,17.8,24.4,2754.4,72.1,11.1,2510.1,88.2,73.1,8.8
5,LD01  ,1995JJ00,127.0,96.0,21.0,8.0,7453.0,6026.0,468.0,4283.0,1276.0,1427.0,144.0,669.0,613.0,175,273.0,182.0,73.0,255.0,241.0,13225,0,3,15,36,75,92,60,17,3016.0,835,2181,0.0,0,0,0.0,0,0,3016,250,24,9,6,10,721,14,13,57,216,2166.0,64603.0,2567.0,95.0,49.0,0.0,8338.0,1809.0,8307.0,6386.0,5588,401,748,143,170,3216,319,522,1595,279,74,125,59,243,785,124,1551,213,158,19,125,636,,,,,,,,,381,16,8166,401,1224,232,90,5009,0,0,0,0,0,0,0,0,960,250,2214.0,791010.0,746.0,320318.0,159.0,27946.0,45.0,11855.0,360.0,239754.0,47.0,27505.0,153.0,6636.0,633581.0,2140.0,768626.0,288.9,123.2,34.4,21.5,6.6,14.7,1.1,10.2,9.4,65.6,-0.1,2.8,60.0,298.6,10.0,102.9,0.0,5.6,9.0,9.5
6,LD01  ,1996JJ00,127.0,92.0,22.0,13.0,7545.0,5731.0,473.0,3738.0,1521.0,1813.0,160.0,791.0,862.0,175,262.0,171.0,80.0,246.0,230.0,12857,1,3,15,37,76,91,59,17,3077.0,861,2216,0.0,0,0,0.0,0,0,3076,251,26,5,7,11,725,39,4,34,223,2161.0,55803.0,3150.0,241.0,50.0,0.0,7407.0,1730.0,8231.0,5924.0,5683,384,735,143,162,3283,317,566,1676,233,88,122,44,238,808,168,1515,200,141,21,116,632,,,,,,,,,369,33,8308,404,1241,234,99,5028,0,0,0,0,0,0,0,0,1020,282,2171.0,894304.0,910.0,484434.0,203.0,32807.0,67.0,9736.0,469.0,411625.0,50.0,19065.0,153.0,6939.0,647392.0,2209.0,611638.0,296.5,127.9,35.5,21.5,6.8,14.7,1.4,11.3,9.6,65.5,-0.3,2.6,63.5,299.4,8.9,104.1,0.0,5.9,11.1,3.0
7,LD01  ,1997JJ00,135.0,75.0,24.0,36.0,7653.0,5728.0,168.0,3920.0,1640.0,1925.0,177.0,954.0,795.0,173,264.0,138.0,33.0,238.0,232.0,12873,2,4,14,37,74,93,59,19,3277.0,940,2337,651.0,135,516,2669.0,834,1835,3277,249,24,7,9,12,652,33,6,35,227,3293.0,99094.0,2114.0,351.0,67.0,59.0,7405.0,1619.0,8404.0,5932.0,5842,406,765,155,172,3409,276,599,1801,194,114,131,37,257,789,145,1470,199,143,23,123,595,,,,,,,,,353,33,8557,462,1275,243,98,5254,0,0,0,0,0,0,0,0,1003,220,2243.0,922810.0,923.0,577599.0,320.0,49383.0,52.0,13717.0,493.0,488923.0,58.0,25577.0,163.0,7257.0,684597.0,2091.0,620818.0,290.9,128.5,36.0,20.3,6.9,13.4,1.4,11.0,9.2,63.5,-0.4,1.2,64.1,291.9,8.1,2.7,0.0,6.0,7.9,1.0
8,LD01  ,1998JJ00,128.0,31.0,14.0,83.0,8525.0,6622.0,218.0,4975.0,1429.0,1903.0,139.0,875.0,889.0,168,269.0,149.0,38.0,235.0,247.0,12296,0,3,13,36,74,95,58,18,2925.0,815,2110,638.0,136,502,2559.0,756,1803,2925,249,19,9,11,13,638,21,12,34,234,2992.0,91416.0,1980.0,253.0,307.0,41.0,7578.0,2039.0,8711.0,7377.0,6021,459,782,175,183,3517,278,706,1807,203,83,139,34,266,778,135,1504,200,135,24,129,649,80.0,118.0,309.0,25.0,9.0,20.0,3.0,84.0,339,28,8629,540,1319,284,92,5147,374,1092,2592,334,142,231,44,337,1027,221,2093.0,846140.0,1058.0,511927.0,522.0,66814.0,109.0,16535.0,383.0,402473.0,45.0,26103.0,160.0,6533.0,642212.0,1784.0,576985.0,303.2,135.0,38.3,21.4,7.4,14.1,1.7,10.9,9.4,63.9,-0.6,1.4,70.0,304.1,9.1,1.4,0.0,6.3,9.2,1.0
9,LD01  ,1999JJ00,,,,,,,,,,,,,,167,,,,,,12237,0,3,13,35,70,96,61,19,3118.0,802,2316,693.0,160,533,2660.0,779,1881,3118,260,15,4,8,12,693,9,1,50,240,,,,,,,,,,,6197,452,841,155,162,3691,261,703,1787,318,85,160,48,327,722,175,1456,182,152,3,108,686,52.0,127.0,362.0,45.0,1.0,4.0,2.0,93.0,309,16,8983,578,1397,272,92,5365,361,1071,2584,478,146,251,54,420,984,295,,,,,,,,,,,,,,,,,,319.9,140.1,44.9,23.2,7.8,15.6,1.6,10.4,20.0,66.0,-1.3,2.0,74.4,320.3,10.9,0.9,0.0,8.1,11.4,0.4
10,LD02  ,1995JJ00,170.0,130.0,22.0,18.0,8137.0,6372.0,329.0,3616.0,2426.0,1765.0,186.0,943.0,635.0,305,279.0,166.0,53.0,232.0,205.0,23370,0,6,19,43,87,89,44,10,4702.0,1203,3499,0.0,0,0,0.0,0,0,4701,261,18,6,5,10,1444,23,11,26,239,5268.0,239866.0,3023.0,48.0,114.0,0.0,11486.0,1817.0,9739.0,7063.0,9690,799,1420,312,343,5252,465,1179,2698,346,68,171,63,259,1345,220,3120,379,363,43,249,1373,,,,,,,,,672,42,13245,982,2186,560,183,7454,0,0,0,0,0,0,0,0,1491,389,4284.0,1533437.0,1166.0,489114.0,206.0,21589.0,85.0,13595.0,392.0,345390.0,181.0,77240.0,273.0,12055.0,1129287.0,3196.0,1395603.0,465.1,209.6,59.8,36.2,11.4,22.7,2.4,16.6,15.2,91.5,-1.7,0.8,56.1,464.6,11.4,185.4,0.0,7.5,7.5,-0.1
11,LD02  ,1996JJ00,185.0,121.0,27.0,37.0,9001.0,6743.0,394.0,3738.0,2611.0,2259.0,138.0,1206.0,915.0,297,269.0,157.0,58.0,232.0,200.0,22074,1,4,17,43,87,89,46,12,4903.0,1309,3594,0.0,0,0,0.0,0,0,4903,255,23,5,7,10,1296,18,9,44,230,6126.0,140917.0,2497.0,79.0,74.0,0.0,11007.0,2178.0,10668.0,7134.0,9433,776,1390,305,320,5170,446,1168,2665,262,136,175,59,259,1254,216,2818,374,315,41,231,1219,,,,,,,,,598,40,12986,879,2161,538,166,7475,0,0,0,0,0,0,0,0,1387,380,4165.0,1397488.0,1277.0,531812.0,324.0,38919.0,57.0,11088.0,422.0,376375.0,169.0,74879.0,254.0,13056.0,1128406.0,2958.0,1041421.0,464.3,207.4,58.5,35.9,10.8,20.7,2.8,17.5,18.2,91.0,0.6,0.9,58.0,462.5,12.6,179.9,0.0,9.2,9.8,-1.8
12,LD02  ,1997JJ00,190.0,107.0,22.0,61.0,9244.0,7136.0,416.0,4490.0,2230.0,2109.0,203.0,1193.0,713.0,297,281.0,131.0,43.0,239.0,202.0,22173,1,4,16,43,86,89,47,13,4917.0,1307,3610,1387.0,285,1102,4038.0,1188,2850,4917,254,20,5,7,12,1387,21,7,39,233,6644.0,164312.0,2749.0,1284.0,227.0,19.0,11065.0,2064.0,11362.0,7707.0,9980,821,1484,304,324,5479,457,1270,2753,323,140,182,41,313,1309,261,2794,382,311,38,229,1186,,,,,,,,,607,40,13936,975,2301,531,179,7958,0,0,0,0,0,0,0,0,1535,460,4060.0,1279614.0,1300.0,598227.0,554.0,63620.0,98.0,18319.0,445.0,408436.0,203.0,107853.0,277.0,14096.0,1167971.0,2831.0,891581.0,477.1,214.7,61.5,34.2,11.8,22.2,2.6,18.0,15.6,94.8,-0.5,1.8,63.1,479.3,12.9,2.4,0.0,10.5,8.4,2.1
13,LD02  ,1998JJ00,183.0,67.0,13.0,103.0,10475.0,8826.0,266.0,6053.0,2507.0,1649.0,103.0,1065.0,481.0,297,284.0,137.0,51.0,244.0,202.0,21751,0,3,15,38,78,93,56,16,5218.0,1348,3870,1286.0,266,1020,4170.0,1177,2993,5218,250,19,7,14,11,1286,23,3,40,233,6439.0,190563.0,3259.0,339.0,472.0,115.0,11989.0,2958.0,11580.0,10141.0,10400,834,1481,332,303,5931,457,1350,2946,316,126,233,69,432,1278,286,2799,348,307,47,217,1249,115.0,243.0,633.0,46.0,25.0,41.0,8.0,137.0,573,57,14626,1049,2394,569,151,8438,644,2092,4002,498,205,380,90,527,1560,467,3496.0,1089462.0,1770.0,660119.0,978.0,117441.0,317.0,21381.0,410.0,474006.0,93.0,47284.0,281.0,13370.0,1266597.0,2473.0,804506.0,515.3,235.7,66.9,36.5,12.9,24.5,3.1,18.2,15.9,99.8,-0.6,2.3,68.2,517.3,14.5,1.4,0.0,11.2,10.9,1.7
14,LD02  ,1999JJ00,,,,,,,,,,,,,,295,,,,,,21887,0,3,14,38,74,96,58,16,5312.0,1421,3891,1281.0,260,1021,4355.0,1206,3149,5312,261,18,3,7,13,1281,8,2,57,233,,,,,,,,,,,10745,827,1432,330,297,6230,432,1421,2916,361,141,285,92,581,1279,351,2626,324,263,21,214,1278,83.0,262.0,705.0,27.0,8.0,17.0,8.0,168.0,509,17,15561,1073,2363,547,157,9005,622,2236,4042,557,222,473,93,760,1786,630,,,,,,,,,,,,,,,,,,551.4,250.2,78.6,40.4,14.3,25.5,3.2,18.1,35.1,102.8,-0.7,2.4,72.8,553.6,14.9,2.6,0.0,16.3,15.7,2.3
15,LD03  ,1995JJ00,368.0,304.0,42.0,23.0,23323.0,19250.0,1579.0,14122.0,3548.0,4073.0,112.0,3334.0,627.0,618,375.0,204.0,72.0,330.0,276.0,56608,0,4,16,47,102,129,76,22,11954.0,3080,8874,0.0,0,0,0.0,0,0,11955,330,25,11,22,12,3034,28,14,62,297,10932.0,343569.0,6023.0,1971.0,156.0,0.0,19915.0,3929.0,29028.0,21556.0,24227,1948,3369,583,747,13792,1374,2538,5225,1528,549,1057,347,1176,3187,600,8862,854,843,110,544,4552,,,,,,,,,1802,159,30677,2570,5324,967,403,17206,0,0,0,0,0,0,0,0,3210,997,7584.0,2508729.0,5539.0,1508368.0,3277.0,566135.0,663.0,121011.0,669.0,630191.0,247.0,95091.0,566.0,22671.0,2180140.0,4484.0,1393646.0,1179.6,530.8,149.4,77.0,30.8,58.2,5.7,42.3,42.0,244.1,-6.8,6.0,74.4,1184.7,22.9,452.6,0.0,26.3,21.4,5.2
16,LD03  ,1996JJ00,389.0,273.0,42.0,74.0,24920.0,20378.0,1023.0,15007.0,4349.0,4541.0,402.0,3325.0,814.0,610,351.0,196.0,63.0,299.0,258.0,53965,0,5,16,46,100,127,78,25,11725.0,2971,8754,0.0,0,0,0.0,0,0,11725,328,30,13,19,11,3075,25,10,69,295,12830.0,285566.0,7460.0,1389.0,125.0,0.0,23347.0,4777.0,30470.0,21971.0,23729,1946,3306,617,742,13505,1268,2596,5343,1355,561,943,310,1130,3052,561,8091,814,772,115,530,4057,,,,,,,,,1687,117,31283,2662,5391,1040,426,17464,0,0,0,0,0,0,0,0,3254,1044,8671.0,2489319.0,5557.0,1380028.0,3221.0,332850.0,742.0,132276.0,726.0,686039.0,196.0,133864.0,530.0,23476.0,2127411.0,4417.0,1337304.0,1187.0,535.5,153.3,78.1,30.5,56.8,6.3,44.9,38.4,241.7,-3.6,5.3,80.2,1187.1,25.9,446.0,0.0,28.9,26.0,0.1
17,LD03  ,1997JJ00,408.0,232.0,41.0,135.0,25016.0,20052.0,1216.0,14365.0,4470.0,4965.0,470.0,3295.0,1200.0,600,372.0,165.0,40.0,309.0,272.0,52627,0,4,16,45,98,128,80,25,11754.0,3137,8617,2851.0,524,2327,10056.0,2811,7245,11754,336,28,12,13,11,2851,30,11,52,307,11042.0,334581.0,6859.0,673.0,191.0,30.0,21774.0,5312.0,32079.0,21938.0,24575,2033,3484,650,740,13946,1187,2715,5732,1282,530,1046,262,1191,3126,597,8072,864,796,100,522,3986,,,,,,,,,1670,135,32116,2712,5493,1079,432,17990,0,0,0,0,0,0,0,0,3404,1005,9507.0,2437670.0,6403.0,1492488.0,4666.0,404567.0,716.0,155753.0,773.0,800178.0,247.0,131990.0,569.0,25077.0,2364055.0,4353.0,1246409.0,1190.1,531.8,154.5,77.2,31.7,57.0,6.4,43.7,38.7,243.1,0.3,6.0,84.6,1201.8,25.5,5.1,0.0,28.7,22.5,11.6
18,LD03  ,1998JJ00,363.0,105.0,22.0,236.0,26605.0,21952.0,1075.0,17029.0,3848.0,4653.0,238.0,2950.0,1465.0,591,374.0,174.0,43.0,308.0,277.0,49978,0,4,17,46,98,128,82,25,11712.0,3134,8578,2743.0,563,2180,10184.0,2846,7338,11711,331,27,10,18,14,2744,32,7,47,315,12472.0,364135.0,7932.0,767.0,568.0,120.0,23930.0,6423.0,32213.0,24064.0,24428,1944,3264,794,713,14089,1058,2852,6296,1004,404,983,252,1246,3001,645,7248,809,675,122,506,3582,323.0,623.0,1680.0,204.0,81.0,202.0,42.0,429.0,1416,137,32397,2462,5274,1259,368,18437,1399,4038,7799,1385,615,1509,298,1395,3541,1069,7887.0,2267654.0,5343.0,1662303.0,3777.0,464833.0,513.0,84397.0,841.0,1011511.0,210.0,101417.0,557.0,25823.0,2762461.0,4735.0,1306618.0,1223.5,553.7,160.8,80.7,32.9,59.8,7.6,41.7,40.0,238.8,-1.4,9.0,91.2,1228.8,29.5,4.0,0.0,31.7,24.8,5.3
19,LD03  ,1999JJ00,,,,,,,,,,,,,,582,,,,,,49129,0,4,16,47,94,128,83,24,11960.0,3116,8844,2925.0,601,2324,10170.0,2779,7391,11960,346,22,7,8,16,2925,25,2,63,312,,,,,,,,,,,25106,2000,3396,728,694,14465,974,2934,6059,1201,487,1010,326,1471,3023,800,6893,795,659,40,494,3446,239.0,608.0,1673.0,243.0,45.0,103.0,27.0,508.0,1377,82,34329,2712,5512,1183,383,19396,1341,4182,7799,1619,728,1576,389,1762,3835,1308,,,,,,,,,,,,,,,,,,1280.9,572.4,184.8,88.2,34.9,62.0,7.4,40.5,81.1,244.2,-3.8,10.1,98.4,1283.5,32.9,5.0,0.0,43.8,31.2,2.5
20,LD04  ,1995JJ00,157.0,119.0,21.0,17.0,9281.0,7775.0,631.0,5331.0,1814.0,1506.0,60.0,998.0,448.0,326,144.0,105.0,27.0,117.0,107.0,24288,2,4,13,30,59,58,29,6,5409.0,1475,3934,0.0,0,0,0.0,0,0,5409,162,15,6,10,9,1353,12,4,26,157,2502.0,81322.0,4315.0,861.0,228.0,0.0,8692.0,2058.0,12315.0,8656.0,10695,848,1453,271,275,6280,474,1396,3444,270,72,162,58,404,1290,279,3456,369,234,47,164,1964,,,,,,,,,607,69,14630,1157,2823,457,242,7993,0,0,0,0,0,0,0,0,1655,503,3631.0,1099291.0,1152.0,439472.0,224.0,50750.0,80.0,17527.0,300.0,234947.0,141.0,72993.0,268.0,8890.0,1038304.0,2702.0,1139228.0,482.1,227.2,66.7,34.2,10.9,20.4,2.2,17.1,16.3,89.0,-4.0,2.0,37.3,484.6,9.3,184.2,0.0,14.5,7.0,2.5
21,LD04  ,1996JJ00,162.0,108.0,29.0,25.0,9435.0,7548.0,621.0,5183.0,1744.0,1887.0,128.0,1091.0,669.0,322,149.0,105.0,23.0,117.0,114.0,24138,2,4,13,31,57,57,30,7,5369.0,1473,3896,0.0,0,0,0.0,0,0,5369,164,14,7,6,9,1286,10,3,23,162,2982.0,92356.0,3369.0,497.0,48.0,0.0,9891.0,3013.0,13135.0,8461.0,10820,892,1402,289,273,6393,500,1386,3468,274,80,187,54,444,1325,246,3279,372,219,52,163,1825,,,,,,,,,602,48,15148,1228,2575,493,228,8448,0,0,0,0,0,0,0,0,1713,464,3467.0,1094646.0,1318.0,523081.0,433.0,78737.0,98.0,24327.0,251.0,277130.0,123.0,77564.0,264.0,9569.0,1203825.0,2560.0,755564.0,494.0,232.4,67.9,34.7,11.9,21.1,2.5,18.3,16.6,89.6,-2.2,1.2,38.4,491.5,9.5,189.0,0.0,13.2,7.1,-2.5
22,LD04  ,1997JJ00,182.0,106.0,32.0,44.0,9778.0,7645.0,692.0,5045.0,1907.0,2132.0,109.0,1377.0,645.0,324,149.0,99.0,18.0,115.0,117.0,24046,2,4,13,29,57,59,31,8,5788.0,1548,4240,1350.0,283,1067,4203.0,1308,2895,5787,169,12,6,6,8,1349,9,8,16,167,3072.0,103115.0,3305.0,209.0,77.0,4.0,9757.0,2366.0,12749.0,8529.0,11310,881,1385,298,280,6785,521,1493,3632,302,100,213,58,466,1390,292,3351,363,201,49,179,1867,,,,,,,,,625,68,15807,1194,2546,496,205,9036,0,0,0,0,0,0,0,0,1818,513,3244.0,950486.0,1155.0,511709.0,572.0,87026.0,133.0,35922.0,286.0,313025.0,164.0,75735.0,272.0,10271.0,1296865.0,2508.0,699841.0,511.7,236.1,68.9,35.7,13.3,23.0,2.7,18.7,17.1,95.2,-2.0,3.1,40.6,515.1,10.0,2.4,0.0,13.5,7.8,3.4
23,LD04  ,1998JJ00,185.0,47.0,15.0,123.0,11031.0,9050.0,297.0,6744.0,2009.0,1981.0,218.0,1137.0,626.0,324,155.0,106.0,22.0,125.0,123.0,23779,0,2,10,27,52,63,35,10,5744.0,1558,4186,1359.0,311,1048,4636.0,1356,3280,5743,168,10,4,9,8,1359,19,3,30,149,4669.0,141266.0,4245.0,491.0,355.0,74.0,11124.0,2808.0,13584.0,10493.0,11613,900,1443,350,312,6913,519,1523,3531,328,121,303,72,517,1402,303,3231,358,247,52,215,1690,163.0,319.0,897.0,46.0,14.0,43.0,11.0,196.0,602,68,16213,1185,2571,565,176,9369,661,2259,4565,508,214,489,88,587,1792,555,3212.0,991810.0,1610.0,706581.0,899.0,145224.0,175.0,33301.0,405.0,457136.0,132.0,70907.0,285.0,11803.0,1272170.0,2650.0,773697.0,559.1,258.9,76.0,39.1,15.0,25.3,3.9,19.0,17.9,100.8,-0.6,4.0,44.9,561.5,12.4,1.9,0.0,14.0,10.9,2.3
24,LD04  ,1999JJ00,,,,,,,,,,,,,,322,,,,,,23812,0,2,10,27,50,63,37,10,5943.0,1540,4403,1495.0,303,1192,4703.0,1315,3388,5943,170,12,4,5,8,1495,13,3,29,155,,,,,,,,,,,11846,953,1510,351,290,7006,531,1532,3275,412,160,334,112,649,1366,370,2965,372,246,22,196,1541,114.0,314.0,849.0,38.0,5.0,16.0,2.0,203.0,566,22,16984,1294,2575,603,166,9802,743,2234,4438,627,251,554,129,826,1885,659,,,,,,,,,,,,,,,,,,593.5,272.0,84.3,43.7,16.0,28.3,3.8,18.8,37.2,105.9,-1.2,3.3,47.7,597.2,13.5,2.6,0.0,19.9,14.8,3.6
25,PV20  ,1995JJ00,45.0,32.0,11.0,1.0,2231.0,1550.0,0.0,1119.0,432.0,681.0,7.0,183.0,491.0,65,85.0,46.0,9.0,77.0,74.0,4857,0,1,5,11,25,31,20,6,1103.0,321,782,0.0,0,0,0.0,0,0,1103,85,5,2,4,4,271,4,0,44,52,944.0,26477.0,798.0,36.0,1.0,0.0,2554.0,708.0,2928.0,2059.0,1972,127,264,47,55,1164,104,198,556,128,24,37,46,72,276,39,551,67,65,8,40,232,,,,,,,,,132,5,2863,126,408,70,34,1784,0,0,0,0,0,0,0,0,361,79,908.0,346845.0,254.0,115881.0,56.0,4516.0,11.0,7343.0,126.0,93167.0,4.0,4585.0,53.0,1652.0,214810.0,623.0,299687.0,110.0,45.1,13.4,8.4,2.5,6.5,0.5,3.8,3.9,24.0,0.0,1.9,20.2,117.4,3.8,37.7,69.1,3.1,3.8,7.4
26,PV20  ,1996JJ00,45.0,33.0,8.0,4.0,2394.0,1709.0,22.0,1008.0,679.0,684.0,0.0,112.0,572.0,66,79.0,47.0,11.0,73.0,74.0,4745,0,1,5,12,26,30,20,6,1177.0,316,861,0.0,0,0,0.0,0,0,1177,85,7,2,3,4,215,17,1,16,67,760.0,24791.0,1061.0,21.0,4.0,0.0,2821.0,681.0,2929.0,1860.0,2039,125,260,41,49,1204,108,200,639,113,27,31,25,61,291,70,569,69,62,7,32,249,,,,,,,,,131,18,2946,136,421,64,41,1800,0,0,0,0,0,0,0,0,377,106,773.0,336723.0,342.0,230245.0,100.0,10676.0,7.0,3655.0,181.0,206201.0,8.0,4735.0,55.0,1764.0,238466.0,647.0,203128.0,109.8,45.2,13.3,8.2,2.6,6.0,0.5,4.0,3.4,24.5,0.0,1.9,20.6,110.5,4.0,36.9,61.8,3.0,4.8,0.8
27,PV20  ,1997JJ00,50.0,28.0,11.0,11.0,2593.0,1717.0,11.0,970.0,736.0,876.0,42.0,243.0,591.0,65,77.0,38.0,5.0,77.0,77.0,4751,1,1,5,12,25,31,20,7,1205.0,334,871,178.0,33,145,1064.0,314,750,1205,85,7,1,3,4,178,8,3,10,80,855.0,26129.0,722.0,42.0,22.0,0.0,2948.0,667.0,3101.0,1993.0,2064,131,265,45,51,1228,104,213,686,83,34,34,21,53,293,51,506,69,56,7,34,208,,,,,,,,,124,8,3043,151,421,72,41,1880,0,0,0,0,0,0,0,0,389,89,846.0,360381.0,325.0,249017.0,80.0,8245.0,13.0,4096.0,213.0,224687.0,19.0,11990.0,59.0,1914.0,209869.0,622.0,196037.0,109.2,48.4,13.7,7.8,2.7,5.1,0.5,4.2,3.1,23.4,-0.1,0.5,21.5,108.6,3.0,0.5,99.1,2.9,3.1,-0.6
28,PV20  ,1998JJ00,48.0,9.0,10.0,29.0,3099.0,2039.0,106.0,1299.0,634.0,1060.0,119.0,321.0,620.0,62,82.0,44.0,5.0,77.0,85.0,4659,0,1,4,12,25,31,20,6,1095.0,298,797,213.0,50,163,983.0,294,689,1095,85,7,2,3,4,213,8,4,14,74,979.0,29626.0,686.0,101.0,34.0,7.0,3127.0,813.0,3416.0,2810.0,2178,149,270,63,66,1277,98,253,686,79,30,44,12,75,298,59,509,61,47,6,45,216,28.0,40.0,105.0,10.0,3.0,6.0,1.0,23.0,121,14,3165,190,439,108,37,1876,123,388,991,133,54,77,15,94,424,91,779.0,310303.0,375.0,200458.0,167.0,23629.0,26.0,3391.0,171.0,167575.0,12.0,5864.0,58.0,2168.0,195505.0,669.0,163662.0,112.5,50.2,14.2,7.9,2.9,5.2,0.5,4.0,3.1,23.7,0.1,0.5,22.7,112.5,3.2,0.6,102.0,3.2,3.6,0.0
29,PV20  ,1999JJ00,,,,,,,,,,,,,,63,,,,,,4603,0,1,4,12,23,32,21,6,1167.0,305,862,273.0,61,212,1034.0,320,714,1167,88,5,1,2,4,273,4,1,16,79,,,,,,,,,,,2244,153,289,53,63,1355,93,266,661,95,31,69,25,115,274,57,531,61,51,1,42,246,24.0,44.0,135.0,6.0,0.0,2.0,2.0,33.0,122,8,3188,211,480,95,37,1932,110,396,946,142,54,106,29,149,351,82,,,,,,,,,,,,,,,,,,118.6,52.0,16.7,8.8,3.0,5.7,0.6,3.9,7.3,23.9,-0.2,0.9,24.1,118.8,3.9,0.5,106.5,4.2,3.8,0.1
30,PV21  ,1995JJ00,45.0,35.0,4.0,5.0,2860.0,2435.0,123.0,1748.0,564.0,425.0,94.0,209.0,122.0,67,93.0,48.0,22.0,85.0,79.0,5051,0,1,5,12,24,30,21,6,1196.0,309,887,0.0,0,0,0.0,0,0,1196,83,7,5,1,4,283,7,2,8,83,588.0,14831.0,1382.0,16.0,13.0,0.0,3227.0,521.0,3053.0,2524.0,2176,157,264,46,74,1277,130,166,668,119,27,54,10,103,300,57,626,83,56,7,57,275,,,,,,,,,141,7,3174,166,446,75,31,1954,0,0,0,0,0,0,0,0,388,115,670.0,224711.0,315.0,135999.0,79.0,22086.0,34.0,4512.0,124.0,90541.0,31.0,14330.0,60.0,2276.0,210592.0,783.0,214904.0,104.2,44.4,12.3,7.5,2.2,4.6,0.3,3.8,3.4,25.2,-0.3,0.7,19.4,106.4,3.4,38.2,60.5,1.1,3.0,2.0
31,PV21  ,1996JJ00,44.0,35.0,5.0,4.0,2718.0,2116.0,80.0,1387.0,650.0,602.0,118.0,296.0,188.0,66,92.0,50.0,25.0,82.0,77.0,4892,1,1,5,12,24,31,20,6,1142.0,314,828,0.0,0,0,0.0,0,0,1142,82,9,2,2,4,297,6,0,11,83,948.0,17051.0,1731.0,175.0,15.0,0.0,2403.0,510.0,2952.0,2214.0,2189,143,261,50,72,1272,124,190,671,80,39,51,12,106,311,80,585,73,44,8,56,244,,,,,,,,,145,14,3223,143,462,85,28,1960,0,0,0,0,0,0,0,0,418,128,671.0,258945.0,360.0,170240.0,82.0,20166.0,22.0,4611.0,177.0,131730.0,35.0,9518.0,59.0,2431.0,174273.0,835.0,241618.0,112.7,49.2,13.3,7.6,2.4,5.3,0.5,4.4,4.0,25.6,-0.1,0.5,21.7,114.9,2.9,40.8,65.8,1.5,3.8,2.2
32,PV21  ,1997JJ00,44.0,27.0,5.0,12.0,2855.0,2273.0,14.0,1566.0,693.0,582.0,128.0,371.0,83.0,65,92.0,49.0,9.0,77.0,78.0,4842,1,2,4,12,23,32,20,6,1232.0,350,882,264.0,59,205,987.0,318,669,1232,82,9,3,2,4,264,8,0,10,82,1065.0,29086.0,989.0,165.0,12.0,50.0,2375.0,379.0,3029.0,2087.0,2261,151,281,61,80,1320,104,192,711,67,55,59,11,121,295,73,599,68,55,12,58,247,,,,,,,,,139,20,3304,175,478,96,37,2031,0,0,0,0,0,0,0,0,390,96,713.0,271465.0,372.0,218973.0,146.0,32021.0,30.0,7934.0,167.0,172177.0,28.0,6841.0,61.0,2922.0,251289.0,886.0,260863.0,109.0,47.5,13.3,7.3,2.4,4.9,0.5,4.1,3.8,24.7,0.0,0.5,21.7,109.8,3.3,0.6,101.2,1.8,2.8,0.8
33,PV21  ,1998JJ00,43.0,15.0,1.0,27.0,2880.0,2482.0,65.0,1913.0,504.0,398.0,11.0,254.0,133.0,65,92.0,51.0,11.0,75.0,82.0,4491,0,1,4,12,24,32,19,6,1087.0,318,769,243.0,53,190,942.0,287,655,1087,83,6,2,4,5,243,5,1,9,85,1136.0,33078.0,786.0,83.0,56.0,14.0,2611.0,705.0,2955.0,2587.0,2277,176,297,65,71,1340,112,251,701,76,28,48,12,112,287,43,582,82,51,12,50,247,34.0,43.0,117.0,8.0,2.0,6.0,1.0,35.0,132,7,3249,192,518,101,34,1963,151,385,1019,124,47,78,17,142,366,76,815.0,317892.0,415.0,187628.0,213.0,26273.0,58.0,9829.0,123.0,136781.0,22.0,14744.0,61.0,2407.0,253748.0,693.0,262941.0,111.0,49.0,13.7,7.9,2.5,5.1,0.7,4.0,3.8,24.2,-0.4,0.4,23.4,111.5,3.4,0.3,103.3,1.5,3.0,0.6
34,PV21  ,1999JJ00,,,,,,,,,,,,,,63,,,,,,4418,0,1,4,11,23,32,21,7,1164.0,288,876,248.0,59,189,963.0,272,691,1164,85,5,2,4,3,248,2,0,17,81,,,,,,,,,,,2279,177,312,46,59,1363,83,246,660,158,22,48,11,134,249,74,542,70,57,2,39,260,13.0,45.0,134.0,30.0,0.0,2.0,0.0,36.0,106,8,3362,209,513,76,28,2036,124,381,996,236,39,76,11,173,364,136,,,,,,,,,,,,,,,,,,117.5,50.8,17.0,8.2,2.7,6.0,0.5,3.8,7.4,25.1,-0.9,0.6,25.5,117.4,4.5,0.2,106.3,1.6,4.7,-0.1
35,PV22  ,1995JJ00,37.0,29.0,6.0,2.0,2362.0,2041.0,345.0,1416.0,280.0,321.0,43.0,277.0,0.0,43,95.0,88.0,42.0,93.0,88.0,3317,0,1,5,13,26,31,19,5,717.0,205,512,0.0,0,0,0.0,0,0,717,82,12,2,1,2,167,3,11,5,81,634.0,23295.0,387.0,43.0,35.0,0.0,2557.0,580.0,2326.0,1803.0,1440,117,220,50,41,775,85,158,371,32,23,34,3,68,209,28,374,63,37,4,28,129,,,,,,,,,108,4,2129,109,370,87,25,1271,0,0,0,0,0,0,0,0,211,56,636.0,219454.0,177.0,68438.0,24.0,1344.0,0.0,0.0,110.0,56046.0,12.0,8590.0,40.0,2708.0,208179.0,734.0,254035.0,74.7,33.7,8.7,5.6,1.9,3.6,0.3,2.6,2.1,16.4,0.2,0.2,20.4,74.8,2.8,27.0,41.4,1.4,2.2,0.1
36,PV22  ,1996JJ00,38.0,24.0,9.0,5.0,2433.0,1906.0,371.0,1343.0,192.0,527.0,42.0,383.0,102.0,43,91.0,74.0,44.0,91.0,79.0,3220,0,1,5,13,26,30,19,5,758.0,231,527,0.0,0,0,0.0,0,0,757,84,10,1,2,3,213,16,3,7,73,453.0,13961.0,358.0,45.0,31.0,0.0,2183.0,539.0,2350.0,1850.0,1455,116,214,52,41,807,85,176,366,40,22,40,7,71,206,18,361,58,35,6,28,139,,,,,,,,,93,1,2139,125,358,85,30,1268,0,0,0,0,0,0,0,0,225,48,727.0,298636.0,208.0,83949.0,21.0,1965.0,38.0,1470.0,111.0,73694.0,7.0,4812.0,39.0,2744.0,234653.0,727.0,166892.0,74.0,33.5,8.9,5.7,1.8,3.4,0.4,2.9,2.2,15.4,-0.2,0.2,21.2,74.0,2.0,26.4,41.7,1.4,2.5,0.0
37,PV22  ,1997JJ00,41.0,20.0,8.0,13.0,2205.0,1738.0,143.0,1384.0,211.0,467.0,7.0,340.0,121.0,43,95.0,51.0,19.0,84.0,77.0,3280,0,1,5,13,26,30,19,6,840.0,256,584,209.0,43,166,618.0,202,416,840,82,8,3,4,4,210,17,3,15,65,1373.0,43879.0,403.0,144.0,33.0,9.0,2082.0,573.0,2274.0,1852.0,1517,124,219,49,41,861,68,194,404,44,25,38,5,83,201,21,365,62,32,4,31,140,,,,,,,,,90,5,2210,136,376,75,20,1343,0,0,0,0,0,0,0,0,224,35,684.0,290964.0,226.0,109609.0,94.0,9117.0,9.0,1687.0,113.0,92059.0,11.0,6746.0,43.0,2421.0,223439.0,583.0,163918.0,72.7,32.6,9.0,5.2,1.8,3.4,0.4,2.7,2.3,15.4,-0.3,0.2,20.9,73.5,1.8,1.6,66.8,1.3,2.0,0.8
38,PV22  ,1998JJ00,37.0,7.0,3.0,27.0,2546.0,2101.0,47.0,1763.0,291.0,445.0,9.0,300.0,136.0,41,95.0,54.0,22.0,83.0,80.0,3146,0,1,5,12,25,32,19,6,743.0,199,544,182.0,33,149,634.0,175,459,743,81,6,5,4,4,182,8,7,11,75,877.0,28712.0,508.0,69.0,217.0,20.0,1840.0,521.0,2340.0,1980.0,1566,134,215,47,46,900,68,202,420,48,25,47,10,79,193,33,413,57,37,6,34,186,18.0,35.0,87.0,7.0,4.0,8.0,1.0,26.0,86,7,2215,158,362,75,21,1308,100,319,582,77,41,76,12,101,237,54,499.0,217945.0,268.0,123841.0,142.0,16912.0,25.0,3315.0,89.0,98117.0,11.0,5495.0,41.0,1958.0,192959.0,422.0,150382.0,79.7,35.8,10.4,5.6,2.0,3.8,0.5,2.9,2.5,16.0,-0.3,0.5,23.9,80.1,2.5,0.5,72.9,1.6,2.6,0.4
39,PV22  ,1999JJ00,,,,,,,,,,,,,,41,,,,,,3216,0,1,5,12,24,32,19,6,787.0,209,578,172.0,40,132,663.0,187,476,787,87,5,1,2,5,172,3,0,17,80,,,,,,,,,,,1674,122,240,56,40,973,85,191,466,65,32,43,12,78,199,44,383,51,44,0,27,180,15.0,38.0,93.0,9.0,1.0,0.0,0.0,24.0,81,0,2433,158,404,101,27,1397,127,294,642,100,53,69,14,98,269,77,,,,,,,,,,,,,,,,,,83.8,37.3,11.2,6.2,2.1,3.9,0.5,2.7,5.3,17.0,-0.2,0.5,24.8,84.1,2.5,0.2,76.2,2.3,2.9,0.4
40,PV23  ,1995JJ00,63.0,47.0,10.0,6.0,4137.0,2959.0,167.0,1504.0,1288.0,1178.0,80.0,721.0,377.0,98,91.0,62.0,18.0,74.0,71.0,8016,0,2,5,13,28,31,16,4,1611.0,386,1225,0.0,0,0,0.0,0,0,1611,86,9,1,2,2,430,3,2,7,87,1542.0,33646.0,1479.0,37.0,11.0,0.0,3237.0,685.0,4911.0,3724.0,3381,294,512,91,121,1858,113,410,965,136,22,54,45,111,421,85,1191,150,155,21,91,553,,,,,,,,,202,20,4551,343,798,148,58,2563,0,0,0,0,0,0,0,0,487,154,1253.0,475014.0,441.0,219977.0,45.0,7773.0,16.0,2758.0,134.0,126344.0,146.0,70332.0,85.0,4015.0,412822.0,1294.0,650337.0,163.3,72.7,21.3,12.4,3.8,7.4,0.7,5.6,6.1,32.9,-0.2,0.5,18.6,163.3,3.6,61.9,92.7,2.2,2.9,0.0
41,PV23  ,1996JJ00,63.0,41.0,12.0,10.0,4351.0,2879.0,202.0,1516.0,1161.0,1472.0,91.0,761.0,620.0,92,86.0,57.0,21.0,73.0,72.0,7463,1,2,5,13,28,30,17,4,1668.0,437,1231,0.0,0,0,0.0,0,0,1668,81,14,2,1,2,441,5,3,12,81,1438.0,34266.0,907.0,35.0,20.0,0.0,2950.0,867.0,5137.0,3605.0,3163,266,478,95,112,1757,110,382,926,82,66,56,39,96,389,65,1070,140,121,21,83,502,,,,,,,,,188,14,4218,293,730,150,54,2450,0,0,0,0,0,0,0,0,443,98,1311.0,408737.0,524.0,242434.0,103.0,14572.0,26.0,4348.0,171.0,151177.0,122.0,60329.0,80.0,4448.0,473501.0,1195.0,408451.0,156.2,68.3,19.7,12.9,3.5,6.6,0.8,5.6,5.2,32.1,1.0,0.5,18.7,156.1,4.2,58.4,86.9,3.1,3.5,-0.1
42,PV23  ,1997JJ00,68.0,31.0,11.0,26.0,4464.0,2986.0,128.0,1991.0,867.0,1478.0,102.0,876.0,500.0,93,92.0,55.0,16.0,77.0,75.0,7500,1,2,5,13,27,31,17,5,1708.0,461,1247,471.0,93,378,1407.0,436,971,1708,82,10,2,2,3,471,8,1,14,77,1702.0,42554.0,1139.0,1179.0,70.0,5.0,3736.0,1052.0,5532.0,3815.0,3394,278,516,90,115,1893,128,442,939,138,77,57,11,101,422,81,1044,134,117,14,82,481,,,,,,,,,201,15,4668,340,811,155,61,2658,0,0,0,0,0,0,0,0,507,136,1391.0,431371.0,479.0,249091.0,152.0,25636.0,23.0,5247.0,172.0,150144.0,131.0,68065.0,88.0,5049.0,500854.0,1140.0,406795.0,161.4,71.3,21.1,11.4,4.1,7.4,0.9,6.0,5.5,33.2,-0.1,0.6,21.1,161.9,3.7,0.8,150.8,3.4,3.2,0.5
43,PV23  ,1998JJ00,64.0,19.0,6.0,39.0,4294.0,3442.0,129.0,2609.0,704.0,852.0,69.0,585.0,198.0,96,93.0,53.0,15.0,77.0,76.0,7458,0,1,5,13,25,31,19,6,1749.0,465,1284,454.0,98,356,1437.0,401,1036,1749,82,7,2,5,4,455,8,1,16,75,2013.0,55658.0,1263.0,126.0,117.0,26.0,3926.0,1173.0,4736.0,4149.0,3479,265,531,102,98,2031,140,450,1054,112,36,73,22,142,399,93,997,113,112,13,72,489,44.0,92.0,262.0,23.0,7.0,13.0,3.0,45.0,179,19,4905,351,845,171,51,2791,182,696,1375,167,56,118,27,170,532,165,1198.0,373261.0,467.0,213065.0,258.0,35735.0,65.0,7575.0,143.0,154739.0,30.0,15011.0,90.0,4124.0,414339.0,909.0,273198.0,175.2,79.7,22.6,12.4,4.4,8.0,1.0,6.1,5.4,34.8,-0.1,0.9,22.2,176.0,4.4,0.4,163.8,3.5,3.9,0.7
44,PV23  ,1999JJ00,,,,,,,,,,,,,,94,,,,,,7512,0,1,5,13,25,32,19,5,1808.0,494,1314,423.0,83,340,1486.0,421,1065,1808,87,7,1,2,4,423,4,0,15,81,,,,,,,,,,,3603,276,504,99,98,2118,150,499,1016,119,39,80,26,188,414,95,907,105,95,5,68,466,35.0,104.0,255.0,13.0,0.0,4.0,0.0,55.0,160,8,5227,375,809,169,53,3057,199,797,1410,186,62,124,27,252,611,153,,,,,,,,,,,,,,,,,,188.0,85.7,25.8,13.5,4.9,8.3,1.0,6.1,11.9,36.3,-0.1,0.9,24.0,188.9,4.8,0.6,173.3,5.4,4.9,1.0
45,PV24  ,1995JJ00,6.0,5.0,1.0,0.0,262.0,211.0,0.0,124.0,87.0,51.0,0.0,9.0,41.0,11,100.0,63.0,9.0,82.0,73.0,1044,0,2,8,16,32,28,11,2,229.0,60,169,0.0,0,0,0.0,0,0,229,92,4,1,1,2,231,8,3,8,81,206.0,5932.0,82.0,0.0,1.0,0.0,683.0,38.0,370.0,236.0,432,44,54,16,15,224,31,27,99,22,2,18,5,20,68,10,101,16,8,1,9,38,,,,,,,,,27,2,754,77,109,31,12,389,0,0,0,0,0,0,0,0,122,14,225.0,81157.0,69.0,8218.0,52.0,3254.0,1.0,41.0,9.0,3962.0,0.0,0.0,11.0,590.0,104417.0,123.0,21726.0,21.1,8.8,2.5,1.4,0.5,1.2,0.1,0.7,0.3,5.1,0.2,0.0,19.2,21.0,0.6,6.3,13.6,0.3,0.4,0.2
46,PV24  ,1996JJ00,5.0,4.0,1.0,0.0,249.0,211.0,0.0,145.0,66.0,38.0,0.0,38.0,0.0,10,100.0,60.0,10.0,90.0,70.0,883,0,1,6,17,32,29,12,3,180.0,58,122,0.0,0,0,0.0,0,0,180,90,3,0,4,3,60,5,2,20,73,1011.0,7079.0,81.0,5.0,2.0,0.0,353.0,23.0,467.0,249.0,377,49,36,10,14,191,23,40,85,9,11,16,3,5,69,8,82,17,7,1,9,23,,,,,,,,,24,1,647,71,85,20,7,339,0,0,0,0,0,0,0,0,101,24,206.0,63932.0,60.0,9228.0,38.0,1149.0,5.0,324.0,12.0,7000.0,0.0,0.0,9.0,379.0,16510.0,83.0,17212.0,18.7,8.2,2.0,1.3,0.5,1.1,0.0,0.7,0.4,4.3,0.1,0.0,19.7,18.6,0.1,5.9,11.3,0.1,1.0,-0.1
47,PV24  ,1997JJ00,7.0,6.0,0.0,1.0,338.0,329.0,61.0,195.0,73.0,10.0,1.0,6.0,3.0,11,100.0,36.0,9.0,91.0,64.0,986,0,1,6,17,32,28,12,3,183.0,63,120,52.0,17,35,151.0,50,101,183,89,5,0,1,5,52,5,2,12,81,1061.0,9520.0,100.0,7.0,2.0,0.0,473.0,81.0,488.0,332.0,436,55,44,13,14,226,22,47,98,11,11,17,3,17,76,8,101,19,6,1,9,36,,,,,,,,,28,1,720,78,98,27,8,375,0,0,0,0,0,0,0,0,112,24,225.0,71379.0,89.0,10183.0,72.0,3453.0,6.0,528.0,11.0,5911.0,1.0,291.0,10.0,427.0,29637.0,85.0,20147.0,20.9,9.4,2.3,1.2,0.5,1.0,0.1,0.8,0.6,4.5,0.2,0.0,21.1,21.4,0.4,0.0,20.1,0.5,0.3,0.5
48,PV24  ,1998JJ00,7.0,1.0,1.0,5.0,532.0,431.0,8.0,330.0,93.0,101.0,6.0,76.0,19.0,12,100.0,42.0,17.0,92.0,58.0,1033,0,1,5,12,27,31,19,5,246.0,67,179,75.0,18,57,186.0,54,132,246,85,7,2,4,3,74,4,1,13,82,295.0,9020.0,126.0,14.0,8.0,5.0,558.0,144.0,463.0,383.0,504,47,63,15,17,283,23,51,128,19,11,17,3,31,71,10,120,16,9,3,12,52,6.0,10.0,24.0,2.0,1.0,2.0,0.0,7.0,26,2,761,63,118,25,8,425,35,75,174,33,30,28,4,46,107,16,236.0,54876.0,207.0,35224.0,145.0,10237.0,39.0,2890.0,19.0,20317.0,3.0,1780.0,11.0,495.0,44648.0,122.0,32603.0,25.2,11.9,3.1,1.5,0.6,1.3,0.1,0.9,0.7,4.9,0.1,0.1,23.3,25.4,0.6,0.0,23.6,0.5,0.6,0.1
49,PV24  ,1999JJ00,,,,,,,,,,,,,,12,,,,,,1018,0,1,4,12,25,32,20,6,249.0,69,180,61.0,11,50,226.0,63,163,249,88,5,0,2,4,61,2,0,26,72,,,,,,,,,,,530,42,70,15,15,302,22,69,131,20,12,16,5,27,65,22,124,14,12,0,12,62,5.0,14.0,32.0,1.0,0.0,0.0,0.0,10.0,24,0,760,52,119,23,12,418,32,99,170,27,18,30,9,33,95,41,,,,,,,,,,,,,,,,,,26.5,11.9,3.7,2.0,0.7,1.3,0.1,0.9,1.7,5.1,0.0,0.1,24.6,26.6,0.7,0.1,24.5,0.7,0.6,0.1
50,PV25  ,1995JJ00,101.0,78.0,11.0,12.0,3738.0,3202.0,162.0,1988.0,1051.0,536.0,106.0,213.0,217.0,196,88.0,41.0,26.0,76.0,61.0,14310,0,2,6,14,27,30,17,4,2862.0,757,2105,0.0,0,0,0.0,0,0,2861,83,5,4,2,6,783,12,6,11,71,3520.0,200288.0,1462.0,11.0,102.0,0.0,7566.0,1094.0,4458.0,3103.0,5877,461,854,205,207,3170,321,742,1634,188,44,99,13,128,856,125,1828,213,200,21,149,782,,,,,,,,,443,20,7940,562,1279,381,113,4502,0,0,0,0,0,0,0,0,882,221,2806.0,977266.0,656.0,260919.0,109.0,10562.0,68.0,10796.0,249.0,215084.0,35.0,6908.0,177.0,7450.0,612048.0,1779.0,723540.0,280.7,128.1,36.0,22.4,7.1,14.1,1.6,10.3,8.8,53.5,-1.7,0.3,18.3,280.3,7.2,117.2,146.8,5.0,4.2,-0.3
51,PV25  ,1996JJ00,117.0,76.0,14.0,27.0,4401.0,3653.0,192.0,2077.0,1384.0,749.0,47.0,407.0,295.0,195,83.0,40.0,27.0,69.0,58.0,13728,0,1,6,13,27,30,17,5,3055.0,814,2241,0.0,0,0,0.0,0,0,3055,84,6,3,2,5,795,8,4,12,76,3677.0,99572.0,1509.0,39.0,52.0,0.0,7704.0,1288.0,5064.0,3280.0,5893,461,876,200,194,3222,313,746,1654,171,59,103,17,158,796,143,1666,217,187,19,139,694,,,,,,,,,386,25,8121,515,1346,368,105,4686,0,0,0,0,0,0,0,0,843,258,2648.0,924819.0,693.0,280150.0,183.0,23198.0,26.0,6416.0,239.0,218198.0,47.0,14550.0,165.0,8229.0,638395.0,1680.0,615758.0,289.4,130.9,36.8,21.7,6.8,13.0,2.0,11.2,12.6,54.6,-0.5,0.4,19.6,287.8,8.3,115.6,152.6,6.0,5.3,-1.6
52,PV25  ,1997JJ00,115.0,70.0,11.0,34.0,4442.0,3821.0,227.0,2304.0,1290.0,621.0,100.0,311.0,210.0,193,89.0,40.0,18.0,71.0,63.0,13687,0,1,5,13,27,30,18,5,3026.0,783,2243,864.0,175,689,2480.0,702,1778,3026,83,5,3,4,4,864,8,4,13,75,3881.0,112238.0,1510.0,98.0,155.0,14.0,6856.0,931.0,5342.0,3560.0,6150,488,924,201,195,3360,307,781,1716,174,52,108,27,195,811,172,1649,229,188,23,138,669,,,,,,,,,378,24,8548,557,1392,349,110,4925,0,0,0,0,0,0,0,0,916,300,2444.0,776864.0,732.0,338953.0,330.0,34531.0,69.0,12544.0,262.0,252381.0,71.0,39497.0,179.0,8620.0,637480.0,1606.0,464639.0,294.8,134.0,38.1,21.6,7.2,13.8,1.6,11.2,9.5,57.1,-0.6,1.2,20.9,296.0,8.8,1.6,274.1,6.6,4.9,1.1
53,PV25  ,1998JJ00,112.0,47.0,6.0,59.0,5649.0,4953.0,129.0,3114.0,1710.0,696.0,28.0,404.0,264.0,189,91.0,42.0,19.0,75.0,68.0,13260,0,1,5,13,26,31,18,5,3223.0,816,2407,757.0,150,607,2547.0,722,1825,3223,83,5,3,5,4,757,11,1,11,76,4131.0,125885.0,1870.0,199.0,347.0,84.0,7505.0,1641.0,6381.0,5609.0,6417,522,887,215,188,3617,294,849,1764,185,79,143,44,259,808,183,1682,219,186,31,133,708,65.0,141.0,347.0,21.0,17.0,26.0,5.0,85.0,368,36,8960,635,1431,373,92,5222,427,1321,2453,298,119,234,59,311,921,286,2062.0,661325.0,1096.0,411830.0,575.0,71469.0,213.0,10916.0,248.0,298950.0,60.0,30493.0,180.0,8751.0,807610.0,1442.0,498705.0,314.9,144.1,41.2,22.6,7.9,15.2,2.0,11.2,9.8,60.1,-0.6,1.3,22.7,315.9,9.5,1.0,291.7,7.2,6.4,0.9
54,PV25  ,1999JJ00,,,,,,,,,,,,,,189,,,,,,13357,0,1,5,13,24,32,19,5,3255.0,858,2397,797.0,166,631,2643.0,722,1921,3255,86,6,2,3,5,797,2,2,16,80,,,,,,,,,,,6612,509,858,216,184,3810,260,853,1769,222,90,189,61,366,800,234,1595,205,156,16,134,750,43.0,144.0,418.0,13.0,8.0,13.0,8.0,103.0,325,9,9574,646,1435,355,92,5530,391,1340,2462,344,142,319,57,475,1080,436,,,,,,,,,,,,,,,,,,336.9,152.6,49.1,24.9,8.7,15.9,2.1,11.1,21.5,61.4,-0.6,1.4,24.2,338.1,9.4,1.9,306.3,10.2,10.2,1.2
55,PV26  ,1995JJ00,66.0,55.0,4.0,7.0,3602.0,3087.0,157.0,2226.0,704.0,515.0,21.0,437.0,58.0,92,95.0,47.0,8.0,82.0,77.0,8047,0,1,4,13,26,32,18,5,1706.0,435,1271,0.0,0,0,0.0,0,0,1706,82,8,3,4,3,343,11,2,15,72,1604.0,38993.0,768.0,1045.0,27.0,0.0,2405.0,674.0,4625.0,3288.0,3357,294,474,76,111,1917,215,372,746,183,91,115,42,153,430,54,1309,134,134,17,93,639,,,,,,,,,269,25,4250,379,726,129,37,2496,0,0,0,0,0,0,0,0,406,77,1183.0,325592.0,785.0,166167.0,471.0,55566.0,26.0,4466.0,91.0,64764.0,81.0,20006.0,88.0,3506.0,416220.0,610.0,156706.0,164.8,73.8,19.4,12.7,4.7,8.2,0.8,5.9,4.9,34.8,-1.0,0.5,18.1,164.7,4.7,70.5,85.9,2.2,1.5,0.0
56,PV26  ,1996JJ00,63.0,43.0,4.0,16.0,3308.0,2912.0,63.0,2045.0,804.0,396.0,24.0,298.0,74.0,90,88.0,38.0,5.0,68.0,69.0,7127,0,2,4,12,25,32,19,6,1532.0,385,1147,0.0,0,0,0.0,0,0,1532,80,10,4,4,2,365,5,1,25,69,1443.0,36897.0,837.0,68.0,14.0,0.0,2457.0,683.0,4996.0,3548.0,3022,264,441,75,110,1719,183,385,659,143,81,113,34,120,365,49,1028,116,121,10,88,462,,,,,,,,,219,13,4156,377,693,130,49,2448,0,0,0,0,0,0,0,0,359,98,1678.0,330749.0,872.0,157745.0,554.0,26615.0,78.0,13082.0,97.0,88305.0,33.0,13364.0,80.0,3482.0,380984.0,645.0,151023.0,160.1,71.5,19.0,12.1,4.4,7.1,0.9,5.9,5.1,33.4,-0.1,0.7,20.5,159.5,5.0,65.8,83.4,2.9,2.5,-0.6
57,PV26  ,1997JJ00,63.0,40.0,5.0,18.0,3583.0,3130.0,107.0,2256.0,767.0,453.0,25.0,337.0,91.0,92,93.0,37.0,4.0,71.0,71.0,7415,0,1,5,11,25,32,19,6,1580.0,400,1180,394.0,66,328,1439.0,385,1054,1580,84,7,4,2,3,394,8,3,13,76,1529.0,42131.0,872.0,81.0,41.0,1.0,2785.0,729.0,4855.0,3590.0,3355,301,483,73,112,1919,203,402,787,150,92,120,37,128,404,64,1076,118,120,10,86,488,,,,,,,,,235,19,4600,449,745,126,56,2685,0,0,0,0,0,0,0,0,432,107,1592.0,321113.0,1010.0,171422.0,751.0,48084.0,102.0,17570.0,101.0,91326.0,56.0,14442.0,90.0,3954.0,440230.0,625.0,142655.0,164.4,72.6,21.0,11.6,4.5,8.1,1.0,6.1,5.6,33.4,-0.1,0.8,21.1,165.2,3.2,0.5,156.2,3.1,2.2,0.7
58,PV26  ,1998JJ00,59.0,13.0,3.0,43.0,3826.0,3262.0,70.0,2615.0,577.0,564.0,22.0,364.0,178.0,91,93.0,42.0,4.0,68.0,68.0,6640,0,1,5,12,25,32,20,6,1485.0,389,1096,348.0,75,273,1320.0,361,959,1484,82,7,2,6,3,349,13,2,14,72,1763.0,54066.0,850.0,98.0,36.0,7.0,2872.0,843.0,4440.0,3475.0,3215,251,423,93,100,1866,153,372,840,126,62,93,36,185,390,94,913,102,92,15,72,424,40.0,69.0,199.0,20.0,16.0,14.0,4.0,63.0,185,23,4437,368,694,146,50,2580,218,572,1086,203,88,167,43,200,448,160,1062.0,277131.0,533.0,216037.0,349.0,78794.0,48.0,9142.0,99.0,114545.0,37.0,13550.0,86.0,3502.0,393052.0,681.0,189692.0,161.6,71.1,21.0,11.8,4.4,8.4,1.0,5.6,5.9,31.7,-0.2,1.0,22.7,162.4,3.4,0.4,151.1,4.0,3.4,0.8
59,PV26  ,1999JJ00,,,,,,,,,,,,,,89,,,,,,6578,0,1,4,12,23,32,20,6,1650.0,396,1254,367.0,80,287,1383.0,370,1013,1650,86,6,2,2,5,367,8,0,13,80,,,,,,,,,,,3355,256,451,94,100,1948,141,384,811,164,80,130,44,193,410,96,920,100,86,4,74,443,28.0,79.0,221.0,29.0,14.0,11.0,2.0,59.0,203,10,4672,360,751,152,47,2709,213,562,1067,247,112,213,53,242,499,154,,,,,,,,,,,,,,,,,,170.1,75.5,24.5,12.5,4.7,8.1,1.0,5.4,11.2,31.9,-0.2,1.0,24.6,170.6,4.0,1.0,155.7,5.5,4.3,0.5
60,PV27  ,1995JJ00,136.0,111.0,19.0,6.0,7300.0,6167.0,186.0,4494.0,1487.0,1133.0,58.0,860.0,215.0,237,89.0,54.0,21.0,78.0,63.0,20419,0,1,4,12,26,32,19,5,4040.0,1011,3029,0.0,0,0,0.0,0,0,4040,81,5,3,7,3,1162,8,3,19,71,3180.0,176327.0,2184.0,110.0,89.0,0.0,7231.0,1478.0,8882.0,6413.0,8565,694,1168,178,245,4891,493,954,1731,541,197,435,100,439,1160,230,2843,283,284,31,180,1375,,,,,,,,,632,58,11477,943,1893,299,125,6606,0,0,0,0,0,0,0,0,1235,377,2758.0,999222.0,2257.0,393264.0,1498.0,159472.0,295.0,40071.0,164.0,145556.0,55.0,19873.0,209.0,7402.0,635067.0,1410.0,537620.0,420.6,191.4,51.6,24.8,10.7,19.2,1.7,15.9,13.3,92.6,-3.0,2.4,18.7,420.6,7.4,160.1,238.9,9.7,4.4,0.0
61,PV27  ,1996JJ00,141.0,97.0,18.0,26.0,7876.0,6342.0,126.0,4584.0,1632.0,1534.0,76.0,1080.0,378.0,226,83.0,54.0,15.0,75.0,61.0,19333,0,1,4,12,26,31,19,5,4098.0,1034,3064,0.0,0,0,0.0,0,0,4098,82,5,3,7,3,1106,7,2,19,71,3913.0,91357.0,2597.0,134.0,50.0,0.0,8628.0,1434.0,9577.0,6633.0,8273,701,1125,194,239,4729,461,972,1742,494,212,343,88,419,1093,191,2570,281,244,30,170,1216,,,,,,,,,590,38,11310,922,1930,344,135,6403,0,0,0,0,0,0,0,0,1218,358,2888.0,880487.0,2018.0,457518.0,1238.0,147171.0,291.0,49347.0,202.0,200318.0,50.0,28944.0,190.0,7071.0,634864.0,1367.0,420320.0,417.9,189.8,53.9,25.5,10.5,18.3,1.9,16.6,13.6,89.0,-2.4,1.4,19.7,415.0,8.9,156.5,232.3,11.3,5.9,-2.9
62,PV27  ,1997JJ00,147.0,78.0,16.0,53.0,7935.0,6100.0,262.0,4178.0,1660.0,1835.0,212.0,1050.0,573.0,222,90.0,46.0,8.0,77.0,64.0,18644,0,1,4,12,26,32,19,5,4021.0,1067,2954,1078.0,210,868,3467.0,961,2506,4022,81,5,3,7,3,1078,8,3,15,74,3610.0,109294.0,2620.0,230.0,44.0,6.0,6273.0,1406.0,9640.0,6622.0,8481,700,1184,208,247,4764,392,997,1914,446,211,356,74,373,1127,251,2559,293,242,27,172,1189,,,,,,,,,578,58,11499,920,1962,348,145,6440,0,0,0,0,0,0,0,0,1268,416,3060.0,978276.0,1862.0,489320.0,1276.0,163444.0,273.0,53222.0,244.0,241772.0,68.0,30882.0,203.0,8088.0,731184.0,1458.0,429143.0,414.1,186.0,54.4,25.1,11.0,18.8,2.1,15.6,13.6,86.6,-0.5,1.4,21.1,417.7,8.1,1.8,388.1,12.3,7.4,3.5
63,PV27  ,1998JJ00,122.0,31.0,6.0,85.0,7976.0,6619.0,263.0,5011.0,1345.0,1357.0,163.0,817.0,377.0,212,91.0,48.0,8.0,78.0,64.0,17393,0,1,4,12,25,32,20,6,3978.0,1086,2892,1026.0,205,821,3442.0,983,2459,3978,82,5,3,6,4,1025,6,2,14,79,4414.0,130253.0,2777.0,302.0,184.0,35.0,8572.0,2158.0,8796.0,7112.0,8375,667,1146,259,246,4789,362,1002,2166,347,116,320,73,404,1055,223,2383,268,233,34,175,1133,101.0,205.0,544.0,57.0,19.0,59.0,13.0,135.0,492,48,11306,829,1837,418,128,6479,482,1453,2779,503,191,497,91,484,1254,363,2534.0,799475.0,1951.0,507610.0,1436.0,157695.0,195.0,27631.0,253.0,291711.0,67.0,30557.0,193.0,8287.0,877989.0,1674.0,478791.0,427.6,193.6,56.5,26.8,11.8,19.7,2.5,15.0,14.1,85.0,-0.4,3.0,23.1,429.3,9.3,1.5,397.6,12.4,8.5,1.6
64,PV27  ,1999JJ00,,,,,,,,,,,,,,204,,,,,,17012,0,1,4,12,24,32,20,6,4073.0,1063,3010,1060.0,217,843,3440.0,928,2512,4073,88,5,1,2,3,1060,6,1,17,76,,,,,,,,,,,8606,685,1190,239,229,4904,323,1010,2022,474,145,338,82,510,1057,302,2240,256,230,14,150,1083,83.0,195.0,523.0,102.0,4.0,27.0,6.0,143.0,466,41,11864,929,1879,377,134,6727,429,1463,2723,614,228,533,99,638,1355,463,,,,,,,,,,,,,,,,,,438.9,196.6,62.8,28.7,12.4,19.8,2.5,14.1,28.0,86.2,-1.3,3.4,24.5,440.2,10.6,1.6,398.1,18.6,11.3,1.2
65,PV28  ,1995JJ00,135.0,112.0,16.0,8.0,10976.0,8685.0,1166.0,6414.0,1104.0,2291.0,33.0,1912.0,346.0,243,93.0,56.0,13.0,81.0,64.0,24489,0,1,4,11,25,33,19,5,5443.0,1403,4040,0.0,0,0,0.0,0,0,5444,84,6,1,6,3,1369,7,6,17,70,4992.0,118511.0,2800.0,130.0,35.0,0.0,8906.0,1520.0,13740.0,10253.0,10762,848,1485,285,349,6125,615,1021,2294,743,244,483,195,531,1374,296,4254,387,388,53,250,2303,,,,,,,,,801,72,12876,1081,2304,468,187,7006,0,0,0,0,0,0,0,0,1318,511,3230.0,1062596.0,2320.0,914731.0,1273.0,348086.0,280.0,69922.0,379.0,400339.0,108.0,54016.0,228.0,10704.0,1048873.0,2051.0,483532.0,524.6,234.0,68.1,33.9,13.5,27.9,2.8,18.2,20.1,105.1,-1.9,2.8,19.6,528.9,9.3,190.9,302.0,13.9,12.8,4.3
66,PV28  ,1996JJ00,154.0,110.0,17.0,27.0,12221.0,9751.0,774.0,7471.0,1507.0,2469.0,301.0,1823.0,345.0,250,87.0,54.0,14.0,74.0,60.0,24022,0,1,4,11,25,32,20,6,5357.0,1341,4016,0.0,0,0,0.0,0,0,5357,83,6,2,6,3,1437,7,6,18,70,6302.0,144219.0,3682.0,1180.0,56.0,0.0,10826.0,2379.0,14215.0,10434.0,10930,863,1508,312,353,6213,567,1055,2504,652,248,468,181,538,1376,305,4108,371,379,70,252,2192,,,,,,,,,782,63,13667,1172,2370,505,191,7459,0,0,0,0,0,0,0,0,1415,554,3625.0,1129832.0,2450.0,720893.0,1342.0,145984.0,334.0,64398.0,386.0,377760.0,105.0,89768.0,222.0,11684.0,1022203.0,2099.0,574350.0,536.0,242.0,69.5,34.8,13.7,28.3,3.1,19.9,15.6,107.1,-0.6,2.6,20.1,540.2,10.0,192.8,308.3,14.1,14.9,4.2
67,PV28  ,1997JJ00,168.0,96.0,16.0,56.0,11998.0,9788.0,787.0,7308.0,1692.0,2211.0,231.0,1574.0,405.0,243,91.0,47.0,9.0,77.0,72.0,23176,0,1,4,11,25,32,20,6,5404.0,1452,3952,1216.0,212,1004,4544.0,1255,3289,5404,86,6,2,3,3,1216,7,4,12,77,5336.0,167056.0,3048.0,353.0,75.0,17.0,11091.0,2881.0,15623.0,10446.0,11096,907,1564,336,340,6322,533,1117,2565,617,213,536,137,604,1367,261,4008,396,401,58,244,2105,,,,,,,,,750,54,13734,1166,2364,550,179,7609,0,0,0,0,0,0,0,0,1418,448,4401.0,1009118.0,3318.0,787045.0,2493.0,175746.0,315.0,80398.0,398.0,446367.0,112.0,84534.0,236.0,11728.0,1080985.0,2030.0,592351.0,539.2,240.2,69.5,35.2,14.2,26.9,2.9,19.5,16.6,109.9,1.0,3.4,21.8,545.0,12.3,2.6,507.1,11.8,11.2,5.9
68,PV28  ,1998JJ00,154.0,52.0,9.0,93.0,13048.0,10815.0,726.0,8493.0,1596.0,2233.0,51.0,1516.0,666.0,245,92.0,49.0,10.0,76.0,75.0,22632,0,1,4,11,24,32,21,6,5453.0,1436,4017,1185.0,236,949,4757.0,1297,3460,5453,85,6,2,3,3,1185,7,2,12,78,5494.0,156730.0,3957.0,330.0,187.0,50.0,10498.0,2915.0,16651.0,11917.0,11168,900,1457,388,322,6466,485,1267,2811,479,203,531,127,567,1345,298,3540,387,304,66,233,1832,164.0,312.0,845.0,120.0,42.0,124.0,23.0,203.0,656,62,14344,1093,2366,608,149,8074,624,1711,3305,596,300,785,143,613,1572,483,3802.0,1043589.0,2612.0,854151.0,1833.0,212418.0,247.0,43869.0,438.0,546813.0,92.0,50929.0,237.0,12343.0,1319307.0,2067.0,547829.0,556.7,253.4,72.3,36.4,14.6,28.0,3.6,18.6,17.0,108.8,-0.7,4.7,23.0,558.6,14.7,1.7,517.8,13.5,10.9,2.0
69,PV28  ,1999JJ00,,,,,,,,,,,,,,246,,,,,,22255,0,1,4,12,24,32,21,6,5446.0,1435,4011,1311.0,262,1049,4703.0,1288,3415,5446,88,5,1,2,3,1311,10,1,14,75,,,,,,,,,,,11387,921,1510,346,318,6589,454,1280,2797,497,239,506,167,649,1340,363,3307,377,300,22,237,1717,117.0,292.0,832.0,107.0,26.0,65.0,17.0,261.0,625,29,15322,1236,2476,569,163,8589,629,1784,3457,661,348,771,202,737,1668,621,,,,,,,,,,,,,,,,,,588.7,262.6,84.7,40.8,15.7,30.3,3.4,18.6,36.2,111.4,-1.9,5.5,25.1,589.3,16.1,1.9,540.6,17.1,13.6,0.6
70,PV29  ,1995JJ00,31.0,26.0,3.0,2.0,1445.0,1311.0,70.0,988.0,253.0,134.0,0.0,125.0,8.0,46,98.0,47.0,30.0,89.0,72.0,3653,0,1,4,11,25,32,20,7,765.0,231,534,0.0,0,0,0.0,0,0,765,83,6,4,5,3,160,2,3,11,84,1156.0,9738.0,271.0,686.0,5.0,0.0,1373.0,257.0,1781.0,1602.0,1543,112,242,44,42,859,51,191,454,61,17,24,10,53,223,20,456,50,37,9,21,235,,,,,,,,,100,4,2074,167,401,71,54,1098,0,0,0,0,0,0,0,0,251,32,413.0,121319.0,177.0,34206.0,35.0,3011.0,62.0,6552.0,35.0,19532.0,3.0,1196.0,41.0,1059.0,79980.0,413.0,215788.0,69.6,31.6,10.3,5.6,1.9,2.9,0.4,2.3,3.7,11.6,-0.9,0.3,18.0,70.5,1.5,31.1,34.6,0.5,2.7,0.9
71,PV29  ,1996JJ00,31.0,23.0,3.0,5.0,1515.0,1373.0,60.0,907.0,406.0,142.0,1.0,124.0,17.0,44,93.0,50.0,29.0,82.0,68.0,3483,0,1,4,11,24,32,20,8,738.0,211,527,0.0,0,0,0.0,0,0,738,83,9,4,2,3,167,6,1,7,85,1172.0,13093.0,344.0,7.0,5.0,0.0,1436.0,281.0,1682.0,1356.0,1504,118,232,36,40,844,57,184,438,66,20,19,7,53,218,16,385,46,28,5,20,187,,,,,,,,,96,3,2150,191,398,61,51,1154,0,0,0,0,0,0,0,0,262,34,480.0,148251.0,217.0,43872.0,87.0,13080.0,39.0,5449.0,41.0,19656.0,8.0,1788.0,38.0,1239.0,89360.0,306.0,191611.0,73.0,32.2,10.9,5.7,1.9,3.1,0.4,2.5,4.1,12.2,-0.5,0.6,19.9,72.4,2.0,30.9,36.2,0.6,2.7,-0.6
72,PV29  ,1997JJ00,30.0,18.0,4.0,8.0,1500.0,1034.0,60.0,623.0,351.0,466.0,2.0,334.0,131.0,43,98.0,35.0,19.0,84.0,65.0,3392,0,1,3,11,22,32,22,8,749.0,218,531,163.0,36,127,606.0,210,396,748,85,10,3,1,2,163,7,1,12,80,567.0,16100.0,319.0,9.0,31.0,6.0,1625.0,296.0,1961.0,1280.0,1643,125,253,33,41,941,59,199,466,69,14,34,14,86,228,21,429,57,33,5,20,204,,,,,,,,,107,4,2283,177,422,55,52,1256,0,0,0,0,0,0,0,0,286,34,454.0,129163.0,213.0,44701.0,146.0,17293.0,26.0,4563.0,30.0,20713.0,11.0,2132.0,40.0,1307.0,111656.0,240.0,82260.0,72.4,33.0,9.6,5.3,2.0,3.2,0.4,2.5,2.9,13.2,-0.1,0.4,20.6,73.9,1.9,0.2,68.6,1.5,1.7,1.5
73,PV29  ,1998JJ00,28.0,9.0,4.0,15.0,1755.0,1256.0,16.0,910.0,330.0,499.0,2.0,253.0,244.0,43,98.0,35.0,21.0,86.0,70.0,3313,0,1,4,11,24,32,21,7,796.0,223,573,184.0,47,137,665.0,205,460,796,82,9,3,3,4,185,6,1,7,86,801.0,23086.0,348.0,37.0,161.0,28.0,1988.0,507.0,2326.0,1560.0,1670,126,238,54,45,968,58,211,479,52,23,39,16,90,211,30,412,52,46,7,26,193,18.0,37.0,92.0,7.0,4.0,5.0,2.0,28.0,83,4,2310,172,377,87,41,1304,75,302,629,83,36,60,21,98,267,63,489.0,147459.0,247.0,84505.0,159.0,15926.0,23.0,3755.0,51.0,58442.0,14.0,6381.0,41.0,1691.0,172113.0,313.0,90306.0,77.6,35.6,11.0,5.7,2.1,3.7,0.5,2.5,3.0,13.3,-0.1,0.3,22.4,78.5,2.1,0.4,72.2,1.8,2.0,0.9
74,PV29  ,1999JJ00,,,,,,,,,,,,,,43,,,,,,3284,0,1,4,11,23,32,22,6,791.0,222,569,187.0,42,145,644.0,193,451,791,84,6,3,2,5,187,1,0,19,81,,,,,,,,,,,1758,138,245,49,47,1024,56,260,429,66,23,36,33,119,216,39,426,62,43,0,33,203,11.0,42.0,97.0,5.0,1.0,0.0,2.0,45.0,83,2,2471,187,406,85,39,1371,70,373,552,97,40,59,35,145,313,70,,,,,,,,,,,,,,,,,,83.2,37.7,12.8,6.2,2.1,3.8,0.5,2.4,5.7,14.7,-0.4,0.2,24.2,83.4,2.2,0.5,76.2,2.6,2.0,0.2
75,PV30  ,1995JJ00,124.0,94.0,16.0,14.0,7371.0,6110.0,490.0,4197.0,1424.0,1261.0,60.0,907.0,294.0,223,76.0,49.0,16.0,58.0,65.0,16080,1,2,6,15,29,30,15,3,3660.0,1014,2646,0.0,0,0,0.0,0,0,3660,84,10,2,2,3,899,6,3,15,76,1543.0,47010.0,2091.0,807.0,199.0,0.0,7030.0,1877.0,9208.0,6858.0,7198,548,1083,187,177,4152,323,922,2370,150,30,101,33,223,873,179,2334,241,177,35,99,1327,,,,,,,,,413,41,9996,759,1933,316,174,5271,0,0,0,0,0,0,0,0,1190,354,2288.0,739594.0,686.0,279272.0,124.0,31845.0,33.0,6672.0,153.0,141025.0,119.0,62200.0,180.0,5912.0,598879.0,1663.0,900067.0,315.9,149.3,43.6,22.8,7.5,13.0,1.4,11.3,9.3,57.8,-1.6,1.5,18.2,318.2,8.2,119.6,175.6,9.7,5.0,2.3
76,PV30  ,1996JJ00,119.0,82.0,20.0,17.0,7194.0,5689.0,511.0,3963.0,1215.0,1505.0,58.0,929.0,519.0,220,75.0,49.0,16.0,57.0,67.0,15909,1,2,6,15,28,30,15,4,3630.0,1016,2614,0.0,0,0,0.0,0,0,3630,83,9,2,1,4,823,5,2,11,81,1842.0,51007.0,1416.0,441.0,47.0,0.0,6901.0,1976.0,9943.0,6932.0,7212,581,1032,180,174,4213,327,907,2376,162,39,130,27,245,871,161,2228,243,169,31,95,1257,,,,,,,,,404,29,10117,800,1871,310,169,5474,0,0,0,0,0,0,0,0,1165,329,2291.0,747598.0,815.0,344147.0,251.0,49853.0,51.0,13474.0,137.0,171839.0,109.0,69217.0,177.0,6332.0,742179.0,1612.0,492496.0,324.3,152.9,44.2,23.3,8.3,13.6,1.6,11.9,9.9,59.7,-2.1,1.0,19.0,322.3,7.4,121.3,180.2,8.6,4.9,-2.0
77,PV30  ,1997JJ00,135.0,84.0,20.0,31.0,7541.0,5980.0,576.0,3968.0,1435.0,1561.0,61.0,1094.0,405.0,221,71.0,41.0,10.0,57.0,66.0,15768,1,2,6,14,28,31,16,4,3997.0,1059,2938,892.0,184,708,2877.0,896,1981,3997,84,8,2,2,4,891,5,4,8,83,1850.0,59321.0,1722.0,108.0,56.0,4.0,7242.0,1920.0,9218.0,6897.0,7509,551,1013,182,179,4467,353,1001,2449,188,52,152,33,239,910,208,2266,232,156,29,106,1283,,,,,,,,,412,48,10481,754,1840,303,150,5858,0,0,0,0,0,0,0,0,1216,361,2094.0,590697.0,738.0,320768.0,350.0,49552.0,95.0,22883.0,159.0,188194.0,134.0,60138.0,181.0,6921.0,834541.0,1521.0,449049.0,333.7,153.5,44.7,23.2,9.0,15.1,1.7,12.3,10.2,63.3,-1.8,2.5,20.1,334.7,6.9,1.1,313.6,7.8,5.3,1.0
78,PV30  ,1998JJ00,138.0,35.0,11.0,92.0,8187.0,6647.0,201.0,5097.0,1349.0,1540.0,117.0,978.0,445.0,224,75.0,42.0,11.0,60.0,68.0,15661,0,1,5,13,26,32,18,5,3922.0,1069,2853,944.0,231,713,3093.0,908,2185,3921,83,6,2,5,4,944,7,1,21,71,2999.0,88938.0,2175.0,327.0,231.0,51.0,7823.0,1930.0,9626.0,7787.0,7705,583,1007,231,206,4551,343,1014,2364,191,74,213,49,304,931,203,2161,233,183,34,138,1132,112.0,199.0,632.0,25.0,8.0,31.0,9.0,116.0,396,45,10700,746,1781,367,121,6108,424,1499,3014,302,134,340,57,339,1186,391,2162.0,639505.0,1026.0,422445.0,587.0,96303.0,114.0,19969.0,230.0,253599.0,95.0,52568.0,193.0,7559.0,818096.0,1709.0,503258.0,363.2,166.6,49.2,25.9,10.1,16.3,2.4,12.5,11.0,66.9,-0.8,3.1,22.0,364.0,8.1,1.0,339.8,7.9,7.1,0.8
79,PV30  ,1999JJ00,,,,,,,,,,,,,,221,,,,,,15745,0,1,5,13,25,31,19,5,4003.0,1044,2959,987.0,203,784,3123.0,881,2242,4003,85,7,2,2,4,987,4,1,15,80,,,,,,,,,,,7848,611,1069,247,194,4592,350,978,2201,265,104,229,66,398,899,237,1955,236,176,11,131,1018,74.0,193.0,586.0,20.0,3.0,14.0,1.0,127.0,372,11,11194,830,1784,418,114,6380,480,1403,2982,404,164,374,70,503,1239,429,,,,,,,,,,,,,,,,,,388.5,177.3,54.5,29.9,10.6,18.5,2.3,12.5,23.9,69.8,-1.0,2.6,23.6,389.8,9.1,1.4,356.6,11.8,10.9,1.2
80,PV31  ,1995JJ00,33.0,25.0,5.0,3.0,1910.0,1665.0,141.0,1134.0,390.0,245.0,0.0,91.0,154.0,103,68.0,56.0,11.0,59.0,42.0,8208,1,2,7,15,30,28,14,3,1749.0,461,1288,0.0,0,0,0.0,0,0,1749,78,5,4,8,6,454,6,1,11,81,959.0,34312.0,2224.0,54.0,29.0,0.0,1662.0,181.0,3107.0,1798.0,3497,300,370,84,98,2128,151,474,1074,120,42,61,25,181,417,100,1122,128,57,12,65,637,,,,,,,,,194,28,4634,398,890,141,68,2722,0,0,0,0,0,0,0,0,465,149,1343.0,359697.0,466.0,160200.0,100.0,18905.0,47.0,10855.0,147.0,93922.0,22.0,10793.0,88.0,2978.0,439425.0,1039.0,239161.0,166.2,77.9,23.1,11.4,3.4,7.4,0.8,5.8,7.0,31.2,-2.4,0.5,19.1,166.4,1.1,64.6,94.0,4.8,2.0,0.2
81,PV31  ,1996JJ00,43.0,26.0,9.0,8.0,2241.0,1859.0,110.0,1220.0,529.0,382.0,70.0,162.0,150.0,102,74.0,56.0,7.0,60.0,47.0,8229,1,2,7,16,29,27,15,3,1739.0,457,1282,0.0,0,0,0.0,0,0,1739,81,5,5,5,5,463,5,1,12,81,1140.0,41349.0,1953.0,56.0,1.0,0.0,2990.0,1037.0,3192.0,1529.0,3608,311,370,109,99,2180,173,479,1092,112,41,57,27,199,454,85,1051,129,50,21,68,568,,,,,,,,,198,19,5031,428,704,183,59,2974,0,0,0,0,0,0,0,0,548,135,1176.0,347048.0,503.0,178934.0,182.0,28884.0,47.0,10853.0,114.0,105291.0,14.0,8347.0,87.0,3237.0,461646.0,948.0,263068.0,169.7,79.5,23.7,11.4,3.6,7.5,0.9,6.4,6.7,29.9,-0.1,0.2,19.4,169.2,2.1,67.7,92.6,4.6,2.2,-0.5
82,PV31  ,1997JJ00,47.0,22.0,12.0,13.0,2237.0,1665.0,116.0,1077.0,472.0,571.0,48.0,283.0,240.0,103,78.0,58.0,8.0,58.0,51.0,8278,1,2,7,15,29,28,15,4,1791.0,489,1302,458.0,99,359,1326.0,412,914,1790,85,4,4,4,4,458,4,4,8,84,1222.0,43794.0,1583.0,101.0,21.0,0.0,2515.0,446.0,3531.0,1632.0,3801,330,372,116,101,2318,168,492,1183,114,48,61,25,227,480,84,1085,131,45,20,73,584,,,,,,,,,213,20,5326,440,706,193,55,3178,0,0,0,0,0,0,0,0,602,152,1150.0,359789.0,417.0,190941.0,222.0,37474.0,38.0,13039.0,127.0,124831.0,30.0,15597.0,91.0,3350.0,462324.0,987.0,250792.0,178.0,82.6,24.2,12.5,4.3,7.9,1.0,6.4,6.9,31.9,-0.2,0.6,20.5,180.4,3.1,1.3,167.9,5.7,2.5,2.4
83,PV31  ,1998JJ00,47.0,12.0,4.0,31.0,2844.0,2403.0,96.0,1647.0,660.0,441.0,101.0,159.0,181.0,100,80.0,64.0,11.0,65.0,55.0,8118,0,1,5,14,26,31,17,5,1822.0,489,1333,415.0,80,335,1543.0,448,1095,1822,85,4,2,4,4,415,12,2,9,78,1670.0,52328.0,2070.0,164.0,124.0,23.0,3301.0,878.0,3958.0,2706.0,3908,317,436,119,106,2362,176,509,1167,137,47,90,23,213,471,100,1070,125,64,18,77,558,51.0,120.0,265.0,21.0,6.0,12.0,2.0,80.0,206,23,5513,439,790,198,55,3261,237,760,1551,206,80,149,31,248,606,164,1050.0,352305.0,584.0,284136.0,312.0,48921.0,61.0,13332.0,175.0,203537.0,37.0,18339.0,92.0,4244.0,454074.0,941.0,270439.0,195.9,92.3,26.8,13.2,4.9,9.0,1.5,6.5,6.9,33.9,0.2,0.9,22.9,197.5,4.3,0.9,182.5,6.1,3.8,1.5
84,PV31  ,1999JJ00,,,,,,,,,,,,,,101,,,,,,8067,0,1,5,14,25,32,18,5,1940.0,496,1444,508.0,100,408,1580.0,434,1146,1940,85,5,2,3,4,508,9,2,14,75,,,,,,,,,,,3998,342,441,104,96,2414,181,554,1074,147,56,105,46,251,467,133,1010,136,70,11,65,523,40.0,121.0,263.0,18.0,2.0,2.0,1.0,76.0,194,11,5790,464,791,185,52,3422,263,831,1456,223,87,180,59,323,646,230,,,,,,,,,,,,,,,,,,205.0,94.7,29.8,13.8,5.4,9.8,1.5,6.3,13.3,36.1,-0.2,0.7,24.1,207.4,4.4,1.2,189.8,8.1,3.9,2.4
85,GM0363,1995JJ00,24.0,22.0,1.0,1.0,1961.0,1801.0,85.0,1327.0,388.0,160.0,0.0,129.0,31.0,43,98.0,88.0,19.0,81.0,56.0,4991,0,1,4,11,25,32,20,6,902.0,241,661,0.0,0,0,0.0,0,0,902,81,1,5,9,4,451,13,2,18,68,837.0,15665.0,903.0,71.0,21.0,0.0,1688.0,224.0,1990.0,1704.0,2422,205,305,86,68,1351,175,270,388,143,25,188,29,134,309,99,982,89,100,23,51,511,,,,,,,,,181,27,2846,263,402,124,34,1574,0,0,0,0,0,0,0,0,309,140,573.0,270723.0,874.0,180442.0,568.0,87591.0,192.0,21182.0,46.0,57700.0,11.0,6030.0,40.0,1386.0,168222.0,249.0,66422.0,127.2,57.8,17.0,7.0,4.3,6.2,0.5,4.8,3.5,26.6,-0.8,0.2,21.1,126.3,1.3,40.4,78.1,5.3,1.2,-0.9
86,GM0363,1996JJ00,30.0,17.0,13.0,0.0,2122.0,1706.0,31.0,1369.0,306.0,416.0,7.0,213.0,196.0,44,73.0,75.0,4.0,61.0,48.0,4695,0,1,4,11,25,31,21,6,909.0,242,667,0.0,0,0,0.0,0,0,919,82,2,3,8,5,515,8,2,30,60,910.0,26055.0,1145.0,73.0,3.0,0.0,1977.0,374.0,2262.0,1769.0,2338,213,295,93,66,1310,156,262,432,141,42,128,24,125,290,72,905,95,96,20,47,462,,,,,,,,,163,22,2733,253,405,146,36,1467,0,0,0,0,0,0,0,0,318,108,691.0,220380.0,740.0,197506.0,531.0,80325.0,78.0,19744.0,51.0,71834.0,12.0,12641.0,33.0,1245.0,206311.0,275.0,64099.0,120.8,55.8,16.6,7.3,4.0,5.9,0.6,4.9,3.4,22.4,-0.6,0.5,21.9,120.0,1.9,37.3,73.5,5.5,1.8,-0.8
87,GM0363,1997JJ00,29.0,15.0,2.0,12.0,1806.0,1395.0,29.0,1070.0,295.0,411.0,7.0,212.0,191.0,45,91.0,62.0,2.0,69.0,60.0,4533,0,1,4,10,24,32,21,7,901.0,250,651,364.0,74,290,720.0,190,530,896,76,3,5,12,5,363,5,2,16,76,898.0,29761.0,1013.0,73.0,4.0,1.0,1116.0,358.0,1997.0,1413.0,2352,193,324,76,67,1276,116,298,422,124,40,143,15,117,291,125,874,94,93,19,46,433,,,,,,,,,152,38,2862,237,433,107,36,1534,0,0,0,0,0,0,0,0,339,177,763.0,251019.0,679.0,192088.0,499.0,81212.0,107.0,15635.0,60.0,85056.0,12.0,10184.0,41.0,1378.0,199837.0,241.0,74813.0,113.9,52.8,15.5,6.5,3.5,5.6,0.6,4.3,3.4,21.7,-0.3,0.3,22.7,114.7,1.4,0.4,105.4,5.5,2.0,0.8
88,GM0363,1998JJ00,20.0,5.0,0.0,15.0,1580.0,1428.0,47.0,1146.0,235.0,152.0,19.0,91.0,42.0,43,91.0,67.0,2.0,67.0,58.0,4241,0,1,4,11,25,32,20,6,978.0,267,711,263.0,57,206,811.0,234,577,978,85,5,3,4,5,265,8,2,12,79,1054.0,29425.0,974.0,88.0,11.0,2.0,1902.0,381.0,2002.0,1477.0,2129,168,309,64,67,1194,92,263,519,72,19,106,15,108,259,69,691,73,79,14,45,338,32.0,68.0,164.0,14.0,4.0,20.0,3.0,35.0,122,19,2676,195,432,97,36,1510,113,340,618,98,30,162,16,132,309,97,563.0,172534.0,623.0,135511.0,488.0,45653.0,59.0,9717.0,65.0,74125.0,12.0,6010.0,39.0,1905.0,228607.0,377.0,99515.0,115.6,53.3,15.4,7.2,3.4,5.5,0.7,3.9,3.3,21.9,-0.4,1.4,25.5,116.2,1.8,0.4,106.7,5.5,1.8,0.5
89,GM0363,1999JJ00,,,,,,,,,,,,,,41,,,,,,4061,0,1,4,12,24,32,20,6,990.0,274,716,284.0,61,223,787.0,216,571,990,89,3,2,2,4,284,6,3,12,78,,,,,,,,,,,2137,165,312,61,59,1175,77,244,421,162,21,98,17,133,260,105,650,64,78,11,41,303,26.0,55.0,118.0,56.0,0.0,12.0,2.0,34.0,125,28,2654,192,418,84,34,1490,93,318,526,178,31,148,22,174,310,126,,,,,,,,,,,,,,,,,,114.5,51.9,16.7,7.2,3.9,5.9,0.6,3.7,6.9,21.7,-0.7,0.4,26.6,114.8,1.6,0.4,103.0,7.2,2.6,0.3
90,GM0599,1995JJ00,19.0,12.0,5.0,1.0,2555.0,1865.0,435.0,1353.0,78.0,690.0,0.0,609.0,82.0,43,93.0,60.0,7.0,74.0,63.0,5192,1,2,4,10,23,33,22,6,1271.0,330,941,0.0,0,0,0.0,0,0,1271,79,5,1,13,1,448,4,4,23,70,1251.0,41424.0,994.0,25.0,2.0,0.0,1995.0,288.0,2922.0,2456.0,2216,162,317,66,54,1277,83,188,450,196,68,146,39,106,276,65,855,73,64,18,48,503,,,,,,,,,136,13,2562,201,528,89,9,1313,0,0,0,0,0,0,0,0,288,135,509.0,176504.0,958.0,556193.0,573.0,250802.0,73.0,19056.0,212.0,249976.0,58.0,31562.0,41.0,1486.0,235173.0,297.0,86601.0,109.5,48.5,13.4,7.3,2.3,6.5,0.4,3.8,3.2,23.9,0.0,0.3,18.4,109.9,3.3,35.4,67.0,2.1,2.0,0.4
91,GM0599,1996JJ00,20.0,17.0,3.0,0.0,2912.0,2414.0,253.0,2028.0,133.0,498.0,103.0,373.0,22.0,42,98.0,60.0,4.0,79.0,64.0,4585,0,2,4,10,23,32,22,7,1088.0,260,828,0.0,0,0,0.0,0,0,1088,78,3,2,14,2,414,6,2,24,68,1443.0,51390.0,648.0,56.0,3.0,0.0,2462.0,410.0,3023.0,2365.0,2076,151,289,57,48,1199,83,188,465,159,58,126,30,91,251,82,739,63,61,14,34,435,,,,,,,,,118,13,2550,209,461,83,26,1328,0,0,0,0,0,0,0,0,301,141,487.0,155002.0,796.0,328154.0,445.0,48454.0,71.0,11293.0,193.0,207515.0,48.0,52672.0,41.0,1306.0,176764.0,324.0,97958.0,113.7,48.9,14.3,7.6,2.4,6.6,0.6,4.0,3.4,24.8,0.9,0.4,20.0,118.6,3.9,35.1,75.4,1.9,2.5,4.9
92,GM0599,1997JJ00,21.0,15.0,2.0,4.0,2710.0,2254.0,240.0,1808.0,206.0,456.0,2.0,424.0,30.0,37,97.0,51.0,5.0,73.0,76.0,4038,0,2,4,10,23,31,22,8,878.0,243,635,315.0,54,261,873.0,220,653,817,85,3,2,6,4,314,3,1,16,80,1326.0,46991.0,565.0,185.0,13.0,3.0,2744.0,691.0,3476.0,2484.0,1998,138,275,57,49,1193,83,198,418,144,43,154,23,130,223,64,733,55,64,13,38,439,,,,,,,,,107,17,2371,186,429,79,25,1301,0,0,0,0,0,0,0,0,263,89,600.0,139660.0,1603.0,401621.0,1307.0,70177.0,69.0,21832.0,199.0,260973.0,28.0,48639.0,36.0,1303.0,172751.0,241.0,78737.0,112.9,45.7,15.4,7.4,2.5,5.6,0.5,3.9,3.1,26.5,0.5,1.6,24.2,117.6,3.8,0.8,108.8,1.8,2.4,4.7
93,GM0599,1998JJ00,19.0,9.0,1.0,9.0,2188.0,1799.0,306.0,1226.0,267.0,389.0,4.0,336.0,49.0,40,95.0,50.0,3.0,70.0,73.0,3928,0,1,4,11,23,31,22,6,960.0,242,718,276.0,50,226,833.0,216,617,959,89,5,1,2,3,276,5,1,18,76,1423.0,48010.0,1167.0,61.0,13.0,2.0,1700.0,453.0,3313.0,2357.0,1980,153,247,66,51,1184,72,202,502,102,47,114,29,115,230,51,638,60,51,15,37,373,26.0,52.0,165.0,37.0,15.0,28.0,2.0,49.0,94,8,2430,188,407,92,21,1343,95,257,535,99,48,159,36,112,290,88,568.0,179668.0,735.0,272104.0,522.0,41359.0,27.0,3862.0,161.0,213930.0,23.0,12849.0,39.0,1736.0,259870.0,345.0,84475.0,107.5,46.3,14.2,7.1,2.5,5.8,0.5,3.4,2.6,23.7,-0.5,2.0,24.1,108.2,3.6,0.4,99.8,2.5,2.0,0.7
94,GM0599,1999JJ00,,,,,,,,,,,,,,40,,,,,,3933,0,1,4,12,23,31,22,7,1011.0,268,743,257.0,49,208,854.0,233,621,1011,90,4,1,2,4,257,5,4,15,76,,,,,,,,,,,2008,155,260,63,49,1192,72,208,486,100,31,101,37,158,228,60,561,57,55,5,35,319,16.0,46.0,137.0,26.0,4.0,13.0,9.0,68.0,88,2,2680,208,424,94,32,1489,105,285,578,117,40,153,47,164,322,111,,,,,,,,,,,,,,,,,,113.8,47.8,17.0,8.3,2.7,6.0,0.5,3.4,6.0,24.1,0.1,1.1,27.5,113.8,3.9,0.2,103.6,3.9,2.1,0.0
95,GM0518,1995JJ00,20.0,16.0,4.0,0.0,1853.0,1089.0,221.0,789.0,79.0,764.0,0.0,755.0,8.0,35,94.0,48.0,9.0,77.0,60.0,4181,1,1,4,12,25,32,19,5,863.0,227,636,0.0,0,0,0.0,0,0,863,86,5,2,3,4,257,3,5,12,79,861.0,17116.0,467.0,51.0,3.0,0.0,1300.0,151.0,1871.0,1669.0,1868,145,222,47,79,1057,139,162,285,158,47,122,53,91,240,77,837,59,82,8,54,455,,,,,,,,,156,23,1948,166,265,69,41,1084,0,0,0,0,0,0,0,0,213,110,411.0,131565.0,317.0,117044.0,192.0,47245.0,41.0,12345.0,27.0,36076.0,11.0,4615.0,32.0,957.0,115338.0,245.0,37402.0,96.1,41.9,12.4,5.4,3.8,6.4,0.4,3.4,3.7,19.0,-0.8,0.5,20.8,96.8,1.4,34.7,54.7,2.4,3.7,0.8
96,GM0518,1996JJ00,24.0,12.0,12.0,0.0,2008.0,993.0,88.0,785.0,121.0,1015.0,141.0,853.0,22.0,37,81.0,57.0,19.0,59.0,49.0,3972,1,1,4,12,25,31,20,6,788.0,207,581,0.0,0,0,0.0,0,0,788,86,5,4,2,4,265,6,8,12,74,1651.0,19973.0,615.0,26.0,5.0,0.0,1046.0,217.0,2022.0,1763.0,1895,148,237,51,64,1081,124,165,321,152,28,132,52,106,242,72,811,58,82,9,53,429,,,,,,,,,160,21,2113,181,311,80,19,1187,0,0,0,0,0,0,0,0,226,110,514.0,140349.0,369.0,124951.0,202.0,41485.0,57.0,14816.0,46.0,41211.0,14.0,11628.0,31.0,1170.0,133976.0,287.0,59449.0,95.6,41.9,11.7,5.5,3.4,6.3,0.4,3.6,3.4,19.1,0.0,0.3,21.5,95.2,1.3,34.1,52.1,3.8,3.8,-0.5
97,GM0518,1997JJ00,29.0,8.0,8.0,13.0,1937.0,987.0,92.0,681.0,214.0,950.0,168.0,735.0,48.0,37,92.0,49.0,16.0,73.0,62.0,3993,1,2,5,12,27,31,18,6,979.0,246,733,244.0,47,197,737.0,205,532,971,81,6,5,3,6,231,10,8,8,75,865.0,24317.0,703.0,50.0,16.0,6.0,1142.0,295.0,2235.0,1618.0,1936,170,234,59,64,1100,103,218,372,108,14,143,37,105,257,53,758,73,76,12,51,391,,,,,,,,,149,6,2186,195,318,85,24,1232,0,0,0,0,0,0,0,0,236,96,714.0,141717.0,579.0,119449.0,441.0,39166.0,63.0,12633.0,56.0,59401.0,19.0,8249.0,37.0,1475.0,141850.0,362.0,95581.0,95.0,41.8,11.6,6.0,3.3,5.9,0.4,3.4,3.1,19.0,0.1,0.5,22.5,95.5,1.5,0.3,89.4,2.4,2.0,0.5
98,GM0518,1998JJ00,26.0,8.0,4.0,14.0,2257.0,1704.0,138.0,1344.0,222.0,553.0,15.0,486.0,52.0,37,92.0,49.0,16.0,70.0,68.0,3964,0,1,4,11,25,31,21,6,922.0,229,693,218.0,47,171,753.0,186,567,922,86,5,3,3,3,219,6,2,11,81,898.0,24211.0,613.0,46.0,54.0,14.0,1520.0,492.0,2214.0,1645.0,1972,173,242,67,57,1129,94,229,443,102,30,129,27,76,247,57,679,74,54,12,43,346,35.0,72.0,148.0,26.0,7.0,30.0,5.0,24.0,136,14,2445,199,382,109,27,1356,113,275,489,115,51,182,30,102,287,86,475.0,139959.0,644.0,134489.0,503.0,50179.0,75.0,11664.0,57.0,68530.0,9.0,4110.0,37.0,1684.0,243405.0,301.0,74100.0,99.1,43.7,13.1,6.3,2.9,5.9,0.9,3.4,3.4,19.3,0.0,0.3,23.6,99.7,2.1,0.2,93.1,2.5,1.5,0.5
99,GM0518,1999JJ00,,,,,,,,,,,,,,37,,,,,,3924,0,2,4,12,24,31,21,6,973.0,253,720,237.0,45,192,780.0,213,567,973,88,5,2,2,3,237,8,1,13,78,,,,,,,,,,,1969,161,265,58,54,1130,84,229,469,74,56,87,27,104,230,70,536,64,51,1,38,269,26.0,51.0,127.0,17.0,8.0,7.0,1.0,32.0,110,3,2690,211,427,99,27,1514,115,326,598,102,72,133,37,131,280,132,,,,,,,,,,,,,,,,,,104.2,46.4,14.7,7.1,3.4,6.1,0.5,3.3,6.7,19.8,-1.1,0.5,25.2,104.2,2.2,0.3,95.9,3.4,2.5,0.1
100,GM0344,1995JJ00,10.0,8.0,0.0,2.0,673.0,583.0,95.0,297.0,190.0,90.0,0.0,75.0,16.0,13,85.0,39.0,0.0,92.0,77.0,1906,0,1,3,14,25,35,15,5,405.0,100,305,0.0,0,0,0.0,0,0,406,79,7,7,5,2,92,7,0,7,87,285.0,8470.0,140.0,11.0,0.0,0.0,405.0,225.0,724.0,724.0,753,77,96,23,31,417,38,67,168,55,34,13,2,41,87,22,316,32,36,6,27,139,,,,,,,,,58,18,842,106,113,39,8,498,0,0,0,0,0,0,0,0,67,11,223.0,74017.0,91.0,15625.0,24.0,6305.0,0.0,0.0,16.0,111.0,30.0,4145.0,12.0,479.0,111722.0,135.0,42158.0,43.3,19.3,4.6,3.1,1.5,2.7,0.2,1.6,1.5,9.3,-0.5,0.0,18.5,43.1,0.5,18.7,23.2,0.3,0.4,-0.2
101,GM0344,1996JJ00,11.0,7.0,4.0,0.0,631.0,520.0,10.0,303.0,207.0,111.0,2.0,84.0,25.0,14,79.0,28.0,0.0,57.0,64.0,1772,0,1,4,11,24,34,20,5,373.0,101,272,0.0,0,0,0.0,0,0,373,70,12,7,7,3,103,2,0,9,89,287.0,8676.0,199.0,49.0,0.0,0.0,516.0,287.0,728.0,690.0,707,60,101,32,35,385,33,79,152,33,28,13,1,46,83,11,270,23,43,6,30,119,,,,,,,,,53,3,863,100,121,47,11,500,0,0,0,0,0,0,0,0,65,18,372.0,80226.0,215.0,20164.0,161.0,8533.0,2.0,345.0,21.0,5226.0,2.0,1004.0,12.0,596.0,120972.0,148.0,42371.0,40.7,18.1,4.4,2.8,1.4,1.9,0.2,1.6,1.5,8.3,0.5,0.1,21.8,40.0,0.5,16.8,21.7,0.3,0.6,-0.7
102,GM0344,1997JJ00,11.0,9.0,0.0,2.0,780.0,690.0,47.0,465.0,178.0,90.0,0.0,81.0,9.0,14,93.0,50.0,7.0,64.0,71.0,1671,1,1,5,11,24,33,20,5,329.0,90,239,109.0,22,87,349.0,100,249,318,80,5,8,1,6,109,5,6,14,76,270.0,9189.0,197.0,44.0,2.0,0.0,577.0,298.0,687.0,687.0,712,69,98,23,33,392,36,55,190,21,29,12,2,48,84,12,246,21,34,5,26,98,,,,,,,,,56,6,880,128,122,36,15,500,0,0,0,0,0,0,0,0,63,16,248.0,50049.0,278.0,38303.0,212.0,22181.0,33.0,5907.0,20.0,9059.0,12.0,1157.0,13.0,524.0,146340.0,119.0,27512.0,39.0,16.6,5.0,2.6,1.3,2.1,0.3,1.5,1.4,7.9,0.3,0.0,22.4,38.9,0.6,0.0,37.5,0.5,0.3,-0.1
103,GM0344,1998JJ00,11.0,6.0,0.0,5.0,606.0,544.0,11.0,452.0,81.0,62.0,3.0,37.0,22.0,14,93.0,64.0,7.0,57.0,64.0,1435,0,1,5,11,24,31,21,6,282.0,72,210,93.0,20,73,261.0,63,198,282,77,9,2,11,2,93,28,3,12,57,236.0,8588.0,194.0,21.0,0.0,0.0,395.0,142.0,517.0,458.0,641,49,83,23,23,362,30,62,148,25,29,14,6,49,79,22,222,20,27,4,18,98,9.0,14.0,40.0,2.0,11.0,2.0,0.0,21.0,43,10,816,86,113,35,11,459,39,87,174,48,33,23,9,48,83,27,200.0,49981.0,127.0,34052.0,92.0,11983.0,8.0,2063.0,15.0,18195.0,12.0,1811.0,13.0,579.0,106298.0,132.0,40005.0,35.6,14.7,4.6,2.6,1.2,2.2,0.2,1.2,1.3,7.0,0.3,0.3,23.9,36.1,0.9,0.0,34.1,0.6,0.5,0.5
104,GM0344,1999JJ00,,,,,,,,,,,,,,13,,,,,,1399,0,1,5,12,22,32,20,7,342.0,87,255,71.0,12,59,289.0,65,224,342,75,13,1,2,10,71,4,0,13,83,,,,,,,,,,,675,49,86,26,19,390,28,62,160,28,28,20,11,53,85,20,207,19,21,3,15,99,7.0,11.0,48.0,5.0,8.0,1.0,0.0,19.0,45,5,872,66,129,39,9,512,43,91,198,40,33,35,14,58,89,28,,,,,,,,,,,,,,,,,,35.3,15.1,5.2,2.6,1.1,1.8,0.2,1.1,2.6,6.4,0.1,0.3,24.1,35.2,0.9,0.1,32.9,0.7,0.5,-0.1
