ID,HerkomstBestemming,Perioden,Arseen_1,Cadmium_2,Chroom_3,Koper_4,Kwik_5,Lood_6,Nikkel_7,Zink_8,ZwareMetaalequivalenten_9,Fosfor_10,Stikstof_11,Nutrientenequivalenten_12
0,01,1995JJ00,3500.0,765.0,3094.0,205712.0,275.0,64459.0,7659.0,181855.0,90.9,10470153.0,65712511.0,17041.0
1,01,1996JJ00,3560.0,768.0,3114.0,212505.0,276.0,64332.0,7683.0,181790.0,93.0,10820264.0,66338331.0,17454.0
2,01,1997JJ00,3587.0,771.0,3133.0,202639.0,277.0,64204.0,7708.0,181726.0,89.7,11053671.0,66755545.0,17729.0
3,01,1998JJ00,3608.0,777.0,3152.0,203703.0,279.0,63950.0,7756.0,181596.0,90.2,11287079.0,67172759.0,18004.0
4,01,1999JJ00,3626.0,783.0,3171.0,215678.0,280.0,63696.0,7804.0,181467.0,94.2,11520486.0,67589973.0,18279.0
5,01,2000JJ00,3631.0,789.0,3179.0,202558.0,284.0,63188.0,7901.0,181208.0,90.0,11637190.0,67798580.0,18417.0
6,01,2001JJ00,3633.0,796.0,3205.0,206412.0,285.0,63262.0,7946.0,182074.0,91.4,11889103.0,68400215.0,18729.0
7,01,2002JJ00,3636.0,805.0,3231.0,210333.0,285.0,63335.0,7992.0,182940.0,92.8,12141016.0,68801305.0,19021.0
8,01,2003JJ00,3668.0,807.0,3333.0,152248.0,289.0,63409.0,8173.0,186403.0,73.7,12392930.0,69202395.0,19313.0
9,01,2004JJ00,3679.0,809.0,3384.0,167883.0,291.0,63483.0,8264.0,188135.0,79.0,12644843.0,69402940.0,19585.0
10,01,2005JJ00,3695.0,813.0,3259.0,157261.0,292.0,63556.0,8139.0,193842.0,75.7,12896756.0,69855424.0,19882.0
11,01,2006JJ00,3697.0,815.0,3266.0,157460.0,293.0,63782.0,8153.0,192667.0,75.8,12923154.0,70000981.0,19923.0
12,01,2007JJ00,3702.0,817.0,3273.0,157761.0,294.0,62459.0,8181.0,190696.0,75.8,12964887.0,70225580.0,19987.0
13,01,2008JJ00,3709.0,820.0,3284.0,158127.0,295.0,61992.0,8210.0,191465.0,76.0,13007815.0,70457566.0,20054.0
14,02,1995JJ00,444.0,1.0,38.0,785.0,0.0,348.0,19.0,3903.0,0.7,0.0,0.0,0.0
15,02,1996JJ00,475.0,1.0,29.0,769.0,0.0,333.0,19.0,3901.0,0.5,0.0,0.0,0.0
16,02,1997JJ00,483.0,1.0,28.0,839.0,0.0,318.0,19.0,3898.0,0.5,0.0,0.0,0.0
17,02,1998JJ00,484.0,1.0,28.0,828.0,0.0,288.0,19.0,3893.0,0.5,0.0,0.0,0.0
18,02,1999JJ00,483.0,1.0,28.0,834.0,0.0,259.0,19.0,3888.0,0.5,0.0,0.0,0.0
19,02,2000JJ00,478.0,1.0,27.0,787.0,0.0,200.0,19.0,3878.0,0.5,0.0,0.0,0.0
20,02,2001JJ00,471.0,1.0,43.0,764.0,0.0,200.0,40.0,6967.0,0.5,0.0,0.0,0.0
21,02,2002JJ00,465.0,1.0,59.0,740.0,0.0,200.0,61.0,10057.0,0.6,0.0,0.0,0.0
22,02,2003JJ00,459.0,1.0,124.0,717.0,0.0,200.0,146.0,22414.0,1.1,0.0,0.0,0.0
23,02,2004JJ00,452.0,1.0,156.0,693.0,0.0,200.0,188.0,28593.0,1.2,0.0,0.0,0.0
24,02,2005JJ00,446.0,1.0,11.0,670.0,0.0,200.0,18.0,3504.0,0.4,0.0,0.0,0.0
25,02,2006JJ00,441.0,1.0,10.0,664.0,0.0,199.0,18.0,3477.0,0.4,0.0,0.0,0.0
26,02,2007JJ00,437.0,1.0,8.0,628.0,0.0,198.0,17.0,3380.0,0.4,0.0,0.0,0.0
27,02,2008JJ00,432.0,1.0,7.0,625.0,0.0,202.0,18.0,3423.0,0.4,0.0,0.0,0.0
28,03,1995JJ00,3056.0,764.0,3056.0,204928.0,275.0,64111.0,7640.0,177952.0,90.2,10470153.0,65712511.0,17041.0
29,03,1996JJ00,3085.0,767.0,3085.0,211736.0,276.0,63999.0,7664.0,177890.0,92.5,10820264.0,66338331.0,17454.0
30,03,1997JJ00,3104.0,770.0,3104.0,201801.0,277.0,63886.0,7689.0,177827.0,89.3,11053671.0,66755545.0,17729.0
31,03,1998JJ00,3124.0,776.0,3124.0,202874.0,279.0,63662.0,7737.0,177703.0,89.7,11287079.0,67172759.0,18004.0
32,03,1999JJ00,3143.0,782.0,3143.0,214843.0,280.0,63437.0,7785.0,177579.0,93.8,11520486.0,67589973.0,18279.0
33,03,2000JJ00,3153.0,788.0,3153.0,201770.0,284.0,62988.0,7882.0,177330.0,89.5,11637190.0,67798580.0,18417.0
34,03,2001JJ00,3162.0,795.0,3162.0,205649.0,285.0,63062.0,7906.0,175106.0,90.8,11889103.0,68400215.0,18729.0
35,03,2002JJ00,3172.0,804.0,3172.0,209593.0,285.0,63135.0,7931.0,172883.0,92.1,12141016.0,68801305.0,19021.0
36,03,2003JJ00,3209.0,806.0,3209.0,151531.0,289.0,63209.0,8028.0,163989.0,72.6,12392930.0,69202395.0,19313.0
37,03,2004JJ00,3228.0,808.0,3228.0,167190.0,291.0,63283.0,8076.0,159542.0,77.8,12644843.0,69402940.0,19585.0
38,03,2005JJ00,3248.0,812.0,3248.0,156591.0,292.0,63356.0,8121.0,190338.0,75.3,12896756.0,69855424.0,19882.0
39,03,2006JJ00,3256.0,814.0,3256.0,156797.0,293.0,63583.0,8135.0,189190.0,75.4,12923154.0,70000981.0,19923.0
40,03,2007JJ00,3265.0,816.0,3265.0,157133.0,294.0,62260.0,8163.0,187316.0,75.4,12964887.0,70225580.0,19987.0
41,03,2008JJ00,3277.0,819.0,3277.0,157502.0,295.0,61790.0,8192.0,188042.0,75.6,13007815.0,70457566.0,20054.0
42,04,1995JJ00,8773.0,1492.0,46913.0,102158.0,1308.0,38930.0,66740.0,418930.0,103.4,12661004.0,129295198.0,25591.0
43,04,1996JJ00,8304.0,1264.0,40508.0,96648.0,678.0,28307.0,62309.0,402209.0,78.1,10580546.0,85117415.0,19092.0
44,04,1997JJ00,8606.0,1191.0,37114.0,99530.0,620.0,28645.0,59119.0,381634.0,76.0,11778425.0,82927494.0,20071.0
45,04,1998JJ00,9591.0,1076.0,35691.0,97874.0,555.0,25681.0,58078.0,412053.0,73.6,16974368.0,150539190.0,32028.0
46,04,1999JJ00,9302.0,1023.0,33174.0,97239.0,526.0,25543.0,58274.0,393423.0,71.4,13482322.0,109055278.0,24388.0
47,04,2000JJ00,9158.0,1096.0,30576.0,92635.0,394.0,25345.0,54749.0,379048.0,65.3,10509564.0,121680588.0,22678.0
48,04,2001JJ00,9047.0,1060.0,29353.0,93232.0,375.0,23801.0,54284.0,385540.0,64.8,10523966.0,109563337.0,21480.0
49,04,2002JJ00,8703.0,907.0,26620.0,88847.0,369.0,22257.0,50483.0,379986.0,61.9,10295396.0,98818522.0,20177.0
50,04,2003JJ00,8500.0,868.0,26368.0,83882.0,340.0,20713.0,48122.0,366753.0,58.6,7108639.0,71427614.0,14251.0
51,04,2004JJ00,8250.0,793.0,26854.0,78738.0,259.0,19170.0,47088.0,378846.0,54.1,8032822.0,93261801.0,17359.0
52,04,2005JJ00,8039.0,657.0,27733.0,73881.0,221.0,17626.0,43248.0,307360.0,48.1,7561830.0,78673604.0,15429.0
53,04,2006JJ00,7636.0,620.0,27832.0,71014.0,205.0,16208.0,43301.0,292750.0,45.9,7064137.0,79256643.0,14990.0
54,04,2007JJ00,8420.0,900.0,25742.0,79708.0,173.0,17260.0,50247.0,347989.0,51.0,8743759.0,108219280.0,19566.0
55,04,2008JJ00,7947.0,768.0,23550.0,70737.0,153.0,15694.0,44407.0,310980.0,45.2,7896794.0,81528730.0,16050.0
56,05,1995JJ00,0.0,243.0,0.0,17364.0,0.0,2835.0,18713.0,116105.0,11.0,3743546.0,74629428.0,11206.0
57,05,1996JJ00,0.0,245.0,3.0,18109.0,0.0,2879.0,19175.0,117588.0,11.3,1999500.0,33480000.0,5348.0
58,05,1997JJ00,0.0,247.0,5.0,18605.0,0.0,2923.0,19637.0,119072.0,11.5,3414399.0,34133022.0,6828.0
59,05,1998JJ00,0.0,249.0,7.0,19102.0,0.0,3012.0,20562.0,122039.0,11.8,8503071.0,100412268.0,18544.0
60,05,1999JJ00,0.0,251.0,8.0,19598.0,0.0,3100.0,21486.0,125006.0,12.1,5441013.0,62171642.0,11658.0
61,05,2000JJ00,0.0,253.0,9.0,19846.0,0.0,3276.0,23335.0,130941.0,12.4,4175339.0,77956567.0,11971.0
62,05,2001JJ00,0.0,253.0,7.0,18787.0,0.0,3077.0,22611.0,126805.0,11.9,5335080.0,64860000.0,11821.0
63,05,2002JJ00,0.0,202.0,6.0,17727.0,0.0,2879.0,21886.0,122668.0,11.1,5350008.0,55899118.0,10940.0
64,05,2003JJ00,0.0,197.0,4.0,16668.0,0.0,2680.0,20438.0,114327.0,10.5,2377008.0,32446424.0,5622.0
65,05,2004JJ00,0.0,169.0,2.0,15608.0,0.0,2481.0,18989.0,106055.0,9.7,3442008.0,55237668.0,8966.0
66,05,2005JJ00,0.0,166.0,0.0,14548.0,0.0,2282.0,16091.0,89539.0,8.8,2951835.0,42615214.0,7213.0
67,05,2006JJ00,0.0,160.0,1.0,15583.0,0.0,2380.0,16478.0,92465.0,9.2,2749260.0,41811843.0,6930.0
68,05,2007JJ00,0.0,246.0,0.0,22901.0,0.0,3231.0,23595.0,141530.0,13.7,4350134.0,74852441.0,11835.0
69,05,2008JJ00,0.0,191.0,0.0,17637.0,0.0,2709.0,19371.0,111436.0,10.7,3309641.0,51145339.0,8424.0
70,06,1995JJ00,0.0,54.0,0.0,3381.0,0.0,598.0,4574.0,27131.0,2.3,857644.0,14164894.0,2274.0
71,06,1996JJ00,0.0,55.0,0.0,3577.0,0.0,610.0,4693.0,27510.0,2.4,480286.0,5097904.0,990.0
72,06,1997JJ00,0.0,55.0,0.0,3708.0,0.0,623.0,4811.0,27889.0,2.5,823442.0,5502699.0,1374.0
73,06,1998JJ00,0.0,56.0,1.0,3840.0,0.0,648.0,5048.0,28647.0,2.5,2020402.0,15987611.0,3619.0
74,06,1999JJ00,0.0,57.0,1.0,3971.0,0.0,674.0,5285.0,29404.0,2.6,1391499.0,10843715.0,2476.0
75,06,2000JJ00,0.0,57.0,1.0,4036.0,0.0,725.0,5759.0,30920.0,2.7,966291.0,13618658.0,2328.0
76,06,2001JJ00,0.0,57.0,1.0,3795.0,0.0,683.0,5601.0,29989.0,2.6,1496596.0,12648833.0,2761.0
77,06,2002JJ00,0.0,52.0,0.0,3554.0,0.0,642.0,5444.0,29059.0,2.4,1491763.0,11152692.0,2607.0
78,06,2003JJ00,0.0,46.0,0.0,3313.0,0.0,600.0,5129.0,27197.0,2.3,558294.0,5358645.0,1094.0
79,06,2004JJ00,0.0,41.0,0.0,3072.0,0.0,559.0,4814.0,25336.0,2.1,909837.0,10784528.0,1988.0
80,06,2005JJ00,0.0,39.0,0.0,2831.0,0.0,517.0,4185.0,21613.0,1.9,706068.0,7215862.0,1428.0
81,06,2006JJ00,0.0,41.0,0.0,3302.0,0.0,583.0,4586.0,23802.0,2.1,705265.0,7949569.0,1500.0
82,06,2007JJ00,0.0,72.0,0.0,5872.0,0.0,906.0,7217.0,41492.0,3.7,1274014.0,15415345.0,2816.0
83,06,2008JJ00,0.0,55.0,0.0,4322.0,0.0,735.0,5821.0,31784.0,2.8,941912.0,10524736.0,1994.0
84,07,1995JJ00,0.0,10.0,0.0,305.0,0.0,187.0,25.0,2192.0,0.2,132390.0,1877177.0,320.0
85,07,1996JJ00,0.0,10.0,1.0,309.0,0.0,186.0,25.0,2274.0,0.2,96321.0,1080157.0,204.0
86,07,1997JJ00,0.0,10.0,2.0,311.0,0.0,184.0,25.0,2356.0,0.2,168574.0,1180788.0,287.0
87,07,1998JJ00,0.0,10.0,2.0,314.0,0.0,182.0,26.0,2521.0,0.2,431531.0,3572672.0,789.0
88,07,1999JJ00,0.0,10.0,3.0,316.0,0.0,180.0,26.0,2685.0,0.3,309419.0,2495080.0,559.0
89,07,2000JJ00,0.0,10.0,3.0,318.0,0.0,175.0,28.0,3014.0,0.3,167440.0,2339999.0,401.0
90,07,2001JJ00,0.0,10.0,3.0,312.0,0.0,169.0,27.0,3129.0,0.3,332346.0,2874765.0,620.0
91,07,2002JJ00,0.0,10.0,2.0,307.0,0.0,163.0,26.0,3244.0,0.3,334733.0,2809512.0,616.0
92,07,2003JJ00,0.0,10.0,1.0,301.0,0.0,157.0,24.0,3474.0,0.3,221194.0,3719887.0,593.0
93,07,2004JJ00,0.0,9.0,1.0,296.0,0.0,151.0,22.0,3705.0,0.3,406743.0,6047712.0,1012.0
94,07,2005JJ00,0.0,8.0,0.0,290.0,0.0,145.0,19.0,4166.0,0.3,168487.0,2737366.0,442.0
95,07,2006JJ00,0.0,6.0,0.0,289.0,0.0,138.0,17.0,4327.0,0.3,154664.0,2619382.0,417.0
96,07,2007JJ00,0.0,5.0,0.0,271.0,0.0,127.0,12.0,3647.0,0.2,138693.0,2532082.0,392.0
97,07,2008JJ00,0.0,4.0,0.0,265.0,0.0,122.0,11.0,3679.0,0.2,132427.0,2503100.0,383.0
98,08,1995JJ00,0.0,167.0,0.0,10217.0,0.0,1880.0,13609.0,81141.0,7.0,2606046.0,56118958.0,8218.0
99,08,1996JJ00,0.0,168.0,1.0,10735.0,0.0,1911.0,13935.0,82113.0,7.2,1208088.0,24215880.0,3630.0
100,08,1997JJ00,0.0,169.0,2.0,11081.0,0.0,1942.0,14262.0,83084.0,7.4,2049899.0,24197052.0,4470.0
101,08,1998JJ00,0.0,170.0,2.0,11427.0,0.0,2005.0,14915.0,85028.0,7.6,5076377.0,70831348.0,12160.0
102,08,1999JJ00,0.0,171.0,3.0,11773.0,0.0,2067.0,15568.0,86971.0,7.8,3103451.0,42547791.0,7358.0
103,08,2000JJ00,0.0,172.0,3.0,11946.0,0.0,2192.0,16874.0,90857.0,8.0,2871905.0,59326310.0,8805.0
104,08,2001JJ00,0.0,172.0,3.0,11118.0,0.0,2046.0,16325.0,87676.0,7.6,2895528.0,42971435.0,7193.0
105,08,2002JJ00,0.0,124.0,2.0,10291.0,0.0,1900.0,15777.0,84494.0,6.9,2870682.0,36007836.0,6471.0
106,08,2003JJ00,0.0,124.0,1.0,9464.0,0.0,1754.0,14680.0,78130.0,6.4,1445374.0,21032710.0,3549.0
107,08,2004JJ00,0.0,100.0,1.0,8637.0,0.0,1609.0,13583.0,71766.0,5.8,1732924.0,32916639.0,5025.0
108,08,2005JJ00,0.0,109.0,0.0,7809.0,0.0,1463.0,11389.0,59038.0,5.2,1948587.0,31038537.0,5052.0
109,08,2006JJ00,0.0,103.0,0.0,8313.0,0.0,1505.0,11378.0,59471.0,5.3,1775192.0,29710085.0,4746.0
110,08,2007JJ00,0.0,157.0,0.0,12777.0,0.0,2011.0,15550.0,89627.0,8.1,2765618.0,54405163.0,8206.0
111,08,2008JJ00,0.0,123.0,0.0,9707.0,0.0,1687.0,12912.0,70714.0,6.3,2107649.0,36347344.0,5742.0
112,09,1995JJ00,0.0,11.0,0.0,531.0,0.0,167.0,505.0,3452.0,0.4,147466.0,2468399.0,394.0
113,09,1996JJ00,0.0,11.0,1.0,565.0,0.0,168.0,522.0,3510.0,0.4,214805.0,3086059.0,523.0
114,09,1997JJ00,0.0,12.0,1.0,587.0,0.0,170.0,539.0,3568.0,0.4,372484.0,3252484.0,698.0
115,09,1998JJ00,0.0,12.0,1.0,609.0,0.0,173.0,573.0,3685.0,0.4,974760.0,10020637.0,1977.0
116,09,1999JJ00,0.0,12.0,2.0,632.0,0.0,176.0,607.0,3801.0,0.4,636645.0,6285056.0,1265.0
117,09,2000JJ00,0.0,12.0,2.0,643.0,0.0,182.0,675.0,4034.0,0.4,169703.0,2671600.0,437.0
118,09,2001JJ00,0.0,12.0,2.0,618.0,0.0,176.0,657.0,3929.0,0.4,610611.0,6364967.0,1247.0
119,09,2002JJ00,0.0,16.0,1.0,592.0,0.0,171.0,640.0,3825.0,0.4,652830.0,5929079.0,1246.0
120,09,2003JJ00,0.0,16.0,1.0,567.0,0.0,165.0,605.0,3616.0,0.4,152147.0,2335181.0,386.0
121,09,2004JJ00,0.0,18.0,0.0,542.0,0.0,160.0,569.0,3408.0,0.4,392503.0,5488790.0,941.0
122,09,2005JJ00,0.0,9.0,0.0,517.0,0.0,154.0,499.0,2990.0,0.3,128693.0,1623449.0,291.0
123,09,2006JJ00,0.0,8.0,0.0,538.0,0.0,151.0,497.0,3150.0,0.3,114140.0,1532807.0,267.0
124,09,2007JJ00,0.0,11.0,0.0,837.0,0.0,185.0,815.0,5036.0,0.5,171809.0,2499850.0,422.0
125,09,2008JJ00,0.0,9.0,0.0,641.0,0.0,162.0,626.0,3773.0,0.4,127652.0,1770158.0,305.0
126,10,1995JJ00,0.0,1.0,0.0,2930.0,0.0,4.0,0.0,2189.0,1.1,0.0,0.0,0.0
127,10,1996JJ00,0.0,1.0,0.0,2922.0,0.0,4.0,0.0,2181.0,1.1,0.0,0.0,0.0
128,10,1997JJ00,0.0,1.0,0.0,2917.0,0.0,4.0,0.0,2174.0,1.1,0.0,0.0,0.0
129,10,1998JJ00,0.0,1.0,0.0,2912.0,0.0,4.0,0.0,2160.0,1.0,0.0,0.0,0.0
130,10,1999JJ00,0.0,1.0,0.0,2907.0,0.0,4.0,0.0,2145.0,1.0,0.0,0.0,0.0
131,10,2000JJ00,0.0,1.0,0.0,2904.0,0.0,3.0,0.0,2116.0,1.0,0.0,0.0,0.0
132,10,2001JJ00,0.0,1.0,0.0,2944.0,0.0,3.0,0.0,2082.0,1.1,0.0,0.0,0.0
133,10,2002JJ00,0.0,1.0,0.0,2983.0,0.0,3.0,0.0,2047.0,1.1,0.0,0.0,0.0
134,10,2003JJ00,0.0,1.0,0.0,3023.0,0.0,3.0,0.0,1910.0,1.1,0.0,0.0,0.0
135,10,2004JJ00,0.0,1.0,0.0,3062.0,0.0,3.0,0.0,1841.0,1.1,0.0,0.0,0.0
136,10,2005JJ00,0.0,1.0,0.0,3102.0,0.0,3.0,0.0,1733.0,1.1,0.0,0.0,0.0
137,10,2006JJ00,0.0,1.0,0.0,3142.0,0.0,3.0,0.0,1714.0,1.1,0.0,0.0,0.0
138,10,2007JJ00,0.0,1.0,0.0,3144.0,0.0,2.0,0.0,1728.0,1.1,0.0,0.0,0.0
139,10,2008JJ00,0.0,1.0,0.0,2702.0,0.0,2.0,0.0,1486.0,1.0,0.0,0.0,0.0
140,11,1995JJ00,11.0,3.0,39.0,43.0,0.0,45.0,29.0,317.0,0.0,84093.0,5604.0,85.0
141,11,1996JJ00,1.0,0.0,83.0,40.0,0.0,35.0,21.0,314.0,0.0,58891.0,11329.0,60.0
142,11,1997JJ00,7.0,0.0,112.0,38.0,0.0,28.0,16.0,311.0,0.0,42089.0,15145.0,44.0
143,11,1998JJ00,12.0,0.0,142.0,37.0,0.0,22.0,11.0,306.0,0.0,25287.0,18962.0,27.0
144,11,1999JJ00,19.0,0.0,171.0,35.0,0.0,15.0,5.0,300.0,0.0,8484.0,22779.0,11.0
145,11,2000JJ00,5.0,0.0,185.0,34.0,0.0,11.0,3.0,288.0,0.0,80.0,24687.0,3.0
146,11,2001JJ00,4.0,0.0,192.0,66.0,0.0,40.0,10.0,331.0,0.0,422.0,19726.0,2.0
147,11,2002JJ00,13.0,0.0,199.0,97.0,0.0,69.0,16.0,374.0,0.1,651.0,16418.0,2.0
148,11,2003JJ00,13.0,0.0,226.0,129.0,0.0,98.0,44.0,547.0,0.1,879.0,13111.0,2.0
149,11,2004JJ00,21.0,13.0,239.0,161.0,1.0,126.0,58.0,633.0,0.2,993.0,11457.0,2.0
150,11,2005JJ00,9.0,11.0,241.0,192.0,0.0,155.0,121.0,560.0,0.2,1208.0,13973.0,3.0
151,11,2006JJ00,7.0,2.0,221.0,118.0,0.0,15.0,46.0,790.0,0.1,1152.0,6649.0,2.0
152,11,2007JJ00,3.0,5.0,159.0,64.0,0.0,7.0,22.0,293.0,0.1,0.0,0.0,0.0
153,11,2008JJ00,2.0,1.0,150.0,88.0,0.0,7.0,223.0,303.0,0.1,0.0,0.0,0.0
154,12,1995JJ00,0.0,0.0,0.0,23.0,0.0,8.0,1.0,63.0,0.0,9.0,2579.0,0.0
155,12,1996JJ00,0.0,0.0,0.0,22.0,0.0,8.0,0.0,61.0,0.0,8.0,6232.0,1.0
156,12,1997JJ00,0.0,0.0,0.0,21.0,0.0,7.0,0.0,59.0,0.0,7.0,8667.0,1.0
157,12,1998JJ00,0.0,0.0,0.0,20.0,0.0,7.0,0.0,54.0,0.0,5.0,11102.0,1.0
158,12,1999JJ00,0.0,0.0,0.0,19.0,0.0,7.0,0.0,49.0,0.0,3.0,13537.0,1.0
159,12,2000JJ00,0.0,0.0,0.0,18.0,0.0,6.0,0.0,40.0,0.0,0.0,14755.0,1.0
160,12,2001JJ00,0.0,0.0,0.0,18.0,0.0,6.0,0.0,46.0,0.0,0.0,9721.0,1.0
161,12,2002JJ00,0.0,0.0,0.0,17.0,0.0,6.0,0.0,53.0,0.0,0.0,6365.0,1.0
162,12,2003JJ00,1.0,0.0,0.0,17.0,0.0,5.0,0.0,78.0,0.0,0.0,3010.0,0.0
163,12,2004JJ00,1.0,0.0,1.0,17.0,0.0,5.0,1.0,91.0,0.0,0.0,1332.0,0.0
164,12,2005JJ00,1.0,0.0,0.0,16.0,0.0,5.0,1.0,40.0,0.0,0.0,564.0,0.0
165,12,2006JJ00,0.0,0.0,0.0,15.0,0.0,5.0,0.0,36.0,0.0,0.0,0.0,0.0
166,12,2007JJ00,0.0,0.0,0.0,15.0,0.0,4.0,0.0,29.0,0.0,0.0,0.0,0.0
167,12,2008JJ00,0.0,0.0,0.0,15.0,0.0,4.0,0.0,30.0,0.0,0.0,0.0,0.0
168,13,1995JJ00,11.0,3.0,39.0,20.0,0.0,37.0,28.0,254.0,0.0,84084.0,3025.0,84.0
169,13,1996JJ00,1.0,0.0,83.0,19.0,0.0,27.0,21.0,253.0,0.0,58883.0,5097.0,59.0
170,13,1997JJ00,7.0,0.0,112.0,18.0,0.0,21.0,16.0,253.0,0.0,42082.0,6478.0,43.0
171,13,1998JJ00,12.0,0.0,142.0,17.0,0.0,15.0,10.0,252.0,0.0,25281.0,7860.0,26.0
172,13,1999JJ00,19.0,0.0,171.0,16.0,0.0,8.0,5.0,251.0,0.0,8481.0,9242.0,9.0
173,13,2000JJ00,5.0,0.0,185.0,16.0,0.0,5.0,3.0,248.0,0.0,80.0,9932.0,1.0
174,13,2001JJ00,4.0,0.0,192.0,48.0,0.0,34.0,10.0,285.0,0.0,422.0,10004.0,1.0
175,13,2002JJ00,13.0,0.0,199.0,80.0,0.0,63.0,16.0,322.0,0.1,651.0,10053.0,2.0
176,13,2003JJ00,12.0,0.0,225.0,112.0,0.0,92.0,43.0,469.0,0.1,879.0,10101.0,2.0
177,13,2004JJ00,21.0,13.0,239.0,144.0,1.0,121.0,57.0,542.0,0.2,993.0,10125.0,2.0
178,13,2005JJ00,8.0,11.0,241.0,176.0,0.0,150.0,120.0,519.0,0.2,1208.0,13409.0,3.0
179,13,2006JJ00,7.0,2.0,221.0,102.0,0.0,10.0,46.0,754.0,0.1,1152.0,6649.0,2.0
180,13,2007JJ00,3.0,5.0,159.0,49.0,0.0,3.0,22.0,263.0,0.1,0.0,0.0,0.0
181,13,2008JJ00,2.0,1.0,150.0,73.0,0.0,2.0,223.0,273.0,0.1,0.0,0.0,0.0
182,14,1995JJ00,1837.0,820.0,38703.0,36736.0,299.0,12034.0,33341.0,85084.0,31.4,5247197.0,14565499.0,6704.0
183,14,1996JJ00,1767.0,573.0,33403.0,34095.0,242.0,9870.0,28707.0,79800.0,26.9,5006913.0,12868057.0,6294.0
184,14,1997JJ00,1807.0,591.0,30710.0,32505.0,213.0,8856.0,25618.0,76847.0,25.2,4905773.0,12385998.0,6144.0
185,14,1998JJ00,1772.0,434.0,28470.0,30875.0,168.0,7776.0,22529.0,71856.0,22.1,4937510.0,12067841.0,6144.0
186,14,1999JJ00,1805.0,351.0,25945.0,29220.0,117.0,6924.0,19440.0,66451.0,19.1,4693860.0,11755393.0,5869.0
187,14,2000JJ00,1800.0,327.0,24205.0,28406.0,32.0,6408.0,17895.0,56163.0,15.4,3126976.0,11397763.0,4267.0
188,14,2001JJ00,1490.0,301.0,23433.0,26798.0,30.0,5775.0,17789.0,57350.0,14.7,1906159.0,11558174.0,3062.0
189,14,2002JJ00,1271.0,303.0,21652.0,25204.0,31.0,5142.0,17867.0,58537.0,14.1,1705024.0,11725890.0,2878.0
190,14,2003JJ00,1260.0,253.0,22085.0,23721.0,34.0,4510.0,18072.0,63286.0,13.6,1730654.0,12022847.0,2933.0
191,14,2004JJ00,1255.0,238.0,23025.0,22506.0,40.0,3877.0,17476.0,65660.0,13.4,1678254.0,11274454.0,2806.0
192,14,2005JJ00,1059.0,184.0,23290.0,20684.0,45.0,3244.0,16258.0,45501.0,12.0,1805826.0,11808352.0,2987.0
193,14,2006JJ00,844.0,180.0,23971.0,17529.0,38.0,2953.0,16756.0,36056.0,10.4,1578220.0,10906329.0,2669.0
194,14,2007JJ00,1082.0,345.0,21492.0,15907.0,29.0,2502.0,15802.0,28186.0,10.0,1470814.0,10497904.0,2521.0
195,14,2008JJ00,1087.0,353.0,20972.0,14224.0,22.0,2640.0,14834.0,31917.0,9.4,1612330.0,9837116.0,2596.0
196,15,1995JJ00,225.0,86.0,3583.0,3848.0,11.0,944.0,2456.0,12200.0,2.7,1826272.0,5697912.0,2396.0
197,15,1996JJ00,161.0,72.0,3273.0,3524.0,10.0,252.0,2171.0,11796.0,2.4,1728852.0,5557664.0,2285.0
198,15,1997JJ00,116.0,58.0,3067.0,3308.0,9.0,220.0,1981.0,11391.0,2.2,1663905.0,5464166.0,2210.0
199,15,1998JJ00,92.0,44.0,2861.0,3092.0,7.0,122.0,1791.0,10583.0,2.0,1598958.0,5370667.0,2136.0
200,15,1999JJ00,81.0,29.0,2655.0,2876.0,5.0,252.0,1601.0,9774.0,1.7,1534011.0,5277169.0,2062.0
201,15,2000JJ00,82.0,15.0,2552.0,2768.0,1.0,226.0,1506.0,8157.0,1.4,1501537.0,5230420.0,2025.0
202,15,2001JJ00,72.0,17.0,2635.0,2658.0,1.0,220.0,1499.0,8330.0,1.4,1388000.0,5265668.0,1915.0
203,15,2002JJ00,130.0,17.0,2719.0,2548.0,1.0,213.0,1492.0,8503.0,1.4,1312309.0,5275195.0,1840.0
204,15,2003JJ00,105.0,13.0,2802.0,2438.0,1.0,207.0,1463.0,9194.0,1.3,1236617.0,5464212.0,1783.0
205,15,2004JJ00,79.0,9.0,2886.0,2328.0,1.0,200.0,1449.0,9539.0,1.3,1198772.0,4559255.0,1655.0
206,15,2005JJ00,145.0,11.0,2969.0,2218.0,1.0,194.0,1742.0,8036.0,1.2,1394821.0,4404493.0,1835.0
207,15,2006JJ00,96.0,9.0,2700.0,1361.0,1.0,155.0,1418.0,6775.0,0.9,1137737.0,4508236.0,1589.0
208,15,2007JJ00,144.0,2.0,2322.0,793.0,1.0,100.0,1324.0,3123.0,0.5,1075855.0,4625791.0,1538.0
209,15,2008JJ00,63.0,5.0,2329.0,587.0,1.0,84.0,1293.0,2136.0,0.4,1121835.0,3752664.0,1497.0
210,16,1995JJ00,10.0,3.0,3408.0,3000.0,0.0,90.0,752.0,4777.0,1.3,51490.0,627072.0,114.0
211,16,1996JJ00,1.0,2.0,2820.0,3051.0,0.0,114.0,707.0,4478.0,1.3,19496.0,628019.0,82.0
212,16,1997JJ00,4.0,0.0,2428.0,3085.0,0.0,130.0,677.0,4178.0,1.3,2309.0,628651.0,65.0
213,16,1998JJ00,3.0,1.0,2036.0,3119.0,0.0,145.0,647.0,3580.0,1.3,6626.0,629282.0,70.0
214,16,1999JJ00,4.0,1.0,1644.0,3153.0,0.0,161.0,617.0,2981.0,1.2,3928.0,629914.0,67.0
215,16,2000JJ00,1.0,0.0,1448.0,3170.0,0.0,169.0,602.0,1783.0,1.2,9533.0,630229.0,73.0
216,16,2001JJ00,3.0,0.0,1303.0,2900.0,0.0,148.0,579.0,1786.0,1.1,4163.0,616940.0,66.0
217,16,2002JJ00,5.0,2.0,987.0,2631.0,0.0,127.0,555.0,1789.0,1.0,6661.0,608081.0,67.0
218,16,2003JJ00,12.0,1.0,1203.0,2361.0,0.0,106.0,460.0,1800.0,0.9,5925.0,599221.0,66.0
219,16,2004JJ00,12.0,1.0,1167.0,2092.0,0.0,85.0,412.0,1805.0,0.8,6901.0,594791.0,66.0
220,16,2005JJ00,0.0,1.0,963.0,1822.0,0.0,64.0,283.0,1774.0,0.7,8589.0,386220.0,47.0
221,16,2006JJ00,3.0,0.0,776.0,1329.0,0.0,26.0,365.0,1329.0,0.5,9703.0,410901.0,51.0
222,16,2007JJ00,1.0,0.0,552.0,558.0,0.0,3.0,312.0,2298.0,0.3,9692.0,862018.0,96.0
223,16,2008JJ00,59.0,1.0,664.0,1088.0,0.0,14.0,479.0,4453.0,0.6,7308.0,692037.0,77.0
224,17,1995JJ00,4.0,1.0,989.0,1720.0,3.0,102.0,273.0,5333.0,0.9,61742.0,645463.0,126.0
225,17,1996JJ00,24.0,1.0,859.0,1437.0,3.0,108.0,301.0,5061.0,0.8,61544.0,568355.0,118.0
226,17,1997JJ00,74.0,2.0,772.0,1249.0,3.0,112.0,320.0,4789.0,0.7,61412.0,516949.0,113.0
227,17,1998JJ00,83.0,3.0,685.0,1060.0,3.0,115.0,339.0,4245.0,0.7,61279.0,465544.0,108.0
228,17,1999JJ00,98.0,5.0,598.0,872.0,3.0,119.0,357.0,3701.0,0.6,61147.0,414138.0,103.0
229,17,2000JJ00,87.0,8.0,555.0,778.0,2.0,121.0,367.0,2613.0,0.5,61081.0,388435.0,100.0
230,17,2001JJ00,62.0,8.0,572.0,658.0,3.0,110.0,368.0,2724.0,0.5,54322.0,411417.0,95.0
231,17,2002JJ00,72.0,8.0,589.0,571.0,3.0,99.0,368.0,2834.0,0.5,49815.0,426738.0,92.0
232,17,2003JJ00,57.0,8.0,659.0,552.0,4.0,89.0,372.0,3275.0,0.5,45309.0,442059.0,90.0
233,17,2004JJ00,39.0,8.0,694.0,573.0,4.0,78.0,373.0,3495.0,0.5,43056.0,449720.0,88.0
234,17,2005JJ00,44.0,8.0,779.0,549.0,5.0,67.0,354.0,2182.0,0.5,45804.0,432434.0,89.0
235,17,2006JJ00,41.0,9.0,664.0,807.0,3.0,121.0,448.0,2257.0,0.5,40718.0,480861.0,89.0
236,17,2007JJ00,42.0,56.0,664.0,942.0,1.0,108.0,504.0,2150.0,0.7,24010.0,391476.0,63.0
237,17,2008JJ00,49.0,16.0,525.0,581.0,2.0,73.0,450.0,3184.0,0.5,37166.0,425002.0,80.0
238,18,1995JJ00,1.0,0.0,1487.0,250.0,0.0,6.0,720.0,82.0,0.1,129.0,9839.0,1.0
239,18,1996JJ00,0.0,0.0,1482.0,193.0,0.0,6.0,702.0,82.0,0.1,114.0,7302.0,1.0
240,18,1997JJ00,0.0,0.0,1479.0,155.0,0.0,7.0,689.0,82.0,0.1,105.0,5610.0,1.0
241,18,1998JJ00,0.0,0.0,1475.0,117.0,0.0,7.0,677.0,82.0,0.1,95.0,3918.0,0.0
242,18,1999JJ00,0.0,0.0,1472.0,79.0,0.0,8.0,665.0,82.0,0.1,85.0,2227.0,0.0
243,18,2000JJ00,0.0,0.0,1470.0,60.0,0.0,8.0,659.0,82.0,0.1,80.0,1381.0,0.0
244,18,2001JJ00,0.0,0.0,1491.0,56.0,0.0,7.0,657.0,94.0,0.1,57.0,953.0,0.0
245,18,2002JJ00,0.0,0.0,1501.0,52.0,0.0,5.0,654.0,105.0,0.1,41.0,668.0,0.0
246,18,2003JJ00,0.0,0.0,1502.0,48.0,0.0,4.0,643.0,151.0,0.1,25.0,383.0,0.0
247,18,2004JJ00,0.0,0.0,1427.0,44.0,0.0,2.0,638.0,173.0,0.1,17.0,240.0,0.0
248,18,2005JJ00,0.0,0.0,1439.0,40.0,0.0,1.0,642.0,28.0,0.1,17.0,356.0,0.0
249,18,2006JJ00,0.0,0.0,1454.0,36.0,0.0,1.0,646.0,26.0,0.1,0.0,312.0,0.0
250,18,2007JJ00,0.0,0.0,1456.0,2.0,0.0,1.0,647.0,21.0,0.1,0.0,0.0,0.0
251,18,2008JJ00,0.0,0.0,1465.0,13.0,0.0,1.0,651.0,20.0,0.1,0.0,0.0,0.0
252,19,1995JJ00,59.0,1.0,164.0,46.0,15.0,35.0,86.0,955.0,0.6,5861.0,352191.0,41.0
253,19,1996JJ00,34.0,0.0,168.0,737.0,1.0,36.0,159.0,924.0,0.3,6707.0,423274.0,49.0
254,19,1997JJ00,40.0,0.0,171.0,1198.0,0.0,36.0,208.0,892.0,0.4,7271.0,470664.0,54.0
255,19,1998JJ00,13.0,1.0,174.0,1659.0,1.0,36.0,257.0,830.0,0.6,7834.0,518053.0,60.0
256,19,1999JJ00,26.0,1.0,177.0,2120.0,0.0,37.0,305.0,767.0,0.8,8398.0,565442.0,65.0
257,19,2000JJ00,33.0,3.0,179.0,2351.0,0.0,37.0,330.0,642.0,0.8,8680.0,589137.0,68.0
258,19,2001JJ00,16.0,2.0,220.0,1894.0,0.0,43.0,408.0,978.0,0.7,12306.0,573723.0,70.0
259,19,2002JJ00,63.0,1.0,261.0,1437.0,0.0,48.0,487.0,1315.0,0.6,15931.0,563447.0,72.0
260,19,2003JJ00,83.0,9.0,302.0,981.0,4.0,54.0,801.0,2661.0,0.6,30433.0,553171.0,86.0
261,19,2004JJ00,311.0,7.0,344.0,524.0,13.0,60.0,958.0,3335.0,0.8,37684.0,548034.0,92.0
262,19,2005JJ00,119.0,8.0,385.0,67.0,20.0,65.0,725.0,1216.0,0.8,50724.0,506980.0,101.0
263,19,2006JJ00,95.0,1.0,504.0,110.0,13.0,24.0,1108.0,1285.0,0.5,33827.0,485487.0,82.0
264,19,2007JJ00,115.0,2.0,410.0,221.0,16.0,13.0,1061.0,693.0,0.7,34206.0,506579.0,85.0
265,19,2008JJ00,157.0,5.0,156.0,184.0,7.0,17.0,823.0,1042.0,0.4,27075.0,418039.0,69.0
266,20,1995JJ00,632.0,503.0,7442.0,8037.0,212.0,5194.0,6224.0,23332.0,13.6,3113185.0,4281371.0,3541.0
267,20,1996JJ00,608.0,300.0,5195.0,6996.0,193.0,4063.0,5365.0,23575.0,11.5,3012183.0,3675259.0,3380.0
268,20,1997JJ00,593.0,323.0,4532.0,6303.0,174.0,3309.0,4792.0,23818.0,10.7,2999755.0,3271185.0,3327.0
269,20,1998JJ00,577.0,190.0,4289.0,5609.0,137.0,2555.0,4219.0,24303.0,8.5,3098701.0,2867110.0,3385.0
270,20,1999JJ00,561.0,130.0,3760.0,4916.0,99.0,1801.0,3647.0,24789.0,6.7,2929274.0,2463036.0,3176.0
271,20,2000JJ00,554.0,114.0,2915.0,4569.0,23.0,1423.0,3360.0,25760.0,4.0,1392548.0,2260998.0,1619.0
272,20,2001JJ00,530.0,100.0,3158.0,4367.0,21.0,1432.0,3180.0,25969.0,3.8,301354.0,2137297.0,515.0
273,20,2002JJ00,506.0,103.0,2630.0,4165.0,20.0,1440.0,3183.0,26178.0,3.6,178513.0,2054830.0,384.0
274,20,2003JJ00,411.0,111.0,2699.0,3963.0,18.0,1449.0,3090.0,27015.0,3.6,267279.0,1972363.0,465.0
275,20,2004JJ00,363.0,137.0,2868.0,3762.0,16.0,1457.0,2345.0,27434.0,3.6,245103.0,1931129.0,438.0
276,20,2005JJ00,460.0,114.0,3644.0,3560.0,14.0,1466.0,2146.0,21034.0,3.2,174433.0,2503227.0,425.0
277,20,2006JJ00,354.0,96.0,3312.0,2966.0,14.0,1008.0,2592.0,11362.0,2.5,170742.0,1737388.0,344.0
278,20,2007JJ00,574.0,219.0,2590.0,1856.0,6.0,1110.0,1956.0,10791.0,2.5,141109.0,1985986.0,340.0
279,20,2008JJ00,514.0,223.0,2687.0,2514.0,8.0,923.0,1954.0,10556.0,2.8,174565.0,1833325.0,358.0
280,21,1995JJ00,23.0,11.0,639.0,518.0,4.0,410.0,549.0,5076.0,0.6,78163.0,477328.0,126.0
281,21,1996JJ00,17.0,15.0,649.0,477.0,4.0,351.0,588.0,2395.0,0.5,77648.0,598367.0,137.0
282,21,1997JJ00,19.0,19.0,655.0,450.0,4.0,311.0,614.0,2045.0,0.5,77305.0,679059.0,145.0
283,21,1998JJ00,25.0,27.0,661.0,423.0,3.0,272.0,640.0,2261.0,0.5,76962.0,759751.0,153.0
284,21,1999JJ00,29.0,35.0,668.0,396.0,3.0,232.0,665.0,2063.0,0.5,76618.0,840443.0,161.0
285,21,2000JJ00,24.0,51.0,671.0,382.0,1.0,212.0,678.0,2189.0,0.5,76447.0,880789.0,165.0
286,21,2001JJ00,26.0,45.0,678.0,378.0,1.0,186.0,658.0,2168.0,0.5,71166.0,960369.0,167.0
287,21,2002JJ00,21.0,46.0,685.0,374.0,1.0,160.0,638.0,2147.0,0.5,67645.0,1013423.0,169.0
288,21,2003JJ00,224.0,32.0,712.0,370.0,1.0,133.0,557.0,2064.0,0.4,64125.0,1066477.0,171.0
289,21,2004JJ00,137.0,14.0,726.0,366.0,1.0,107.0,516.0,2022.0,0.3,62364.0,1093003.0,172.0
290,21,2005JJ00,53.0,6.0,705.0,361.0,1.0,81.0,394.0,1358.0,0.3,69022.0,1008657.0,170.0
291,21,2006JJ00,48.0,5.0,731.0,388.0,2.0,59.0,559.0,1857.0,0.3,74014.0,1498457.0,224.0
292,21,2007JJ00,58.0,5.0,722.0,361.0,1.0,61.0,493.0,1145.0,0.3,40302.0,1033419.0,144.0
293,21,2008JJ00,66.0,2.0,683.0,410.0,1.0,55.0,362.0,1522.0,0.3,88796.0,1727447.0,262.0
294,22,1995JJ00,0.0,33.0,523.0,440.0,0.0,42.0,215.0,204.0,0.3,2979.0,19247.0,5.0
295,22,1996JJ00,0.0,30.0,528.0,323.0,0.0,32.0,225.0,202.0,0.3,3907.0,18707.0,6.0
296,22,1997JJ00,4.0,28.0,532.0,245.0,0.0,25.0,231.0,199.0,0.3,4527.0,18348.0,6.0
297,22,1998JJ00,1.0,22.0,536.0,168.0,0.0,17.0,238.0,195.0,0.2,5146.0,17988.0,7.0
298,22,1999JJ00,2.0,16.0,540.0,90.0,0.0,10.0,244.0,190.0,0.1,5765.0,17628.0,8.0
299,22,2000JJ00,1.0,5.0,542.0,51.0,0.0,7.0,248.0,180.0,0.1,6075.0,17448.0,8.0
300,22,2001JJ00,0.0,0.0,547.0,45.0,0.0,7.0,250.0,221.0,0.0,8581.0,13093.0,10.0
301,22,2002JJ00,0.0,0.0,553.0,38.0,0.0,7.0,252.0,262.0,0.0,11086.0,65502.0,18.0
302,22,2003JJ00,0.0,0.0,575.0,32.0,0.0,7.0,260.0,428.0,0.1,21109.0,108984.0,32.0
303,22,2004JJ00,0.0,0.0,586.0,26.0,0.0,7.0,264.0,511.0,0.1,26120.0,197747.0,46.0
304,22,2005JJ00,0.0,0.0,596.0,19.0,0.0,7.0,266.0,742.0,0.1,4299.0,336127.0,38.0
305,22,2006JJ00,0.0,0.0,605.0,39.0,0.0,73.0,277.0,499.0,0.1,5617.0,307487.0,36.0
306,22,2007JJ00,0.0,0.0,604.0,25.0,0.0,15.0,274.0,355.0,0.0,8657.0,65106.0,15.0
307,22,2008JJ00,0.0,0.0,613.0,19.0,0.0,11.0,274.0,339.0,0.0,4875.0,64890.0,11.0
308,23,1995JJ00,875.0,110.0,2693.0,1660.0,42.0,720.0,2233.0,14852.0,3.2,31182.0,1140496.0,145.0
309,23,1996JJ00,915.0,111.0,2507.0,1680.0,30.0,849.0,1990.0,13943.0,2.8,29356.0,605431.0,90.0
310,23,1997JJ00,941.0,112.0,2382.0,1693.0,22.0,935.0,1829.0,13034.0,2.5,28139.0,522863.0,80.0
311,23,1998JJ00,967.0,115.0,2258.0,1706.0,14.0,1021.0,1667.0,11216.0,2.2,26921.0,625984.0,90.0
312,23,1999JJ00,994.0,118.0,2134.0,1720.0,7.0,1108.0,1505.0,9398.0,1.9,25704.0,663702.0,92.0
313,23,2000JJ00,1007.0,123.0,2072.0,1726.0,3.0,1151.0,1424.0,5762.0,1.7,25095.0,511783.0,76.0
314,23,2001JJ00,754.0,113.0,1959.0,1499.0,3.0,1009.0,1381.0,5673.0,1.5,21813.0,477535.0,70.0
315,23,2002JJ00,451.0,104.0,1845.0,1272.0,5.0,867.0,1338.0,5584.0,1.5,19625.0,474137.0,67.0
316,23,2003JJ00,350.0,65.0,1391.0,1045.0,6.0,725.0,1165.0,5230.0,1.2,17436.0,429417.0,60.0
317,23,2004JJ00,289.0,46.0,1164.0,817.0,5.0,583.0,1078.0,5053.0,0.9,16342.0,442628.0,61.0
318,23,2005JJ00,221.0,26.0,1244.0,590.0,4.0,441.0,1001.0,2998.0,0.7,17853.0,481934.0,66.0
319,23,2006JJ00,190.0,37.0,1276.0,571.0,5.0,763.0,1081.0,2459.0,0.7,14838.0,460111.0,61.0
320,23,2007JJ00,142.0,54.0,919.0,466.0,3.0,720.0,1211.0,2394.0,0.7,15197.0,525069.0,68.0
321,23,2008JJ00,175.0,87.0,488.0,302.0,4.0,1357.0,758.0,3036.0,0.9,14317.0,619229.0,76.0
322,24,1995JJ00,2.0,51.0,10317.0,3240.0,10.0,1424.0,12764.0,10352.0,2.5,24417.0,667729.0,91.0
323,24,1996JJ00,0.0,15.0,8610.0,2990.0,0.0,1218.0,10359.0,9832.0,1.8,19700.0,104589.0,30.0
324,24,1997JJ00,1.0,6.0,7473.0,2823.0,0.0,1081.0,8755.0,9312.0,1.6,16555.0,104589.0,27.0
325,24,1998JJ00,1.0,0.0,6336.0,2656.0,0.0,944.0,7152.0,8273.0,1.5,13411.0,82802.0,22.0
326,24,1999JJ00,1.0,0.0,5198.0,2489.0,0.0,807.0,5548.0,7234.0,1.3,10267.0,132127.0,23.0
327,24,2000JJ00,1.0,0.0,4630.0,2405.0,0.0,739.0,4746.0,5155.0,1.2,8694.0,126161.0,21.0
328,24,2001JJ00,12.0,1.0,3637.0,2155.0,0.0,627.0,4759.0,5253.0,1.1,11666.0,141383.0,26.0
329,24,2002JJ00,10.0,1.0,2601.0,1905.0,0.0,516.0,4773.0,5352.0,1.0,13647.0,151532.0,29.0
330,24,2003JJ00,9.0,1.0,2861.0,1656.0,0.0,405.0,4826.0,5745.0,0.9,15628.0,161680.0,32.0
331,24,2004JJ00,8.0,1.0,3635.0,1406.0,0.0,293.0,4852.0,5941.0,0.8,16619.0,166754.0,33.0
332,24,2005JJ00,10.0,1.0,3122.0,1156.0,1.0,182.0,4374.0,4115.0,0.7,19761.0,119237.0,32.0
333,24,2006JJ00,8.0,10.0,4264.0,1280.0,0.0,187.0,3728.0,5661.0,0.8,19685.0,174463.0,37.0
334,24,2007JJ00,0.0,0.0,3616.0,1202.0,0.0,169.0,4162.0,3600.0,0.7,5697.0,325957.0,38.0
335,24,2008JJ00,0.0,0.0,3487.0,383.0,0.0,27.0,4307.0,4666.0,0.4,34436.0,196004.0,54.0
336,25,1995JJ00,0.0,0.0,1177.0,3.0,0.0,1.0,523.0,31.0,0.0,0.0,0.0,0.0
337,25,1996JJ00,0.0,0.0,1237.0,3.0,0.0,1.0,550.0,32.0,0.1,0.0,0.0,0.0
338,25,1997JJ00,0.0,0.0,1278.0,3.0,0.0,1.0,568.0,33.0,0.1,0.0,0.0,0.0
339,25,1998JJ00,0.0,0.0,1318.0,3.0,0.0,1.0,586.0,35.0,0.1,0.0,0.0,0.0
340,25,1999JJ00,0.0,0.0,1359.0,3.0,0.0,1.0,604.0,36.0,0.1,0.0,0.0,0.0
341,25,2000JJ00,0.0,0.0,1379.0,4.0,0.0,1.0,613.0,39.0,0.1,0.0,0.0,0.0
342,25,2001JJ00,0.0,0.0,1410.0,3.0,0.0,1.0,620.0,70.0,0.1,0.0,0.0,0.0
343,25,2002JJ00,0.0,0.0,1427.0,3.0,0.0,1.0,626.0,101.0,0.1,0.0,0.0,0.0
344,25,2003JJ00,0.0,0.0,1425.0,3.0,0.0,1.0,654.0,225.0,0.1,0.0,0.0,0.0
345,25,2004JJ00,0.0,0.0,1497.0,3.0,0.0,1.0,667.0,287.0,0.1,0.0,0.0,0.0
346,25,2005JJ00,0.0,0.0,1541.0,3.0,0.0,1.0,685.0,32.0,0.1,0.0,0.0,0.0
347,25,2006JJ00,0.0,0.0,1557.0,3.0,0.0,1.0,692.0,34.0,0.1,0.0,0.0,0.0
348,25,2007JJ00,0.0,0.0,1643.0,3.0,0.0,1.0,730.0,32.0,0.1,0.0,0.0,0.0
349,25,2008JJ00,0.0,0.0,1711.0,3.0,0.0,1.0,761.0,31.0,0.1,0.0,0.0,0.0
350,26,1995JJ00,1.0,5.0,2617.0,6064.0,2.0,2841.0,4629.0,6914.0,2.6,48460.0,580498.0,107.0
351,26,1996JJ00,1.0,11.0,2360.0,4978.0,2.0,2620.0,3615.0,6467.0,2.2,43534.0,598169.0,103.0
352,26,1997JJ00,9.0,29.0,2189.0,4254.0,1.0,2472.0,2939.0,6021.0,2.0,40249.0,609950.0,101.0
353,26,1998JJ00,8.0,19.0,2018.0,3530.0,1.0,2325.0,2262.0,5127.0,1.6,36965.0,621731.0,99.0
354,26,1999JJ00,8.0,8.0,1846.0,2806.0,0.0,2177.0,1586.0,4234.0,1.3,33681.0,633512.0,97.0
355,26,2000JJ00,8.0,6.0,1761.0,2444.0,0.0,2103.0,1248.0,2448.0,1.1,32039.0,639402.0,96.0
356,26,2001JJ00,15.0,13.0,1763.0,2469.0,0.0,1794.0,1291.0,2667.0,1.1,28291.0,836560.0,112.0
357,26,2002JJ00,11.0,19.0,1765.0,2494.0,0.0,1486.0,1334.0,2886.0,1.2,25792.0,967999.0,123.0
358,26,2003JJ00,9.0,10.0,1773.0,2519.0,0.0,1177.0,1507.0,3761.0,1.1,23293.0,1099437.0,133.0
359,26,2004JJ00,11.0,12.0,1777.0,2544.0,0.0,868.0,1593.0,4199.0,1.2,22044.0,1165157.0,139.0
360,26,2005JJ00,4.0,9.0,1593.0,2569.0,0.0,560.0,1071.0,806.0,1.0,16158.0,1504361.0,167.0
361,26,2006JJ00,5.0,12.0,1699.0,886.0,0.0,408.0,1615.0,1194.0,0.5,65986.0,713674.0,137.0
362,26,2007JJ00,5.0,6.0,1615.0,1841.0,0.0,117.0,1133.0,587.0,0.7,113828.0,76645.0,121.0
363,26,2008JJ00,3.0,14.0,1723.0,478.0,0.0,31.0,703.0,281.0,0.3,99650.0,3612.0,100.0
364,27,1995JJ00,0.0,16.0,920.0,7788.0,0.0,127.0,634.0,580.0,2.7,3089.0,33376.0,6.0
365,27,1996JJ00,0.0,15.0,916.0,7587.0,0.0,117.0,645.0,613.0,2.7,3586.0,34603.0,7.0
366,27,1997JJ00,0.0,13.0,914.0,7625.0,0.0,110.0,653.0,647.0,2.7,3917.0,35421.0,7.0
367,27,1998JJ00,0.0,10.0,911.0,7622.0,2.0,103.0,661.0,714.0,2.7,4248.0,36239.0,8.0
368,27,1999JJ00,0.0,7.0,908.0,7594.0,0.0,96.0,669.0,781.0,2.6,4579.0,37057.0,8.0
369,27,2000JJ00,0.0,0.0,907.0,7593.0,0.0,93.0,673.0,916.0,2.6,4745.0,37466.0,8.0
370,27,2001JJ00,0.0,0.0,907.0,7608.0,0.0,84.0,689.0,926.0,2.6,3574.0,40135.0,8.0
371,27,2002JJ00,0.0,0.0,908.0,7605.0,0.0,75.0,705.0,935.0,2.6,2793.0,41914.0,7.0
372,27,2003JJ00,0.0,1.0,909.0,7645.0,0.0,67.0,770.0,975.0,2.6,2012.0,43693.0,6.0
373,27,2004JJ00,0.0,0.0,910.0,7912.0,0.0,58.0,802.0,994.0,2.7,1622.0,44583.0,6.0
374,27,2005JJ00,0.0,0.0,910.0,7618.0,0.0,49.0,1024.0,673.0,2.6,2229.0,38941.0,6.0
375,27,2006JJ00,0.0,0.0,925.0,7644.0,0.0,52.0,658.0,779.0,2.6,1908.0,42811.0,6.0
376,27,2007JJ00,0.0,0.0,888.0,7580.0,0.0,52.0,450.0,746.0,2.6,648.0,25941.0,3.0
377,27,2008JJ00,0.0,0.0,922.0,7607.0,0.0,20.0,440.0,277.0,2.6,469.0,32941.0,4.0
378,28,1995JJ00,0.0,0.0,295.0,1.0,0.0,1.0,131.0,17.0,0.0,0.0,0.0,0.0
379,28,1996JJ00,0.0,0.0,302.0,1.0,0.0,0.0,134.0,16.0,0.0,0.0,15.0,0.0
380,28,1997JJ00,0.0,0.0,306.0,1.0,0.0,0.0,136.0,15.0,0.0,0.0,25.0,0.0
381,28,1998JJ00,0.0,1.0,310.0,1.0,0.0,0.0,138.0,14.0,0.0,0.0,35.0,0.0
382,28,1999JJ00,0.0,0.0,314.0,1.0,0.0,0.0,140.0,12.0,0.0,0.0,45.0,0.0
383,28,2000JJ00,0.0,0.0,316.0,1.0,0.0,0.0,141.0,10.0,0.0,0.0,50.0,0.0
384,28,2001JJ00,0.0,0.0,316.0,1.0,0.0,0.0,141.0,17.0,0.0,0.0,31.0,0.0
385,28,2002JJ00,0.0,0.0,316.0,1.0,0.0,0.0,140.0,24.0,0.0,0.0,19.0,0.0
386,28,2003JJ00,0.0,0.0,314.0,1.0,0.0,0.0,140.0,54.0,0.0,0.0,6.0,0.0
387,28,2004JJ00,0.0,0.0,313.0,1.0,0.0,0.0,139.0,68.0,0.0,0.0,0.0,0.0
388,28,2005JJ00,0.0,0.0,317.0,1.0,0.0,0.0,141.0,6.0,0.0,0.0,0.0,0.0
389,28,2006JJ00,0.0,0.0,320.0,0.0,0.0,0.0,142.0,5.0,0.0,0.0,0.0,0.0
390,28,2007JJ00,0.0,0.0,326.0,1.0,0.0,0.0,145.0,6.0,0.0,0.0,0.0,0.0
391,28,2008JJ00,0.0,0.0,343.0,0.0,0.0,0.0,152.0,5.0,0.0,0.0,0.0,0.0
392,29,1995JJ00,5.0,0.0,514.0,74.0,0.0,56.0,243.0,214.0,0.1,223.0,28011.0,3.0
393,29,1996JJ00,4.0,0.0,524.0,74.0,0.0,55.0,252.0,225.0,0.1,272.0,41558.0,4.0
394,29,1997JJ00,6.0,1.0,533.0,74.0,0.0,54.0,258.0,236.0,0.1,304.0,50590.0,5.0
395,29,1998JJ00,2.0,0.0,553.0,74.0,0.0,53.0,264.0,258.0,0.1,337.0,59622.0,6.0
396,29,1999JJ00,2.0,0.0,572.0,74.0,0.0,52.0,270.0,280.0,0.1,369.0,68654.0,7.0
397,29,2000JJ00,2.0,0.0,610.0,74.0,0.0,51.0,273.0,325.0,0.1,385.0,73170.0,8.0
398,29,2001JJ00,2.0,0.0,601.0,78.0,0.0,52.0,270.0,352.0,0.1,780.0,70354.0,8.0
399,29,2002JJ00,2.0,1.0,592.0,83.0,0.0,52.0,266.0,379.0,0.1,1043.0,68476.0,8.0
400,29,2003JJ00,1.0,1.0,557.0,87.0,0.0,53.0,252.0,487.0,0.1,1306.0,66599.0,8.0
401,29,2004JJ00,6.0,2.0,539.0,91.0,0.0,54.0,245.0,541.0,0.1,1438.0,65660.0,8.0
402,29,2005JJ00,1.0,1.0,563.0,95.0,0.0,54.0,251.0,446.0,0.1,2025.0,69856.0,9.0
403,29,2006JJ00,4.0,1.0,639.0,95.0,0.0,63.0,257.0,475.0,0.1,3113.0,70947.0,10.0
404,29,2007JJ00,1.0,0.0,570.0,52.0,0.0,30.0,245.0,223.0,0.1,1612.0,73507.0,9.0
405,29,2008JJ00,0.0,0.0,550.0,48.0,0.0,19.0,258.0,329.0,0.1,1839.0,71740.0,9.0
406,30,1995JJ00,0.0,0.0,1901.0,22.0,0.0,1.0,857.0,67.0,0.1,1.0,643.0,0.0
407,30,1996JJ00,0.0,0.0,1926.0,21.0,0.0,2.0,888.0,64.0,0.1,5.0,895.0,0.0
408,30,1997JJ00,1.0,0.0,1951.0,20.0,0.0,3.0,909.0,62.0,0.1,7.0,1063.0,0.0
409,30,1998JJ00,0.0,0.0,2000.0,19.0,0.0,4.0,929.0,58.0,0.1,10.0,1230.0,0.0
410,30,1999JJ00,0.0,0.0,2050.0,19.0,0.0,4.0,950.0,53.0,0.1,13.0,1398.0,0.0
411,30,2000JJ00,0.0,0.0,2149.0,18.0,0.0,5.0,960.0,44.0,0.1,14.0,1482.0,0.0
412,30,2001JJ00,0.0,0.0,2185.0,16.0,0.0,4.0,976.0,57.0,0.1,19.0,1039.0,0.0
413,30,2002JJ00,0.0,0.0,2221.0,14.0,0.0,3.0,991.0,71.0,0.1,22.0,743.0,0.0
414,30,2003JJ00,0.0,0.0,2365.0,12.0,0.0,2.0,1054.0,124.0,0.1,25.0,447.0,0.0
415,30,2004JJ00,0.0,0.0,2437.0,10.0,0.0,2.0,1085.0,150.0,0.1,27.0,300.0,0.0
416,30,2005JJ00,0.0,0.0,2462.0,8.0,0.0,1.0,1095.0,25.0,0.1,27.0,301.0,0.0
417,30,2006JJ00,0.0,0.0,2488.0,8.0,0.0,1.0,1106.0,26.0,0.1,27.0,301.0,0.0
418,30,2007JJ00,0.0,0.0,2543.0,2.0,0.0,1.0,1130.0,16.0,0.1,0.0,0.0,0.0
419,30,2008JJ00,0.0,0.0,2573.0,2.0,0.0,1.0,1144.0,16.0,0.1,0.0,0.0,0.0
420,31,1995JJ00,0.0,1.0,34.0,27.0,0.0,38.0,52.0,99.0,0.0,6.0,4323.0,0.0
421,31,1996JJ00,0.0,1.0,46.0,23.0,0.0,45.0,56.0,95.0,0.0,11.0,5849.0,1.0
422,31,1997JJ00,0.0,1.0,48.0,20.0,0.0,50.0,59.0,90.0,0.0,14.0,6867.0,1.0
423,31,1998JJ00,0.0,1.0,48.0,17.0,0.0,54.0,62.0,82.0,0.0,17.0,7885.0,1.0
424,31,1999JJ00,0.0,1.0,49.0,14.0,0.0,59.0,65.0,74.0,0.0,20.0,8902.0,1.0
425,31,2000JJ00,0.0,1.0,50.0,13.0,0.0,61.0,67.0,58.0,0.0,22.0,9411.0,1.0
426,31,2001JJ00,0.0,1.0,50.0,12.0,0.0,51.0,66.0,65.0,0.0,69.0,11677.0,1.0
427,31,2002JJ00,0.0,2.0,52.0,11.0,0.0,41.0,65.0,71.0,0.0,100.0,13187.0,1.0
428,31,2003JJ00,0.0,0.0,35.0,9.0,0.0,31.0,61.0,99.0,0.0,131.0,14698.0,2.0
429,31,2004JJ00,1.0,0.0,57.0,8.0,0.0,21.0,59.0,113.0,0.0,146.0,15453.0,2.0
430,31,2005JJ00,0.0,0.0,59.0,7.0,0.0,11.0,64.0,30.0,0.0,66.0,15227.0,2.0
431,31,2006JJ00,0.0,0.0,60.0,6.0,0.0,11.0,64.0,33.0,0.0,305.0,14893.0,2.0
432,31,2007JJ00,0.0,0.0,51.0,1.0,0.0,0.0,25.0,7.0,0.0,0.0,409.0,0.0
433,31,2008JJ00,0.0,0.0,53.0,4.0,0.0,7.0,25.0,23.0,0.0,0.0,186.0,0.0
434,32,1995JJ00,2.0,1.0,5.0,108.0,1.0,41.0,4.0,308.0,0.1,53.0,8636.0,1.0
435,32,1996JJ00,1.0,0.0,17.0,188.0,1.0,40.0,50.0,323.0,0.1,800.0,44797.0,5.0
436,32,1997JJ00,1.0,0.0,25.0,242.0,1.0,39.0,81.0,339.0,0.1,1298.0,68904.0,8.0
437,32,1998JJ00,1.0,0.0,32.0,296.0,1.0,38.0,111.0,370.0,0.1,1795.0,93012.0,11.0
438,32,1999JJ00,1.0,0.0,40.0,349.0,1.0,37.0,142.0,401.0,0.2,2293.0,117119.0,14.0
439,32,2000JJ00,1.0,1.0,44.0,376.0,0.0,37.0,157.0,463.0,0.1,2542.0,129173.0,15.0
440,32,2001JJ00,2.0,0.0,36.0,486.0,0.0,37.0,132.0,439.0,0.2,2652.0,244425.0,27.0
441,32,2002JJ00,2.0,0.0,28.0,595.0,0.0,36.0,108.0,415.0,0.2,2725.0,321259.0,35.0
442,32,2003JJ00,3.0,1.0,21.0,705.0,1.0,36.0,83.0,317.0,0.3,2799.0,398094.0,43.0
443,32,2004JJ00,4.0,1.0,13.0,814.0,1.0,35.0,58.0,268.0,0.3,2836.0,436511.0,46.0
444,32,2005JJ00,4.0,1.0,20.0,924.0,1.0,35.0,73.0,261.0,0.4,907.0,405812.0,41.0
445,32,2006JJ00,4.0,2.0,7.0,84.0,1.0,30.0,14.0,281.0,0.1,3221.0,94105.0,13.0
446,32,2007JJ00,2.0,2.0,4.0,89.0,1.0,44.0,9.0,221.0,0.1,1144.0,60621.0,7.0
447,32,2008JJ00,23.0,1.0,3.0,394.0,1.0,35.0,11.0,182.0,0.2,94033.0,42497.0,98.0
448,33,1995JJ00,2.0,1.0,5.0,87.0,1.0,33.0,4.0,244.0,0.1,53.0,8636.0,1.0
449,33,1996JJ00,1.0,0.0,17.0,168.0,1.0,33.0,50.0,262.0,0.1,800.0,16177.0,2.0
450,33,1997JJ00,1.0,0.0,25.0,222.0,1.0,32.0,81.0,280.0,0.1,1298.0,21204.0,3.0
451,33,1998JJ00,1.0,0.0,32.0,276.0,1.0,32.0,111.0,317.0,0.1,1795.0,26232.0,4.0
452,33,1999JJ00,1.0,0.0,40.0,330.0,1.0,31.0,142.0,353.0,0.1,2293.0,31259.0,5.0
453,33,2000JJ00,1.0,1.0,44.0,357.0,0.0,31.0,157.0,426.0,0.1,2542.0,33773.0,6.0
454,33,2001JJ00,1.0,0.0,36.0,465.0,0.0,31.0,132.0,400.0,0.2,2652.0,172822.0,20.0
455,33,2002JJ00,2.0,0.0,28.0,573.0,0.0,30.0,108.0,374.0,0.2,2725.0,265522.0,29.0
456,33,2003JJ00,3.0,1.0,21.0,681.0,1.0,30.0,83.0,272.0,0.3,2799.0,358221.0,39.0
457,33,2004JJ00,4.0,1.0,13.0,789.0,1.0,30.0,58.0,221.0,0.3,2836.0,404571.0,43.0
458,33,2005JJ00,4.0,1.0,5.0,897.0,1.0,29.0,34.0,220.0,0.3,907.0,371287.0,38.0
459,33,2006JJ00,4.0,2.0,7.0,67.0,1.0,25.0,14.0,242.0,0.1,3221.0,62165.0,9.0
460,33,2007JJ00,2.0,2.0,4.0,72.0,1.0,39.0,9.0,192.0,0.1,1144.0,60621.0,7.0
461,33,2008JJ00,23.0,1.0,3.0,378.0,1.0,30.0,11.0,153.0,0.2,94033.0,42497.0,98.0
462,34,1995JJ00,0.0,0.0,0.0,21.0,0.0,8.0,0.0,64.0,0.0,0.0,0.0,0.0
463,34,1996JJ00,0.0,0.0,0.0,20.0,0.0,7.0,0.0,61.0,0.0,0.0,28620.0,3.0
464,34,1997JJ00,0.0,0.0,0.0,20.0,0.0,7.0,0.0,58.0,0.0,0.0,47700.0,5.0
465,34,1998JJ00,0.0,0.0,0.0,20.0,0.0,7.0,0.0,53.0,0.0,0.0,66780.0,7.0
466,34,1999JJ00,0.0,0.0,0.0,19.0,0.0,6.0,0.0,48.0,0.0,0.0,85860.0,9.0
467,34,2000JJ00,0.0,0.0,0.0,19.0,0.0,6.0,0.0,38.0,0.0,0.0,95400.0,10.0
468,34,2001JJ00,0.0,0.0,0.0,21.0,0.0,6.0,0.0,39.0,0.0,0.0,71603.0,7.0
469,34,2002JJ00,0.0,0.0,0.0,22.0,0.0,6.0,0.0,40.0,0.0,0.0,55738.0,6.0
470,34,2003JJ00,0.0,0.0,0.0,24.0,0.0,6.0,0.0,45.0,0.0,0.0,39873.0,4.0
471,34,2004JJ00,0.0,0.0,0.0,26.0,0.0,6.0,0.0,47.0,0.0,0.0,31940.0,3.0
472,34,2005JJ00,0.0,0.0,15.0,27.0,0.0,6.0,39.0,40.0,0.0,0.0,34525.0,3.0
473,34,2006JJ00,0.0,0.0,0.0,18.0,0.0,5.0,0.0,38.0,0.0,0.0,31940.0,3.0
474,34,2007JJ00,0.0,0.0,0.0,16.0,0.0,5.0,0.0,29.0,0.0,0.0,0.0,0.0
475,34,2008JJ00,0.0,0.0,0.0,16.0,0.0,5.0,0.0,29.0,0.0,0.0,0.0,0.0
476,35,1995JJ00,1.0,0.0,51.0,1180.0,0.0,442.0,38.0,3429.0,0.5,5416.0,4183.0,6.0
477,35,1996JJ00,0.0,0.0,36.0,1236.0,0.0,442.0,27.0,3367.0,0.5,5416.0,3518.0,6.0
478,35,1997JJ00,1.0,0.0,26.0,1332.0,0.0,442.0,20.0,3305.0,0.6,5416.0,3075.0,6.0
479,35,1998JJ00,0.0,0.0,17.0,1322.0,0.0,442.0,13.0,3181.0,0.6,0.0,2631.0,0.0
480,35,1999JJ00,0.0,0.0,7.0,1356.0,0.0,442.0,6.0,3057.0,0.6,0.0,2188.0,0.0
481,35,2000JJ00,0.0,0.0,2.0,1390.0,0.0,442.0,2.0,2809.0,0.6,44.0,1966.0,0.0
482,35,2001JJ00,0.0,0.0,2.0,1390.0,0.0,437.0,2.0,3268.0,0.6,89.0,1946.0,0.0
483,35,2002JJ00,0.0,0.0,1.0,1396.0,1.0,432.0,2.0,3728.0,0.6,116.0,1933.0,0.0
484,35,2003JJ00,0.0,1.0,1.0,1544.0,0.0,427.0,1.0,5564.0,0.7,57.0,1920.0,0.0
485,35,2004JJ00,0.0,1.0,1.0,1583.0,0.0,422.0,1.0,6483.0,0.8,0.0,1913.0,0.0
486,35,2005JJ00,0.0,0.0,0.0,1354.0,0.0,417.0,1.0,2748.0,0.6,0.0,1186.0,0.0
487,35,2006JJ00,0.0,0.0,0.0,1377.0,0.0,420.0,2.0,2816.0,0.6,0.0,0.0,0.0
488,35,2007JJ00,0.0,0.0,0.0,1351.0,0.0,411.0,1.0,2468.0,0.5,0.0,0.0,0.0
489,35,2008JJ00,0.0,0.0,0.0,1375.0,0.0,413.0,1.0,2516.0,0.6,0.0,0.0,0.0
490,36,1995JJ00,2.0,0.0,21.0,3299.0,0.0,1253.0,5.0,9368.0,1.5,3697.0,69186.0,11.0
491,36,1996JJ00,2.0,0.0,12.0,3576.0,0.0,1232.0,6.0,9205.0,1.6,66811.0,72401.0,74.0
492,36,1997JJ00,2.0,0.0,14.0,3608.0,0.0,1218.0,6.0,9043.0,1.6,108887.0,77436.0,117.0
493,36,1998JJ00,1.0,0.0,16.0,3611.0,0.0,1204.0,6.0,8719.0,1.5,150964.0,82472.0,159.0
494,36,1999JJ00,1.0,0.0,10.0,3659.0,0.0,1190.0,7.0,8395.0,1.5,193040.0,87508.0,202.0
495,36,2000JJ00,1.0,0.0,17.0,3696.0,0.0,1183.0,7.0,7746.0,1.5,214078.0,94364.0,224.0
496,36,2001JJ00,1.0,0.0,12.0,3730.0,0.0,1172.0,7.0,8096.0,1.6,136552.0,98834.0,146.0
497,36,2002JJ00,1.0,0.0,13.0,3764.0,0.0,1160.0,7.0,8446.0,1.6,84868.0,101113.0,95.0
498,36,2003JJ00,7.0,1.0,16.0,3752.0,0.0,1149.0,7.0,9844.0,1.6,33184.0,104293.0,44.0
499,36,2004JJ00,0.0,1.0,15.0,3590.0,0.0,1138.0,8.0,10543.0,1.6,7342.0,105533.0,18.0
500,36,2005JJ00,1.0,0.0,14.0,3704.0,0.0,1127.0,8.0,7402.0,1.5,24052.0,72489.0,31.0
501,36,2006JJ00,1.0,0.0,2.0,3719.0,0.0,1127.0,8.0,7299.0,1.5,3859.0,4948563.0,499.0
502,36,2007JJ00,0.0,0.0,1.0,3734.0,0.0,1125.0,2.0,6664.0,1.5,764.0,12527.0,2.0
503,36,2008JJ00,0.0,0.0,11.0,3735.0,0.0,1112.0,15.0,6636.0,1.5,666.0,21693.0,3.0
504,37,1995JJ00,0.0,0.0,1.0,386.0,0.0,134.0,1.0,1084.0,0.2,978.0,3664.0,1.0
505,37,1996JJ00,2.0,0.0,1.0,403.0,0.0,136.0,1.0,1090.0,0.2,878.0,12342.0,2.0
506,37,1997JJ00,2.0,0.0,1.0,414.0,0.0,137.0,2.0,1095.0,0.2,811.0,21021.0,3.0
507,37,1998JJ00,1.0,0.0,2.0,425.0,0.0,139.0,3.0,1106.0,0.2,744.0,29699.0,4.0
508,37,1999JJ00,1.0,0.0,2.0,436.0,0.0,141.0,3.0,1118.0,0.2,678.0,38377.0,5.0
509,37,2000JJ00,1.0,0.0,2.0,442.0,0.0,141.0,3.0,1140.0,0.2,644.0,47055.0,5.0
510,37,2001JJ00,1.0,0.0,2.0,437.0,0.0,138.0,3.0,1170.0,0.2,473.0,44876.0,5.0
511,37,2002JJ00,1.0,0.0,1.0,433.0,0.0,134.0,2.0,1200.0,0.2,358.0,43424.0,5.0
512,37,2003JJ00,7.0,0.0,1.0,428.0,0.0,130.0,2.0,1319.0,0.2,243.0,41972.0,4.0
513,37,2004JJ00,0.0,0.0,0.0,423.0,0.0,126.0,1.0,1379.0,0.2,186.0,41246.0,4.0
514,37,2005JJ00,0.0,0.0,0.0,419.0,0.0,123.0,0.0,860.0,0.2,0.0,32849.0,3.0
515,37,2006JJ00,0.0,0.0,0.0,440.0,0.0,123.0,0.0,869.0,0.2,0.0,4939699.0,494.0
516,37,2007JJ00,0.0,0.0,0.0,395.0,0.0,119.0,0.0,723.0,0.2,0.0,0.0,0.0
517,37,2008JJ00,0.0,0.0,0.0,397.0,0.0,118.0,0.0,723.0,0.2,0.0,0.0,0.0
518,38,1995JJ00,2.0,0.0,20.0,1180.0,0.0,471.0,4.0,3573.0,0.5,2719.0,65522.0,9.0
519,38,1996JJ00,0.0,0.0,10.0,1220.0,0.0,455.0,4.0,3496.0,0.5,65933.0,60058.0,72.0
520,38,1997JJ00,0.0,0.0,13.0,1246.0,0.0,445.0,4.0,3419.0,0.5,108076.0,56416.0,114.0
521,38,1998JJ00,0.0,0.0,14.0,1273.0,0.0,434.0,3.0,3264.0,0.6,150219.0,52774.0,155.0
522,38,1999JJ00,0.0,0.0,8.0,1299.0,0.0,424.0,3.0,3110.0,0.6,192362.0,49131.0,197.0
523,38,2000JJ00,0.0,0.0,15.0,1312.0,0.0,418.0,3.0,2800.0,0.5,213434.0,47310.0,218.0
524,38,2001JJ00,0.0,0.0,9.0,1337.0,0.0,414.0,4.0,3052.0,0.6,136080.0,53358.0,141.0
525,38,2002JJ00,0.0,0.0,9.0,1369.0,0.0,409.0,5.0,3304.0,0.6,84510.0,57389.0,90.0
526,38,2003JJ00,0.0,0.0,9.0,1471.0,0.0,405.0,6.0,4313.0,0.7,32941.0,61421.0,39.0
527,38,2004JJ00,0.0,0.0,8.0,1364.0,0.0,400.0,6.0,4817.0,0.6,7156.0,63437.0,14.0
528,38,2005JJ00,1.0,0.0,8.0,1282.0,0.0,396.0,7.0,2695.0,0.5,24052.0,38740.0,28.0
529,38,2006JJ00,1.0,0.0,1.0,1287.0,0.0,396.0,7.0,2693.0,0.5,3859.0,8840.0,5.0
530,38,2007JJ00,0.0,0.0,0.0,1297.0,0.0,393.0,1.0,2454.0,0.5,764.0,12527.0,2.0
531,38,2008JJ00,0.0,0.0,11.0,1343.0,0.0,402.0,15.0,2516.0,0.5,666.0,21693.0,3.0
532,39,1995JJ00,0.0,0.0,0.0,1221.0,0.0,457.0,0.0,3310.0,0.5,0.0,0.0,0.0
533,39,1996JJ00,0.0,0.0,0.0,1376.0,0.0,451.0,0.0,3247.0,0.6,0.0,0.0,0.0
534,39,1997JJ00,0.0,0.0,0.0,1372.0,0.0,448.0,0.0,3184.0,0.6,0.0,0.0,0.0
535,39,1998JJ00,0.0,0.0,0.0,1348.0,0.0,444.0,0.0,3058.0,0.6,0.0,0.0,0.0
536,39,1999JJ00,0.0,0.0,0.0,1355.0,0.0,441.0,0.0,2931.0,0.6,0.0,0.0,0.0
537,39,2000JJ00,0.0,0.0,0.0,1368.0,0.0,439.0,0.0,2679.0,0.6,0.0,0.0,0.0
538,39,2001JJ00,0.0,0.0,0.0,1378.0,0.0,438.0,0.0,2731.0,0.6,0.0,0.0,0.0
539,39,2002JJ00,0.0,0.0,0.0,1382.0,0.0,437.0,0.0,2784.0,0.6,0.0,0.0,0.0
540,39,2003JJ00,0.0,0.0,3.0,1322.0,0.0,435.0,0.0,2993.0,0.6,0.0,0.0,0.0
541,39,2004JJ00,0.0,0.0,2.0,1287.0,0.0,434.0,0.0,3098.0,0.6,0.0,0.0,0.0
542,39,2005JJ00,0.0,0.0,0.0,1424.0,0.0,433.0,0.0,2729.0,0.6,0.0,0.0,0.0
543,39,2006JJ00,0.0,0.0,0.0,1432.0,0.0,433.0,0.0,2680.0,0.6,0.0,0.0,0.0
544,39,2007JJ00,0.0,0.0,0.0,1454.0,0.0,436.0,0.0,2479.0,0.6,0.0,0.0,0.0
545,39,2008JJ00,0.0,0.0,0.0,1429.0,0.0,423.0,0.0,2430.0,0.6,0.0,0.0,0.0
546,40,1995JJ00,0.0,0.0,0.0,511.0,0.0,191.0,0.0,1400.0,0.2,0.0,0.0,0.0
547,40,1996JJ00,0.0,0.0,0.0,577.0,0.0,189.0,0.0,1373.0,0.2,0.0,0.0,0.0
548,40,1997JJ00,0.0,0.0,0.0,576.0,0.0,188.0,0.0,1345.0,0.2,0.0,0.0,0.0
549,40,1998JJ00,0.0,0.0,0.0,565.0,0.0,186.0,0.0,1291.0,0.2,0.0,0.0,0.0
550,40,1999JJ00,0.0,0.0,0.0,569.0,0.0,185.0,0.0,1236.0,0.2,0.0,0.0,0.0
551,40,2000JJ00,0.0,0.0,0.0,574.0,0.0,184.0,0.0,1128.0,0.2,0.0,0.0,0.0
552,40,2001JJ00,0.0,0.0,1.0,578.0,0.0,182.0,0.0,1143.0,0.2,0.0,600.0,0.0
553,40,2002JJ00,0.0,0.0,2.0,580.0,0.0,181.0,0.0,1158.0,0.2,0.0,300.0,0.0
554,40,2003JJ00,0.0,0.0,4.0,531.0,0.0,179.0,0.0,1219.0,0.2,0.0,900.0,0.0
555,40,2004JJ00,0.0,0.0,5.0,516.0,0.0,177.0,0.0,1249.0,0.2,0.0,850.0,0.0
556,40,2005JJ00,0.0,0.0,6.0,580.0,0.0,175.0,0.0,1118.0,0.2,0.0,900.0,0.0
557,40,2006JJ00,0.0,0.0,0.0,560.0,0.0,175.0,0.0,1058.0,0.2,0.0,24.0,0.0
558,40,2007JJ00,0.0,0.0,0.0,589.0,0.0,177.0,0.0,1008.0,0.2,0.0,0.0,0.0
559,40,2008JJ00,0.0,0.0,0.0,566.0,0.0,168.0,0.0,967.0,0.2,0.0,0.0,0.0
560,41,1995JJ00,1107.0,5.0,114.0,6883.0,0.0,8428.0,59.0,25625.0,3.6,1700.0,77695.0,9.0
561,41,1996JJ00,1123.0,4.0,101.0,8106.0,0.0,3172.0,63.0,25951.0,3.8,1863.0,76385.0,10.0
562,41,1997JJ00,1140.0,5.0,93.0,8213.0,0.0,2289.0,65.0,25124.0,3.8,1972.0,75512.0,10.0
563,41,1998JJ00,1156.0,5.0,85.0,8322.0,0.0,1405.0,68.0,24209.0,3.8,2081.0,74639.0,10.0
564,41,1999JJ00,1173.0,5.0,76.0,8458.0,0.0,962.0,71.0,23663.0,3.8,2190.0,73766.0,10.0
565,41,2000JJ00,1189.0,4.0,72.0,7339.0,0.0,539.0,72.0,21139.0,3.3,2244.0,73329.0,10.0
566,41,2001JJ00,1165.0,5.0,59.0,8398.0,0.0,585.0,72.0,25162.0,3.8,1793.0,56722.0,7.0
567,41,2002JJ00,1154.0,5.0,46.0,8384.0,0.0,631.0,72.0,27348.0,3.9,1492.0,45651.0,6.0
568,41,2003JJ00,1147.0,8.0,53.0,8394.0,0.0,677.0,71.0,36200.0,4.2,1192.0,34579.0,5.0
569,41,2004JJ00,1122.0,9.0,33.0,8451.0,0.0,723.0,71.0,40564.0,4.4,1041.0,29044.0,4.0
570,41,2005JJ00,1110.0,3.0,24.0,7198.0,1.0,769.0,71.0,20271.0,3.3,782.0,26541.0,3.0
571,41,2006JJ00,1095.0,3.0,14.0,9871.0,0.0,518.0,67.0,19643.0,4.1,403.0,22380.0,3.0
572,41,2007JJ00,1082.0,5.0,4.0,10240.0,0.0,486.0,7.0,26791.0,4.5,442.0,17318.0,2.0
573,41,2008JJ00,1070.0,6.0,3.0,10946.0,5.0,486.0,10.0,27616.0,4.9,516.0,31779.0,4.0
574,42,1995JJ00,6.0,2.0,35.0,3637.0,0.0,343.0,57.0,5254.0,1.4,681.0,57094.0,6.0
575,42,1996JJ00,6.0,1.0,29.0,3729.0,0.0,332.0,60.0,5160.0,1.4,977.0,53345.0,6.0
576,42,1997JJ00,5.0,1.0,25.0,3825.0,0.0,325.0,62.0,5066.0,1.5,1175.0,50846.0,6.0
577,42,1998JJ00,5.0,1.0,21.0,3925.0,0.0,318.0,64.0,4878.0,1.5,1373.0,48347.0,6.0
578,42,1999JJ00,5.0,1.0,18.0,4043.0,0.0,311.0,66.0,4690.0,1.5,1570.0,45847.0,6.0
579,42,2000JJ00,5.0,1.0,16.0,3992.0,0.0,308.0,67.0,4314.0,1.5,1669.0,44597.0,6.0
580,42,2001JJ00,5.0,1.0,14.0,4000.0,0.0,305.0,65.0,6344.0,1.6,1287.0,32930.0,5.0
581,42,2002JJ00,4.0,1.0,12.0,4009.0,0.0,301.0,64.0,8374.0,1.6,1033.0,25152.0,4.0
582,42,2003JJ00,3.0,3.0,10.0,4017.0,0.0,298.0,62.0,16496.0,1.9,778.0,17374.0,3.0
583,42,2004JJ00,3.0,4.0,8.0,4025.0,0.0,295.0,60.0,20557.0,2.1,651.0,13485.0,2.0
584,42,2005JJ00,2.0,0.0,6.0,4034.0,0.0,292.0,58.0,3849.0,1.5,392.0,12940.0,2.0
585,42,2006JJ00,2.0,0.0,7.0,4061.0,0.0,297.0,59.0,3891.0,1.5,288.0,9700.0,1.0
586,42,2007JJ00,2.0,0.0,3.0,4291.0,0.0,286.0,7.0,3512.0,1.6,442.0,13914.0,2.0
587,42,2008JJ00,2.0,0.0,3.0,4394.0,5.0,287.0,9.0,3537.0,1.8,516.0,526.0,1.0
588,43,1995JJ00,0.0,3.0,0.0,2217.0,0.0,7892.0,0.0,18902.0,1.7,0.0,0.0,0.0
589,43,1996JJ00,0.0,4.0,0.0,3289.0,0.0,2640.0,0.0,19315.0,1.9,0.0,0.0,0.0
590,43,1997JJ00,0.0,4.0,0.0,3273.0,0.0,1760.0,0.0,18576.0,1.8,0.0,0.0,0.0
591,43,1998JJ00,0.0,4.0,0.0,3257.0,0.0,880.0,0.0,17836.0,1.7,0.0,0.0,0.0
592,43,1999JJ00,0.0,4.0,0.0,3249.0,0.0,440.0,0.0,17466.0,1.7,0.0,0.0,0.0
593,43,2000JJ00,0.0,3.0,0.0,2169.0,0.0,18.0,0.0,15293.0,1.2,0.0,0.0,0.0
594,43,2001JJ00,0.0,4.0,0.0,3265.0,0.0,18.0,0.0,17092.0,1.7,0.0,0.0,0.0
595,43,2002JJ00,0.0,4.0,0.0,3289.0,0.0,18.0,0.0,17055.0,1.7,0.0,0.0,0.0
596,43,2003JJ00,0.0,4.0,0.0,3337.0,0.0,18.0,0.0,17015.0,1.7,0.0,0.0,0.0
597,43,2004JJ00,0.0,4.0,0.0,3432.0,0.0,18.0,0.0,16933.0,1.7,0.0,0.0,0.0
598,43,2005JJ00,0.0,3.0,0.0,2217.0,0.0,18.0,0.0,14987.0,1.3,0.0,0.0,0.0
599,43,2006JJ00,0.0,3.0,0.0,4892.0,0.0,18.0,0.0,14340.0,2.1,0.0,0.0,0.0
600,43,2007JJ00,0.0,5.0,0.0,5087.0,0.0,17.0,0.0,22108.0,2.5,0.0,0.0,0.0
601,43,2008JJ00,0.0,5.0,0.0,5707.0,0.0,16.0,0.0,22903.0,2.7,0.0,0.0,0.0
602,44,1995JJ00,0.0,0.0,0.0,71.0,0.0,26.0,0.0,194.0,0.0,0.0,0.0,0.0
603,44,1996JJ00,0.0,0.0,0.0,91.0,0.0,27.0,0.0,196.0,0.0,0.0,0.0,0.0
604,44,1997JJ00,0.0,0.0,0.0,91.0,0.0,28.0,0.0,197.0,0.0,0.0,0.0,0.0
605,44,1998JJ00,0.0,0.0,0.0,90.0,0.0,28.0,0.0,201.0,0.0,0.0,0.0,0.0
606,44,1999JJ00,0.0,0.0,0.0,90.0,0.0,29.0,0.0,205.0,0.0,0.0,0.0,0.0
607,44,2000JJ00,0.0,0.0,0.0,89.0,0.0,29.0,0.0,212.0,0.0,0.0,0.0,0.0
608,44,2001JJ00,0.0,0.0,0.0,89.0,0.0,29.0,0.0,255.0,0.0,0.0,0.0,0.0
609,44,2002JJ00,0.0,0.0,0.0,89.0,0.0,28.0,0.0,298.0,0.0,0.0,0.0,0.0
610,44,2003JJ00,10.0,0.0,19.0,90.0,0.0,28.0,0.0,470.0,0.1,0.0,0.0,0.0
611,44,2004JJ00,0.0,0.0,2.0,90.0,0.0,28.0,0.0,557.0,0.1,0.0,0.0,0.0
612,44,2005JJ00,0.0,0.0,0.0,90.0,0.0,28.0,0.0,212.0,0.0,0.0,0.0,0.0
613,44,2006JJ00,0.0,0.0,0.0,92.0,0.0,28.0,0.0,217.0,0.0,0.0,0.0,0.0
614,44,2007JJ00,0.0,0.0,0.0,89.0,0.0,27.0,0.0,193.0,0.0,0.0,0.0,0.0
615,44,2008JJ00,0.0,0.0,0.0,90.0,0.0,27.0,0.0,194.0,0.0,0.0,0.0,0.0
616,45,1995JJ00,1101.0,0.0,79.0,721.0,0.0,78.0,1.0,589.0,0.4,1019.0,20600.0,3.0
617,45,1996JJ00,1118.0,0.0,72.0,735.0,0.0,79.0,2.0,594.0,0.4,886.0,23040.0,3.0
618,45,1997JJ00,1134.0,0.0,68.0,744.0,0.0,79.0,3.0,599.0,0.4,797.0,24666.0,3.0
619,45,1998JJ00,1151.0,0.0,63.0,753.0,0.0,80.0,3.0,609.0,0.4,708.0,26293.0,3.0
620,45,1999JJ00,1168.0,0.0,59.0,763.0,0.0,80.0,4.0,619.0,0.4,619.0,27919.0,3.0
621,45,2000JJ00,1184.0,0.0,57.0,768.0,0.0,80.0,4.0,638.0,0.4,575.0,28732.0,3.0
622,45,2001JJ00,1160.0,0.0,45.0,731.0,0.0,134.0,6.0,730.0,0.4,506.0,23792.0,3.0
623,45,2002JJ00,1150.0,0.0,34.0,694.0,0.0,187.0,7.0,822.0,0.4,460.0,20499.0,3.0
624,45,2003JJ00,1133.0,0.0,22.0,657.0,0.0,240.0,9.0,1191.0,0.4,413.0,17205.0,2.0
625,45,2004JJ00,1119.0,1.0,21.0,620.0,0.0,294.0,11.0,1376.0,0.4,390.0,15559.0,2.0
626,45,2005JJ00,1107.0,0.0,18.0,583.0,1.0,347.0,13.0,642.0,0.4,390.0,13601.0,2.0
627,45,2006JJ00,1092.0,0.0,7.0,552.0,0.0,91.0,8.0,619.0,0.3,115.0,12680.0,1.0
628,45,2007JJ00,1080.0,0.0,2.0,522.0,0.0,80.0,0.0,502.0,0.3,0.0,3404.0,0.0
629,45,2008JJ00,1068.0,0.0,0.0,511.0,0.0,82.0,0.0,518.0,0.3,0.0,31253.0,3.0
630,46,1995JJ00,0.0,0.0,0.0,238.0,0.0,89.0,0.0,686.0,0.1,0.0,0.0,0.0
631,46,1996JJ00,0.0,0.0,0.0,263.0,0.0,94.0,0.0,686.0,0.1,0.0,0.0,0.0
632,46,1997JJ00,0.0,0.0,0.0,280.0,0.0,96.0,0.0,686.0,0.1,0.0,0.0,0.0
633,46,1998JJ00,0.0,0.0,0.0,297.0,0.0,99.0,0.0,685.0,0.1,0.0,0.0,0.0
634,46,1999JJ00,0.0,0.0,0.0,313.0,0.0,102.0,0.0,685.0,0.1,0.0,0.0,0.0
635,46,2000JJ00,0.0,0.0,0.0,322.0,0.0,104.0,0.0,683.0,0.1,0.0,0.0,0.0
636,46,2001JJ00,0.0,0.0,0.0,312.0,0.0,100.0,0.0,741.0,0.1,0.0,0.0,0.0
637,46,2002JJ00,0.0,0.0,0.0,303.0,0.0,96.0,0.0,798.0,0.1,0.0,0.0,0.0
638,46,2003JJ00,0.0,0.0,3.0,294.0,0.0,92.0,0.0,1027.0,0.1,0.0,0.0,0.0
639,46,2004JJ00,0.0,0.0,3.0,284.0,0.0,88.0,0.0,1141.0,0.1,0.0,0.0,0.0
640,46,2005JJ00,0.0,0.0,0.0,275.0,0.0,84.0,0.0,581.0,0.1,0.0,0.0,0.0
641,46,2006JJ00,0.0,0.0,0.0,274.0,0.0,84.0,0.0,576.0,0.1,0.0,0.0,0.0
642,46,2007JJ00,0.0,0.0,0.0,251.0,0.0,76.0,0.0,477.0,0.1,0.0,0.0,0.0
643,46,2008JJ00,0.0,0.0,0.0,245.0,0.0,73.0,0.0,463.0,0.1,0.0,0.0,0.0
644,47,1995JJ00,2.0,1.0,26.0,2959.0,3.0,1094.0,35.0,8628.0,1.4,791.0,27483.0,4.0
645,47,1996JJ00,0.0,0.0,8.0,3269.0,0.0,1144.0,44.0,8615.0,1.4,1207.0,36406.0,5.0
646,47,1997JJ00,0.0,0.0,12.0,3476.0,0.0,1177.0,49.0,8602.0,1.5,1484.0,42354.0,6.0
647,47,1998JJ00,5.0,0.0,10.0,3683.0,0.0,1210.0,55.0,8575.0,1.6,1761.0,48302.0,7.0
648,47,1999JJ00,5.0,0.0,8.0,3890.0,0.0,1243.0,60.0,8549.0,1.6,2038.0,54251.0,7.0
649,47,2000JJ00,1.0,1.0,15.0,3994.0,0.0,1260.0,63.0,8496.0,1.7,2177.0,57225.0,8.0
650,47,2001JJ00,0.0,0.0,10.0,4010.0,0.0,1255.0,61.0,9318.0,1.7,2034.0,53888.0,7.0
651,47,2002JJ00,0.0,1.0,11.0,4026.0,0.0,1249.0,59.0,10140.0,1.7,1939.0,50552.0,7.0
652,47,2003JJ00,2.0,3.0,71.0,4043.0,0.0,1244.0,57.0,13429.0,1.9,1844.0,37206.0,6.0
653,47,2004JJ00,3.0,3.0,56.0,4059.0,0.0,1239.0,55.0,15074.0,1.9,1796.0,30533.0,5.0
654,47,2005JJ00,2.0,0.0,41.0,4075.0,0.0,1233.0,53.0,8540.0,1.7,2160.0,24624.0,5.0
655,47,2006JJ00,2.0,1.0,35.0,4138.0,0.0,1238.0,84.0,8533.0,1.7,2449.0,30873.0,6.0
656,47,2007JJ00,1.0,0.0,2.0,4322.0,0.0,1306.0,4.0,7969.0,1.8,0.0,0.0,0.0
657,47,2008JJ00,1.0,1.0,5.0,4440.0,0.0,1325.0,8.0,8168.0,1.8,0.0,50.0,0.0
658,48,1995JJ00,2863.0,2.0,384.0,4718.0,0.0,815.0,6.0,38000.0,3.2,0.0,15232.0,2.0
659,48,1996JJ00,2929.0,2.0,307.0,4736.0,0.0,788.0,10.0,37808.0,3.2,0.0,13964.0,1.0
660,48,1997JJ00,2973.0,2.0,256.0,4749.0,0.0,770.0,13.0,37615.0,3.2,0.0,12696.0,1.0
661,48,1998JJ00,3014.0,1.0,204.0,4761.0,0.0,752.0,16.0,37230.0,3.2,0.0,11427.0,1.0
662,48,1999JJ00,3058.0,1.0,153.0,4773.0,0.0,734.0,19.0,36846.0,3.2,0.0,10159.0,1.0
663,48,2000JJ00,3079.0,1.0,127.0,4780.0,0.0,725.0,21.0,36076.0,3.1,0.0,8891.0,1.0
664,48,2001JJ00,3058.0,1.0,105.0,4744.0,0.0,728.0,17.0,35856.0,3.1,0.0,8527.0,1.0
665,48,2002JJ00,3037.0,1.0,82.0,4708.0,0.0,732.0,13.0,35636.0,3.1,0.0,8164.0,1.0
666,48,2003JJ00,2952.0,1.0,62.0,4672.0,1.0,736.0,9.0,34755.0,3.1,0.0,6712.0,1.0
667,48,2004JJ00,2909.0,1.0,45.0,4636.0,0.0,740.0,5.0,34315.0,3.0,0.0,5986.0,1.0
668,48,2005JJ00,2873.0,1.0,24.0,4600.0,0.0,744.0,1.0,36450.0,3.1,0.0,8350.0,1.0
669,48,2006JJ00,2840.0,1.0,13.0,4624.0,0.0,744.0,1.0,36268.0,3.1,0.0,199207.0,20.0
670,48,2007JJ00,2809.0,1.0,4.0,4474.0,0.0,710.0,1.0,35531.0,3.0,0.0,0.0,0.0
671,48,2008JJ00,2778.0,1.0,0.0,4496.0,0.0,704.0,1.0,35587.0,3.0,0.0,0.0,0.0
672,49,1995JJ00,2863.0,2.0,384.0,3851.0,0.0,491.0,6.0,35650.0,2.8,0.0,15232.0,2.0
673,49,1996JJ00,2929.0,2.0,307.0,3846.0,0.0,470.0,10.0,35509.0,2.8,0.0,13964.0,1.0
674,49,1997JJ00,2972.0,2.0,256.0,3843.0,0.0,456.0,13.0,35368.0,2.8,0.0,12696.0,1.0
675,49,1998JJ00,3014.0,1.0,204.0,3840.0,0.0,442.0,16.0,35086.0,2.8,0.0,11427.0,1.0
676,49,1999JJ00,3058.0,1.0,153.0,3837.0,0.0,429.0,19.0,34804.0,2.8,0.0,10159.0,1.0
677,49,2000JJ00,3079.0,1.0,127.0,3835.0,0.0,422.0,21.0,34240.0,2.8,0.0,8891.0,1.0
678,49,2001JJ00,3058.0,1.0,105.0,3777.0,0.0,422.0,17.0,33986.0,2.7,0.0,8527.0,1.0
679,49,2002JJ00,3037.0,1.0,82.0,3718.0,0.0,422.0,13.0,33731.0,2.7,0.0,8164.0,1.0
680,49,2003JJ00,2952.0,1.0,62.0,3660.0,0.0,422.0,9.0,32713.0,2.6,0.0,6712.0,1.0
681,49,2004JJ00,2909.0,0.0,45.0,3602.0,0.0,423.0,5.0,32203.0,2.6,0.0,5986.0,1.0
682,49,2005JJ00,2873.0,1.0,24.0,3543.0,0.0,423.0,1.0,34440.0,2.6,0.0,8350.0,1.0
683,49,2006JJ00,2840.0,1.0,13.0,3564.0,0.0,422.0,1.0,34309.0,2.6,0.0,199207.0,20.0
684,49,2007JJ00,2809.0,1.0,4.0,3429.0,0.0,397.0,1.0,33762.0,2.6,0.0,0.0,0.0
685,49,2008JJ00,2778.0,1.0,0.0,3437.0,0.0,391.0,1.0,33799.0,2.6,0.0,0.0,0.0
686,50,1995JJ00,0.0,0.0,0.0,867.0,0.0,324.0,0.0,2350.0,0.4,0.0,0.0,0.0
687,50,1996JJ00,0.0,0.0,0.0,890.0,0.0,318.0,0.0,2298.0,0.4,0.0,0.0,0.0
688,50,1997JJ00,0.0,0.0,0.0,906.0,0.0,314.0,0.0,2247.0,0.4,0.0,0.0,0.0
689,50,1998JJ00,0.0,0.0,0.0,921.0,0.0,309.0,0.0,2144.0,0.4,0.0,0.0,0.0
690,50,1999JJ00,0.0,0.0,0.0,937.0,0.0,305.0,0.0,2041.0,0.4,0.0,0.0,0.0
691,50,2000JJ00,0.0,0.0,0.0,945.0,0.0,303.0,0.0,1836.0,0.4,0.0,0.0,0.0
692,50,2001JJ00,0.0,0.0,0.0,967.0,0.0,307.0,0.0,1870.0,0.4,0.0,0.0,0.0
693,50,2002JJ00,0.0,0.0,0.0,989.0,0.0,310.0,0.0,1905.0,0.4,0.0,0.0,0.0
694,50,2003JJ00,0.0,0.0,0.0,1012.0,1.0,314.0,0.0,2042.0,0.4,0.0,0.0,0.0
695,50,2004JJ00,0.0,0.0,0.0,1034.0,0.0,318.0,0.0,2111.0,0.4,0.0,0.0,0.0
696,50,2005JJ00,0.0,0.0,0.0,1056.0,0.0,321.0,0.0,2010.0,0.4,0.0,0.0,0.0
697,50,2006JJ00,0.0,0.0,0.0,1061.0,0.0,321.0,0.0,1958.0,0.4,0.0,0.0,0.0
698,50,2007JJ00,0.0,0.0,0.0,1045.0,0.0,313.0,0.0,1769.0,0.4,0.0,0.0,0.0
699,50,2008JJ00,0.0,0.0,0.0,1059.0,0.0,313.0,0.0,1788.0,0.4,0.0,0.0,0.0
700,51,1995JJ00,2949.0,418.0,7571.0,28867.0,1003.0,11943.0,14510.0,132066.0,50.6,3574511.0,39892252.0,7564.0
701,51,1996JJ00,2481.0,440.0,6539.0,23292.0,434.0,8706.0,14206.0,119238.0,29.3,3439146.0,38510559.0,7290.0
702,51,1997JJ00,2675.0,346.0,5861.0,26761.0,406.0,10904.0,13614.0,101376.0,28.5,3297108.0,36113351.0,6908.0
703,51,1998JJ00,3629.0,387.0,6710.0,25865.0,386.0,9820.0,14708.0,135568.0,29.0,3351899.0,37727635.0,7125.0
704,51,1999JJ00,3240.0,414.0,6756.0,25898.0,408.0,10896.0,17039.0,120755.0,29.4,3139404.0,34760474.0,6615.0
705,51,2000JJ00,3080.0,509.0,5899.0,22774.0,362.0,11465.0,13195.0,114926.0,27.0,2986083.0,31936623.0,6180.0
706,51,2001JJ00,3328.0,499.0,5497.0,24824.0,344.0,10696.0,13584.0,118915.0,27.2,3139184.0,32661094.0,6405.0
707,51,2002JJ00,3224.0,394.0,4583.0,22945.0,336.0,9927.0,10454.0,112695.0,25.5,3148573.0,30648423.0,6213.0
708,51,2003JJ00,3116.0,404.0,3829.0,20255.0,304.0,9158.0,9339.0,88484.0,22.7,2961022.0,26362430.0,5597.0
709,51,2004JJ00,2934.0,358.0,3425.0,17330.0,217.0,8389.0,10366.0,99252.0,18.9,2898551.0,26128703.0,5511.0
710,51,2005JJ00,2981.0,290.0,4076.0,16601.0,173.0,7620.0,10571.0,96089.0,16.7,2775060.0,23697062.0,5145.0
711,51,2006JJ00,2843.0,272.0,3567.0,13971.0,166.0,6783.0,9844.0,88601.0,15.2,2725573.0,21236693.0,4849.0
712,51,2007JJ00,3439.0,296.0,4075.0,16627.0,143.0,7439.0,10805.0,98337.0,15.9,2920460.0,22778470.0,5198.0
713,51,2008JJ00,2984.0,214.0,2405.0,13402.0,124.0,6263.0,9933.0,86618.0,13.2,2879607.0,20450255.0,4925.0
714,52,1995JJ00,1.0,0.0,11.0,2056.0,741.0,619.0,24.0,4894.0,25.6,788.0,70829.0,8.0
715,52,1996JJ00,1.0,0.0,13.0,2126.0,171.0,621.0,22.0,4818.0,6.6,1142.0,84423.0,10.0
716,52,1997JJ00,2.0,0.0,15.0,2172.0,148.0,623.0,21.0,4743.0,5.8,1378.0,93487.0,11.0
717,52,1998JJ00,2.0,0.0,16.0,2219.0,125.0,625.0,20.0,4592.0,5.1,1613.0,102550.0,12.0
718,52,1999JJ00,3.0,0.0,18.0,2266.0,111.0,627.0,19.0,4440.0,4.6,1849.0,111613.0,13.0
719,52,2000JJ00,4.0,0.0,18.0,2289.0,86.0,628.0,19.0,4138.0,3.8,1967.0,116145.0,14.0
720,52,2001JJ00,4.0,0.0,20.0,2384.0,86.0,654.0,19.0,4234.0,3.8,2989.0,118568.0,15.0
721,52,2002JJ00,4.0,1.0,22.0,2478.0,87.0,680.0,19.0,4330.0,3.9,3670.0,120991.0,16.0
722,52,2003JJ00,4.0,0.0,23.0,2573.0,70.0,706.0,20.0,4713.0,3.4,4352.0,130683.0,17.0
723,52,2004JJ00,4.0,1.0,25.0,2668.0,54.0,732.0,20.0,4904.0,2.9,4693.0,135529.0,18.0
724,52,2005JJ00,5.0,1.0,27.0,2762.0,37.0,759.0,21.0,5050.0,2.4,2938.0,124679.0,15.0
725,52,2006JJ00,5.0,1.0,19.0,2704.0,26.0,756.0,17.0,4861.0,2.0,1708.0,90711.0,11.0
726,52,2007JJ00,0.0,0.0,0.0,2452.0,18.0,734.0,0.0,4126.0,1.6,0.0,0.0,0.0
727,52,2008JJ00,0.0,0.0,0.0,2497.0,18.0,738.0,0.0,4188.0,1.6,0.0,0.0,0.0
728,53,1995JJ00,2947.0,416.0,7536.0,25832.0,263.0,10980.0,14465.0,124335.0,24.6,3573596.0,39814700.0,7555.0
729,53,1996JJ00,2479.0,437.0,6504.0,20205.0,263.0,7742.0,14164.0,111650.0,22.2,3437762.0,38411358.0,7279.0
730,53,1997JJ00,2673.0,344.0,5826.0,23608.0,258.0,9940.0,13573.0,93932.0,22.2,3295413.0,35999717.0,6895.0
731,53,1998JJ00,3627.0,385.0,6674.0,22651.0,261.0,8857.0,14669.0,128412.0,23.4,3349892.0,37599568.0,7110.0
732,53,1999JJ00,3237.0,413.0,6720.0,22613.0,297.0,9932.0,17001.0,113886.0,24.3,3137085.0,34617974.0,6599.0
733,53,2000JJ00,3075.0,508.0,5863.0,19489.0,276.0,10501.0,13158.0,108633.0,22.8,2983609.0,31786906.0,6162.0
734,53,2001JJ00,3324.0,498.0,5462.0,21430.0,258.0,9712.0,13549.0,112454.0,22.9,3135878.0,32512488.0,6387.0
735,53,2002JJ00,3218.0,393.0,4547.0,19442.0,247.0,8922.0,10420.0,106066.0,21.1,3144711.0,30500926.0,6195.0
736,53,2003JJ00,3112.0,403.0,3784.0,16636.0,234.0,8133.0,9307.0,81185.0,18.9,2956607.0,26219373.0,5579.0
737,53,2004JJ00,2930.0,356.0,3391.0,13659.0,163.0,7344.0,10335.0,91618.0,15.5,2893859.0,25987867.0,5493.0
738,53,2005JJ00,2977.0,288.0,4045.0,12822.0,136.0,6554.0,10542.0,88867.0,13.9,2772122.0,23566766.0,5129.0
739,53,2006JJ00,2838.0,270.0,3545.0,10261.0,140.0,5725.0,9823.0,81672.0,12.8,2723865.0,21140632.0,4838.0
740,53,2007JJ00,3439.0,296.0,4075.0,13198.0,126.0,6411.0,10804.0,92505.0,13.9,2920460.0,22778470.0,5198.0
741,53,2008JJ00,2984.0,214.0,2405.0,9894.0,106.0,5224.0,9933.0,80672.0,11.2,2879607.0,20450255.0,4925.0
742,54,1995JJ00,1.0,2.0,23.0,980.0,0.0,345.0,20.0,2837.0,0.4,127.0,6723.0,1.0
743,54,1996JJ00,1.0,2.0,22.0,961.0,0.0,342.0,20.0,2769.0,0.4,241.0,14777.0,2.0
744,54,1997JJ00,1.0,1.0,21.0,981.0,0.0,340.0,19.0,2701.0,0.4,317.0,20147.0,2.0
745,54,1998JJ00,0.0,1.0,20.0,995.0,0.0,339.0,19.0,2565.0,0.4,393.0,25517.0,3.0
746,54,1999JJ00,0.0,1.0,19.0,1019.0,0.0,337.0,18.0,2428.0,0.4,469.0,30887.0,4.0
747,54,2000JJ00,1.0,1.0,18.0,996.0,0.0,336.0,18.0,2155.0,0.4,507.0,33572.0,4.0
748,54,2001JJ00,0.0,1.0,15.0,1010.0,0.0,330.0,16.0,2227.0,0.4,317.0,30039.0,3.0
749,54,2002JJ00,2.0,0.0,14.0,1024.0,1.0,324.0,14.0,2299.0,0.5,191.0,26507.0,3.0
750,54,2003JJ00,0.0,0.0,21.0,1046.0,0.0,319.0,12.0,2586.0,0.5,63.0,12373.0,1.0
751,54,2004JJ00,0.0,0.0,9.0,1003.0,0.0,313.0,10.0,2730.0,0.4,0.0,5307.0,1.0
752,54,2005JJ00,0.0,0.0,5.0,1017.0,0.0,307.0,9.0,2172.0,0.4,0.0,5617.0,1.0
753,54,2006JJ00,0.0,0.0,3.0,1006.0,0.0,302.0,4.0,2067.0,0.4,0.0,5350.0,1.0
754,54,2007JJ00,0.0,0.0,0.0,977.0,0.0,294.0,0.0,1707.0,0.4,0.0,0.0,0.0
755,54,2008JJ00,0.0,0.0,0.0,1011.0,0.0,300.0,0.0,1758.0,0.4,0.0,0.0,0.0
756,55,1995JJ00,5166.0,1885.0,6262.0,34266.0,139.0,65263.0,4831.0,313042.0,39.3,1795992.0,29234096.0,4719.0
757,55,1996JJ00,4861.0,1602.0,4282.0,28269.0,136.0,61183.0,5532.0,310749.0,35.4,1326781.0,26508151.0,3978.0
758,55,1997JJ00,4602.0,1437.0,3705.0,24468.0,148.0,58463.0,6493.0,310684.0,33.6,1023607.0,26222819.0,3646.0
759,55,1998JJ00,3983.0,1271.0,3127.0,20668.0,173.0,55743.0,7455.0,310553.0,32.1,720433.0,25937488.0,3314.0
760,55,1999JJ00,3724.0,1106.0,2550.0,16867.0,198.0,53023.0,8417.0,310422.0,30.7,417259.0,25652156.0,2982.0
761,55,2000JJ00,3594.0,1023.0,2261.0,14967.0,248.0,51662.0,8897.0,310161.0,31.2,265672.0,25509490.0,2817.0
762,55,2001JJ00,3499.0,990.0,824.0,11958.0,252.0,44022.0,7983.0,309194.0,29.8,209217.0,24254713.0,2635.0
763,55,2002JJ00,3406.0,1011.0,-134.0,9952.0,256.0,38550.0,7153.0,308226.0,29.1,171580.0,23418196.0,2513.0
764,55,2003JJ00,3621.0,988.0,162.0,8282.0,280.0,33078.0,7159.0,308801.0,29.0,148699.0,24827145.0,2631.0
765,55,2004JJ00,3527.0,966.0,-796.0,6276.0,287.0,27606.0,6329.0,306866.0,28.2,111063.0,23990627.0,2510.0
766,55,2005JJ00,3126.0,912.0,-2529.0,4938.0,287.0,24301.0,4745.0,300485.0,27.0,77488.0,21326901.0,2210.0
767,55,2006JJ00,3596.0,428.0,-2563.0,-868.0,262.0,21287.0,4525.0,256690.0,20.2,239550.0,20703988.0,2310.0
768,55,2007JJ00,3602.0,377.0,-521.0,1448.0,269.0,26869.0,5442.0,326581.0,23.6,606744.0,21832088.0,2790.0
769,55,2008JJ00,3320.0,131.0,-2332.0,-1090.0,271.0,25235.0,4670.0,330395.0,21.6,324956.0,24370128.0,2762.0
770,56,1995JJ00,276.0,35.0,1114.0,297.0,16.0,360.0,742.0,2228.0,1.0,14450.0,2297947.0,244.0
771,56,1996JJ00,359.0,0.0,0.0,0.0,0.0,252.0,0.0,0.0,0.0,0.0,0.0,0.0
772,56,1997JJ00,359.0,0.0,0.0,0.0,0.0,180.0,0.0,0.0,0.0,0.0,0.0,0.0
773,56,1998JJ00,0.0,0.0,0.0,0.0,0.0,108.0,0.0,0.0,0.0,0.0,0.0,0.0
774,56,1999JJ00,0.0,0.0,0.0,0.0,0.0,36.0,0.0,0.0,0.0,0.0,0.0,0.0
775,56,2000JJ00,0.0,0.0,0.0,0.0,0.0,0.0,0.0,0.0,0.0,0.0,0.0,0.0
776,56,2001JJ00,0.0,0.0,0.0,0.0,0.0,0.0,0.0,0.0,0.0,0.0,0.0,0.0
777,56,2002JJ00,0.0,43.0,0.0,0.0,0.0,0.0,0.0,0.0,0.2,0.0,0.0,0.0
778,56,2003JJ00,309.0,43.0,1254.0,335.0,16.0,0.0,837.0,2510.0,1.0,14756.0,2245467.0,239.0
779,56,2004JJ00,309.0,43.0,1254.0,335.0,16.0,0.0,837.0,2510.0,1.0,14756.0,2245467.0,239.0
780,56,2005JJ00,0.0,0.0,0.0,0.0,0.0,0.0,0.0,0.0,0.0,0.0,0.0,0.0
781,56,2006JJ00,0.0,0.0,0.0,0.0,0.0,0.0,0.0,0.0,0.0,0.0,0.0,0.0
782,56,2007JJ00,0.0,0.0,0.0,0.0,0.0,0.0,0.0,0.0,0.0,0.0,0.0,0.0
783,56,2008JJ00,0.0,0.0,0.0,0.0,0.0,0.0,0.0,0.0,0.0,0.0,0.0,0.0
784,57,1995JJ00,4280.0,1899.0,1482.0,23289.0,735.0,40177.0,8756.0,141399.0,48.6,0.0,25738503.0,2574.0
785,57,1996JJ00,3564.0,1735.0,1481.0,25890.0,698.0,40758.0,7908.0,139709.0,47.3,0.0,24692444.0,2469.0
786,57,1997JJ00,3087.0,1625.0,1481.0,27624.0,662.0,41146.0,7342.0,138019.0,46.0,0.0,23995070.0,2400.0
787,57,1998JJ00,2609.0,1516.0,1480.0,29358.0,589.0,41534.0,6777.0,134640.0,43.5,0.0,23297697.0,2330.0
788,57,1999JJ00,2132.0,1406.0,1479.0,31092.0,516.0,41922.0,6211.0,131261.0,40.9,0.0,22600324.0,2260.0
789,57,2000JJ00,1893.0,1352.0,1479.0,31959.0,369.0,42116.0,5928.0,124502.0,35.8,0.0,22251637.0,2225.0
790,57,2001JJ00,1803.0,1154.0,1400.0,27805.0,369.0,35612.0,5678.0,119740.0,33.0,0.0,21909824.0,2191.0
791,57,2002JJ00,1712.0,1023.0,1347.0,25035.0,369.0,31276.0,5510.0,114979.0,31.1,0.0,21681949.0,2168.0
792,57,2003JJ00,1622.0,892.0,1295.0,22266.0,369.0,26939.0,5343.0,105456.0,29.0,0.0,21454074.0,2145.0
793,57,2004JJ00,1531.0,760.0,1242.0,19496.0,369.0,22603.0,5176.0,95932.0,26.9,0.0,21226198.0,2123.0
794,57,2005JJ00,1441.0,694.0,1216.0,18111.0,369.0,20435.0,5093.0,76886.0,25.4,0.0,21112261.0,2111.0
795,57,2006JJ00,1378.0,674.0,1213.0,17825.0,365.0,18391.0,4976.0,75490.0,24.9,0.0,20648264.0,2065.0
796,57,2007JJ00,1331.0,658.0,1211.0,17604.0,362.0,16839.0,4851.0,74426.0,24.6,0.0,20476674.0,2048.0
797,57,2008JJ00,1276.0,640.0,1208.0,17351.0,358.0,15040.0,4750.0,73196.0,24.1,0.0,20173307.0,2017.0
798,58,1995JJ00,610.0,-49.0,3666.0,10680.0,-611.0,24727.0,-4666.0,169415.0,-10.2,1781542.0,1197645.0,1901.0
799,58,1996JJ00,938.0,-132.0,2801.0,2378.0,-562.0,20173.0,-2376.0,171040.0,-11.9,1326781.0,1815708.0,1508.0
800,58,1997JJ00,1156.0,-188.0,2224.0,-3156.0,-513.0,17137.0,-849.0,172664.0,-12.5,1023607.0,2227749.0,1246.0
801,58,1998JJ00,1374.0,-244.0,1647.0,-8691.0,-415.0,14101.0,678.0,175913.0,-11.3,720433.0,2639791.0,984.0
802,58,1999JJ00,1592.0,-300.0,1070.0,-14225.0,-317.0,11064.0,2205.0,179162.0,-10.2,417259.0,3051832.0,722.0
803,58,2000JJ00,1701.0,-328.0,782.0,-16992.0,-121.0,9546.0,2969.0,185659.0,-4.6,265672.0,3257853.0,591.0
804,58,2001JJ00,1697.0,-165.0,-576.0,-15847.0,-117.0,8410.0,2306.0,189453.0,-3.2,209217.0,2344889.0,444.0
805,58,2002JJ00,1693.0,-55.0,-1481.0,-15083.0,-114.0,7274.0,1642.0,193247.0,-2.2,171580.0,1736247.0,345.0
806,58,2003JJ00,1690.0,54.0,-2387.0,-14319.0,-106.0,6138.0,979.0,200835.0,-1.0,133943.0,1127604.0,247.0
807,58,2004JJ00,1687.0,163.0,-3292.0,-13555.0,-98.0,5002.0,315.0,208423.0,0.2,96307.0,518962.0,148.0
808,58,2005JJ00,1686.0,217.0,-3745.0,-13174.0,-82.0,3866.0,-348.0,223599.0,1.6,77488.0,214641.0,99.0
809,58,2006JJ00,2218.0,-246.0,-3776.0,-18694.0,-103.0,2895.0,-451.0,181200.0,-4.7,239550.0,55724.0,245.0
810,58,2007JJ00,2271.0,-282.0,-1732.0,-16156.0,-93.0,10030.0,591.0,252155.0,-0.9,606744.0,1355414.0,742.0
811,58,2008JJ00,2043.0,-509.0,-3540.0,-18440.0,-87.0,10195.0,-80.0,257199.0,-2.6,324956.0,4196821.0,745.0
812,59,1995JJ00,17439.0,4143.0,56269.0,342137.0,1722.0,168652.0,79231.0,913827.0,233.6,24927149.0,224241804.0,47351.0
813,59,1996JJ00,16725.0,3634.0,47904.0,337421.0,1090.0,153821.0,75524.0,894749.0,206.5,22727591.0,177963898.0,40524.0
814,59,1997JJ00,16794.0,3399.0,43952.0,326638.0,1045.0,151313.0,73320.0,874043.0,199.3,23855704.0,175905859.0,41446.0
815,59,1998JJ00,17182.0,3124.0,41970.0,322244.0,1007.0,145374.0,73289.0,904202.0,195.9,28981879.0,243649436.0,53347.0
816,59,1999JJ00,16652.0,2912.0,38895.0,329783.0,1004.0,142262.0,74495.0,885312.0,196.4,25420067.0,202297407.0,45650.0
817,59,2000JJ00,16383.0,2908.0,36017.0,310160.0,926.0,140195.0,71547.0,870417.0,186.5,22412425.0,214988658.0,43911.0
818,59,2001JJ00,16180.0,2846.0,33382.0,311603.0,912.0,131085.0,70214.0,876807.0,185.9,22622286.0,202218265.0,42844.0
819,59,2002JJ00,15744.0,2722.0,29717.0,309133.0,910.0,124143.0,65628.0,871152.0,183.8,22607993.0,191038023.0,41712.0
820,59,2003JJ00,15789.0,2663.0,29862.0,244412.0,909.0,117200.0,63454.0,861956.0,161.3,19650268.0,165457155.0,36196.0
821,59,2004JJ00,15456.0,2567.0,29442.0,252897.0,837.0,110258.0,61680.0,873846.0,161.3,20788727.0,186655368.0,39454.0
822,59,2005JJ00,14860.0,2382.0,28463.0,236080.0,800.0,105484.0,56132.0,801688.0,150.8,20536074.0,169855929.0,37522.0
823,59,2006JJ00,14929.0,1863.0,28535.0,227606.0,760.0,101277.0,55978.0,742107.0,141.9,20226841.0,169961612.0,37223.0
824,59,2007JJ00,15724.0,2094.0,28494.0,238917.0,735.0,106587.0,63870.0,865266.0,150.4,22315390.0,200276948.0,42343.0
825,59,2008JJ00,14975.0,1720.0,24502.0,227774.0,719.0,102922.0,57287.0,832840.0,142.8,21229565.0,176356424.0,38865.0
826,60,1995JJ00,203794.0,12097.0,566132.0,566378.0,3862.0,518343.0,403103.0,2892268.0,538.2,23361238.0,474013164.0,70763.0
827,60,1996JJ00,97770.0,7191.0,200490.0,356488.0,2330.0,300108.0,203435.0,1875938.0,324.8,15770000.0,288030000.0,44573.0
828,60,1997JJ00,106660.0,9136.0,245730.0,363503.0,2640.0,297528.0,227350.0,2457971.0,369.2,16520000.0,296605000.0,46181.0
829,60,1998JJ00,164950.0,15736.0,483605.0,606227.0,3240.0,554839.0,438280.0,2862767.0,542.2,23660000.0,401360000.0,63796.0
830,60,1999JJ00,246020.0,16065.0,351530.0,655892.0,3284.0,600450.0,483760.0,3003393.0,571.2,24610000.0,391280000.0,63738.0
831,60,2000JJ00,140262.0,9466.0,130909.0,436842.0,2130.0,346303.0,264467.0,1778589.0,356.4,19404789.0,340277666.0,53433.0
832,60,2001JJ00,136515.0,12462.0,423490.0,577122.0,3338.0,432296.0,341331.0,2519155.0,497.8,12928556.0,389584695.0,51887.0
833,60,2002JJ00,156707.0,13227.0,461108.0,549865.0,2409.0,516444.0,381481.0,2987640.0,484.1,26933012.0,386227197.0,65556.0
834,60,2003JJ00,82676.0,10805.0,476459.0,525800.0,3297.0,493161.0,368565.0,2573924.0,472.0,17898438.0,256281406.0,43527.0
835,60,2004JJ00,129255.0,11220.0,227557.0,444389.0,1656.0,271650.0,221620.0,1802248.0,352.4,16933449.0,270209036.0,43954.0
836,60,2005JJ00,119067.0,9962.0,197700.0,337338.0,1554.0,211513.0,235307.0,1665288.0,297.8,9855429.0,259809528.0,35836.0
837,60,2006JJ00,131720.0,18390.0,205967.0,324061.0,1372.0,199332.0,234469.0,1612949.0,328.8,9841643.0,276931799.0,37535.0
838,60,2007JJ00,146097.0,9932.0,219790.0,370451.0,1675.0,220949.0,260295.0,1884017.0,324.0,11270400.0,294373642.0,40708.0
839,60,2008JJ00,128023.0,7322.0,161582.0,289055.0,918.0,145756.0,196170.0,1405695.0,235.5,13329228.0,260787665.0,39408.0
840,61,1995JJ00,203794.0,12081.0,566132.0,552613.0,3862.0,516946.0,403103.0,2857764.0,532.3,23361238.0,474013164.0,70763.0
841,61,1996JJ00,97770.0,7175.0,200490.0,342820.0,2330.0,299130.0,203435.0,1841600.0,319.0,15770000.0,288030000.0,44573.0
842,61,1997JJ00,106660.0,9120.0,245730.0,349900.0,2640.0,296830.0,227350.0,2423800.0,363.4,16520000.0,296605000.0,46181.0
843,61,1998JJ00,164950.0,15720.0,483605.0,592690.0,3240.0,554420.0,438280.0,2828930.0,536.5,23660000.0,401360000.0,63796.0
844,61,1999JJ00,246020.0,16050.0,351530.0,642420.0,3284.0,600310.0,483760.0,2969890.0,565.5,24610000.0,391280000.0,63738.0
845,61,2000JJ00,140262.0,9450.0,130909.0,423402.0,2130.0,346303.0,264467.0,1745754.0,350.7,19404789.0,340277666.0,53433.0
846,61,2001JJ00,136515.0,12447.0,423490.0,563175.0,3338.0,432296.0,341331.0,2486128.0,492.0,12928556.0,389584695.0,51887.0
847,61,2002JJ00,156707.0,13211.0,461108.0,535411.0,2409.0,516444.0,381481.0,2954421.0,478.1,26933012.0,386227197.0,65556.0
848,61,2003JJ00,82676.0,10789.0,476459.0,510839.0,3297.0,493161.0,368565.0,2539936.0,465.8,17898438.0,256281406.0,43527.0
849,61,2004JJ00,129255.0,11204.0,227557.0,428921.0,1656.0,271650.0,221620.0,1767876.0,346.0,16933449.0,270209036.0,43954.0
850,61,2005JJ00,119067.0,9946.0,197700.0,321363.0,1554.0,211513.0,235307.0,1631474.0,291.3,9855429.0,259809528.0,35836.0
851,61,2006JJ00,131720.0,18373.0,205967.0,308415.0,1372.0,199332.0,234469.0,1578784.0,322.4,9841643.0,276931799.0,37535.0
852,61,2007JJ00,146097.0,9918.0,219790.0,354457.0,1675.0,220949.0,260295.0,1852244.0,317.5,11270400.0,294373642.0,40708.0
853,61,2008JJ00,128023.0,7307.0,161582.0,272519.0,918.0,145756.0,196170.0,1374102.0,228.9,13329228.0,260787665.0,39408.0
854,62,1995JJ00,0.0,16.0,0.0,13765.0,0.0,1397.0,0.0,34505.0,5.9,0.0,0.0,0.0
855,62,1996JJ00,0.0,16.0,0.0,13668.0,0.0,978.0,0.0,34338.0,5.8,0.0,0.0,0.0
856,62,1997JJ00,0.0,16.0,0.0,13603.0,0.0,698.0,0.0,34171.0,5.8,0.0,0.0,0.0
857,62,1998JJ00,0.0,16.0,0.0,13537.0,0.0,419.0,0.0,33837.0,5.7,0.0,0.0,0.0
858,62,1999JJ00,0.0,15.0,0.0,13472.0,0.0,140.0,0.0,33503.0,5.7,0.0,0.0,0.0
859,62,2000JJ00,0.0,15.0,0.0,13440.0,0.0,0.0,0.0,32835.0,5.7,0.0,0.0,0.0
860,62,2001JJ00,0.0,15.0,0.0,13947.0,0.0,0.0,0.0,33027.0,5.8,0.0,0.0,0.0
861,62,2002JJ00,0.0,16.0,0.0,14454.0,0.0,0.0,0.0,33219.0,6.0,0.0,0.0,0.0
862,62,2003JJ00,0.0,16.0,0.0,14961.0,0.0,0.0,0.0,33988.0,6.2,0.0,0.0,0.0
863,62,2004JJ00,0.0,16.0,0.0,15468.0,0.0,0.0,0.0,34372.0,6.4,0.0,0.0,0.0
864,62,2005JJ00,0.0,16.0,0.0,15975.0,0.0,0.0,0.0,33814.0,6.5,0.0,0.0,0.0
865,62,2006JJ00,0.0,16.0,0.0,15646.0,0.0,0.0,0.0,34165.0,6.4,0.0,0.0,0.0
866,62,2007JJ00,0.0,15.0,0.0,15994.0,0.0,0.0,0.0,31773.0,6.5,0.0,0.0,0.0
867,62,2008JJ00,0.0,15.0,0.0,16535.0,0.0,0.0,0.0,31593.0,6.6,0.0,0.0,0.0
868,63,1995JJ00,221233.0,16240.0,622401.0,908515.0,5584.0,686995.0,482334.0,3806096.0,771.5,48288387.0,698254968.0,118114.0
869,63,1996JJ00,114495.0,10825.0,248394.0,693909.0,3420.0,453929.0,278959.0,2770686.0,531.3,38497591.0,465993898.0,85097.0
870,63,1997JJ00,123454.0,12534.0,289682.0,690140.0,3685.0,448841.0,300670.0,3332014.0,568.5,40375704.0,472510859.0,87627.0
871,63,1998JJ00,182132.0,18860.0,525575.0,928471.0,4247.0,700213.0,511569.0,3766969.0,738.2,52641879.0,645009436.0,117143.0
872,63,1999JJ00,262672.0,18978.0,390425.0,985676.0,4288.0,742711.0,558255.0,3888705.0,767.6,50030067.0,593577407.0,109388.0
873,63,2000JJ00,156645.0,12374.0,166926.0,747001.0,3057.0,486498.0,336014.0,2649006.0,542.9,41817214.0,555266324.0,97344.0
874,63,2001JJ00,152695.0,15309.0,456872.0,888724.0,4250.0,563381.0,411545.0,3395963.0,683.7,35550842.0,591802960.0,94731.0
875,63,2002JJ00,172451.0,15949.0,490825.0,858997.0,3319.0,640587.0,447109.0,3858792.0,667.8,49541005.0,577265220.0,107268.0
876,63,2003JJ00,98465.0,13468.0,506321.0,770211.0,4206.0,610361.0,432019.0,3435880.0,633.3,37548706.0,421738561.0,79723.0
877,63,2004JJ00,144711.0,13787.0,256999.0,697285.0,2493.0,381908.0,283300.0,2676094.0,513.7,37722176.0,456864404.0,83409.0
878,63,2005JJ00,133927.0,12344.0,226162.0,573417.0,2354.0,316997.0,291439.0,2466975.0,448.7,30391504.0,429665457.0,73358.0
879,63,2006JJ00,146649.0,20252.0,234502.0,551667.0,2132.0,300608.0,290447.0,2355056.0,470.8,30068483.0,446893411.0,74758.0
880,63,2007JJ00,161821.0,12026.0,248284.0,609368.0,2410.0,327536.0,324165.0,2749283.0,474.5,33585790.0,494650591.0,83051.0
881,63,2008JJ00,142998.0,9042.0,186084.0,516829.0,1637.0,248678.0,253457.0,2238535.0,378.3,34558794.0,437144089.0,78273.0
882,64,1995JJ00,5673.0,1605.0,37098.0,183429.0,710.0,76552.0,30951.0,450635.0,113.0,13756000.0,83978000.0,22154.0
883,64,1996JJ00,4731.0,1628.0,24789.0,160207.0,605.0,60576.0,30531.0,413666.0,99.4,13473546.0,82909766.0,21765.0
884,64,1997JJ00,5048.0,904.0,19015.0,164240.0,550.0,51077.0,25041.0,386272.0,93.8,13577547.0,84738592.0,22051.0
885,64,1998JJ00,7085.0,995.0,21441.0,156637.0,533.0,60936.0,28142.0,463360.0,94.4,13693601.0,85558561.0,22249.0
886,64,1999JJ00,6101.0,1053.0,23710.0,170042.0,582.0,62507.0,32419.0,475242.0,101.2,13292859.0,85151566.0,21808.0
887,64,2000JJ00,5801.0,1030.0,22707.0,156891.0,511.0,59425.0,25394.0,438782.0,93.0,13300000.0,84726000.0,21773.0
888,64,2001JJ00,6433.0,1058.0,20375.0,165466.0,515.0,66331.0,25752.0,477901.0,97.7,13850176.0,85674299.0,22418.0
889,64,2002JJ00,6252.0,908.0,17986.0,147146.0,490.0,55224.0,21119.0,462072.0,88.9,14225818.0,85954910.0,22821.0
890,64,2003JJ00,5959.0,931.0,16572.0,150836.0,524.0,50707.0,19808.0,401235.0,89.1,14102261.0,83694606.0,22472.0
891,64,2004JJ00,5835.0,1195.0,16158.0,157893.0,403.0,49276.0,21966.0,448136.0,90.2,14328068.0,84243808.0,22752.0
892,64,2005JJ00,5891.0,1317.0,17128.0,159754.0,419.0,43817.0,21507.0,469266.0,92.5,14425000.0,84825000.0,22908.0
893,64,2006JJ00,6134.0,913.0,17289.0,149586.0,376.0,42237.0,20627.0,435888.0,84.5,14341000.0,85842000.0,22925.0
894,64,2007JJ00,6582.0,799.0,18086.0,155909.0,379.0,48951.0,21936.0,485009.0,88.1,14968000.0,87817000.0,23750.0
895,64,2008JJ00,6128.0,582.0,15729.0,150881.0,363.0,47082.0,20857.0,486565.0,84.6,14951000.0,89310000.0,23882.0
896,65,1995JJ00,370962.0,27270.0,1030517.0,768168.0,4571.0,868802.0,733759.0,5525805.0,842.0,31800000.0,551252000.0,86925.0
897,65,1996JJ00,103367.0,8091.0,211966.0,336453.0,3191.0,372586.0,215080.0,1930701.0,357.0,19878000.0,284780000.0,48356.0
898,65,1997JJ00,59760.0,3962.0,137678.0,278240.0,2390.0,225142.0,127380.0,1231388.0,253.8,15700000.0,279200000.0,43620.0
899,65,1998JJ00,75818.0,9582.0,222285.0,324633.0,2090.0,254885.0,201452.0,1257942.0,294.4,18200000.0,358000000.0,54000.0
900,65,1999JJ00,102134.0,8242.0,145936.0,324025.0,1880.0,235428.0,200830.0,1198846.0,277.3,18342000.0,329740000.0,51316.0
901,65,2000JJ00,93107.0,6902.0,86898.0,323421.0,1670.0,216400.0,175555.0,1139304.0,257.4,17500000.0,338600000.0,51360.0
902,65,2001JJ00,112974.0,12402.0,350463.0,472645.0,3196.0,361700.0,282472.0,2054571.0,434.4,13200000.0,359700000.0,49170.0
903,65,2002JJ00,117243.0,9562.0,344987.0,518250.0,3278.0,375560.0,285412.0,2112619.0,440.8,27468000.0,408060000.0,68274.0
904,65,2003JJ00,18824.0,3817.0,108481.0,235336.0,1133.0,65456.0,83916.0,514459.0,161.3,11008000.0,202225000.0,31231.0
905,65,2004JJ00,71447.0,6267.0,125785.0,258777.0,1585.0,176986.0,122503.0,938025.0,220.9,15857000.0,261763000.0,42033.0
906,65,2005JJ00,60340.0,4414.0,100189.0,202698.0,1311.0,104355.0,119248.0,799877.0,174.2,9920542.0,229348752.0,32855.0
907,65,2006JJ00,73638.0,8498.0,115145.0,227277.0,3611.0,120621.0,131079.0,826617.0,283.0,10628194.0,246565802.0,35285.0
908,65,2007JJ00,95916.0,7079.0,144298.0,256523.0,1108.0,126784.0,170890.0,1224889.0,219.1,13404045.0,259692919.0,39373.0
909,65,2008JJ00,113856.0,6753.0,143702.0,258738.0,993.0,120482.0,174463.0,1230097.0,216.1,13380476.0,254193563.0,38800.0
910,66,1995JJ00,370962.0,27268.0,1030517.0,766508.0,4571.0,864518.0,733759.0,5514971.0,840.9,31800000.0,551252000.0,86925.0
911,66,1996JJ00,103367.0,8089.0,211966.0,334805.0,3191.0,369587.0,215080.0,1920090.0,356.0,19878000.0,284780000.0,48356.0
912,66,1997JJ00,59760.0,3960.0,137678.0,276600.0,2390.0,223000.0,127380.0,1221000.0,252.8,15700000.0,279200000.0,43620.0
913,66,1998JJ00,75818.0,9580.0,222285.0,323000.0,2090.0,253600.0,201452.0,1248000.0,293.5,18200000.0,358000000.0,54000.0
914,66,1999JJ00,102134.0,8240.0,145936.0,322400.0,1880.0,235000.0,200830.0,1189350.0,276.4,18342000.0,329740000.0,51316.0
915,66,2000JJ00,93107.0,6900.0,86898.0,321800.0,1670.0,216400.0,175555.0,1130700.0,256.6,17500000.0,338600000.0,51360.0
916,66,2001JJ00,112974.0,12400.0,350463.0,471000.0,3196.0,361700.0,282472.0,2046000.0,433.5,13200000.0,359700000.0,49170.0
917,66,2002JJ00,117243.0,9560.0,344987.0,516580.0,3278.0,375560.0,285412.0,2104080.0,439.9,27468000.0,408060000.0,68274.0
918,66,2003JJ00,18824.0,3815.0,108481.0,233642.0,1133.0,65456.0,83916.0,506050.0,160.4,11008000.0,202225000.0,31231.0
919,66,2004JJ00,71447.0,6265.0,125785.0,257058.0,1585.0,176986.0,122503.0,929681.0,220.1,15857000.0,261763000.0,42033.0
920,66,2005JJ00,60340.0,4412.0,100189.0,200955.0,1311.0,104355.0,119248.0,791638.0,173.4,9920542.0,229348752.0,32855.0
921,66,2006JJ00,73638.0,8497.0,115145.0,225538.0,3611.0,120621.0,131079.0,819242.0,282.1,10628194.0,246565802.0,35285.0
922,66,2007JJ00,95916.0,7076.0,144298.0,253288.0,1108.0,126784.0,170890.0,1213167.0,217.6,13404045.0,259692919.0,39373.0
923,66,2008JJ00,113856.0,6750.0,143702.0,255160.0,993.0,120482.0,174463.0,1217973.0,214.5,13380476.0,254193563.0,38800.0
924,67,1995JJ00,0.0,2.0,0.0,1660.0,0.0,4284.0,0.0,10834.0,1.1,0.0,0.0,0.0
925,67,1996JJ00,0.0,2.0,0.0,1648.0,0.0,2999.0,0.0,10611.0,1.0,0.0,0.0,0.0
926,67,1997JJ00,0.0,2.0,0.0,1640.0,0.0,2142.0,0.0,10388.0,1.0,0.0,0.0,0.0
927,67,1998JJ00,0.0,2.0,0.0,1633.0,0.0,1285.0,0.0,9942.0,0.9,0.0,0.0,0.0
928,67,1999JJ00,0.0,2.0,0.0,1625.0,0.0,428.0,0.0,9496.0,0.9,0.0,0.0,0.0
929,67,2000JJ00,0.0,2.0,0.0,1621.0,0.0,0.0,0.0,8604.0,0.8,0.0,0.0,0.0
930,67,2001JJ00,0.0,2.0,0.0,1645.0,0.0,0.0,0.0,8571.0,0.8,0.0,0.0,0.0
931,67,2002JJ00,0.0,2.0,0.0,1670.0,0.0,0.0,0.0,8539.0,0.9,0.0,0.0,0.0
932,67,2003JJ00,0.0,2.0,0.0,1694.0,0.0,0.0,0.0,8409.0,0.9,0.0,0.0,0.0
933,67,2004JJ00,0.0,2.0,0.0,1719.0,0.0,0.0,0.0,8344.0,0.9,0.0,0.0,0.0
934,67,2005JJ00,0.0,2.0,0.0,1743.0,0.0,0.0,0.0,8238.0,0.9,0.0,0.0,0.0
935,67,2006JJ00,0.0,2.0,0.0,1738.0,0.0,0.0,0.0,7375.0,0.8,0.0,0.0,0.0
936,67,2007JJ00,0.0,3.0,0.0,3235.0,0.0,0.0,0.0,11722.0,1.5,0.0,0.0,0.0
937,67,2008JJ00,0.0,3.0,0.0,3578.0,0.0,0.0,0.0,12124.0,1.6,0.0,0.0,0.0
938,68,1995JJ00,-155401.0,-12635.0,-445214.0,-43082.0,303.0,-258360.0,-282376.0,-2170344.0,-183.5,2732387.0,63024968.0,9035.0
939,68,1996JJ00,6398.0,1106.0,11638.0,197249.0,-376.0,20767.0,33348.0,426319.0,74.9,5146045.0,98304132.0,14976.0
940,68,1997JJ00,58647.0,7668.0,132989.0,247659.0,745.0,172621.0,148249.0,1714354.0,221.0,11098156.0,108572266.0,21955.0
941,68,1998JJ00,99228.0,8283.0,281849.0,447202.0,1624.0,384392.0,281975.0,2045667.0,349.4,20748278.0,201450875.0,40893.0
942,68,1999JJ00,154437.0,9683.0,220779.0,491609.0,1826.0,444776.0,325006.0,2214617.0,389.1,18395208.0,178685841.0,36264.0
943,68,2000JJ00,57737.0,4442.0,57320.0,266690.0,876.0,210673.0,135065.0,1070921.0,192.5,11017214.0,131940324.0,24211.0
944,68,2001JJ00,33287.0,1849.0,86033.0,250613.0,538.0,135350.0,103320.0,863490.0,151.7,8500666.0,146428661.0,23144.0
945,68,2002JJ00,48956.0,5479.0,127852.0,193602.0,-449.0,209803.0,140577.0,1284101.0,138.2,7847186.0,83250310.0,16172.0
946,68,2003JJ00,73682.0,8719.0,381269.0,384038.0,2549.0,494199.0,328295.0,2520186.0,383.0,12438445.0,135818954.0,26020.0
947,68,2004JJ00,67429.0,6326.0,115056.0,280616.0,505.0,155646.0,138831.0,1289933.0,202.6,7537108.0,110857597.0,18623.0
948,68,2005JJ00,67696.0,6613.0,108845.0,210966.0,623.0,168825.0,150684.0,1197833.0,182.0,6045962.0,115491705.0,17595.0
949,68,2006JJ00,66877.0,10841.0,102068.0,174805.0,-1855.0,137750.0,138741.0,1092551.0,103.3,5099290.0,114485608.0,16548.0
950,68,2007JJ00,59323.0,4149.0,85900.0,196936.0,923.0,151801.0,131339.0,1039385.0,167.2,5213745.0,147140672.0,19928.0
951,68,2008JJ00,23014.0,1706.0,26652.0,107209.0,281.0,81114.0,58137.0,521873.0,77.6,6227318.0,93640526.0,15591.0
952,69,1995JJ00,221233.0,16240.0,622401.0,908515.0,5584.0,686995.0,482334.0,3806096.0,771.5,48288387.0,698254968.0,118114.0
953,69,1996JJ00,114495.0,10825.0,248394.0,693909.0,3420.0,453929.0,278959.0,2770686.0,531.3,38497591.0,465993898.0,85097.0
954,69,1997JJ00,123454.0,12534.0,289682.0,690140.0,3685.0,448841.0,300670.0,3332014.0,568.5,40375704.0,472510859.0,87627.0
955,69,1998JJ00,182132.0,18860.0,525575.0,928471.0,4247.0,700213.0,511569.0,3766969.0,738.2,52641879.0,645009436.0,117143.0
956,69,1999JJ00,262672.0,18978.0,390425.0,985676.0,4288.0,742711.0,558255.0,3888705.0,767.6,50030067.0,593577407.0,109388.0
957,69,2000JJ00,156645.0,12374.0,166926.0,747001.0,3057.0,486498.0,336014.0,2649006.0,542.9,41817214.0,555266324.0,97344.0
958,69,2001JJ00,152695.0,15309.0,456872.0,888724.0,4250.0,563381.0,411545.0,3395963.0,683.7,35550842.0,591802960.0,94731.0
959,69,2002JJ00,172451.0,15949.0,490825.0,858997.0,3319.0,640587.0,447109.0,3858792.0,667.8,49541005.0,577265220.0,107268.0
960,69,2003JJ00,98465.0,13468.0,506321.0,770211.0,4206.0,610361.0,432019.0,3435880.0,633.3,37548706.0,421738561.0,79723.0
961,69,2004JJ00,144711.0,13787.0,256999.0,697285.0,2493.0,381908.0,283300.0,2676094.0,513.7,37722176.0,456864404.0,83409.0
962,69,2005JJ00,133927.0,12344.0,226162.0,573417.0,2354.0,316997.0,291439.0,2466975.0,448.7,30391504.0,429665457.0,73358.0
963,69,2006JJ00,146649.0,20252.0,234502.0,551667.0,2132.0,300608.0,290447.0,2355056.0,470.8,30068483.0,446893411.0,74758.0
964,69,2007JJ00,161821.0,12026.0,248284.0,609368.0,2410.0,327536.0,324165.0,2749283.0,474.5,33585790.0,494650591.0,83051.0
965,69,2008JJ00,142998.0,9042.0,186084.0,516829.0,1637.0,248678.0,253457.0,2238535.0,378.3,34558794.0,437144089.0,78273.0
