ID,SBI1993LeeftijdscatCaoSectoren,Perioden,CaoLonenInclBijzBelPerMaand_1,CaoLonenInclBijzBelPerUur_2
0,1000,1999MM01,122.9,125.4
1,1000,1999MM02,123.0,125.5
2,1000,1999MM03,123.3,125.9
3,1000,1999MM04,123.5,126.1
4,1000,1999MM05,123.6,126.3
5,1000,1999MM06,123.9,126.6
6,1000,1999MM07,124.6,127.3
7,1000,1999MM08,125.2,127.9
8,1000,1999MM09,125.6,128.3
9,1000,1999MM10,126.1,128.9
10,1000,1999MM11,126.3,129.2
11,1000,1999MM12,126.3,129.2
12,1000,1999JJ00,125.0,127.8
13,1000,2000MM01,126.8,129.6
14,1000,2000MM02,126.9,129.9
15,1000,2000MM03,127.1,130.0
16,1000,2000MM04,127.5,130.4
17,1000,2000MM05,127.5,130.5
18,1000,2000MM06,127.8,130.8
19,1000,2000MM07,128.9,131.9
20,1000,2000MM08,129.1,132.1
21,1000,2000MM09,129.7,132.7
22,1000,2000MM10,129.9,133.0
23,1000,2000MM11,130.0,133.1
24,1000,2000MM12,130.1,133.2
25,1000,2000JJ00,128.9,131.9
26,1000,2001MM01,130.9,134.0
27,1000,2001MM02,131.1,134.2
28,1000,2001MM03,131.5,134.6
29,1000,2001MM04,132.7,135.8
30,1000,2001MM05,133.3,136.5
31,1000,2001MM06,134.1,137.3
32,1000,2001MM07,135.6,138.8
33,1000,2001MM08,135.8,139.0
34,1000,2001MM09,135.9,139.2
35,1000,2001MM10,136.7,140.0
36,1000,2001MM11,136.8,140.0
37,1000,2001MM12,136.9,140.2
38,1000,2001JJ00,135.2,138.4
39,1000,2002MM01,137.8,141.1
40,1000,2002MM02,137.8,141.1
41,1000,2002MM03,138.2,141.5
42,1000,2002MM04,138.6,141.9
43,1000,2002MM05,139.0,142.3
44,1000,2002MM06,139.3,142.6
45,1000,2002MM07,140.6,143.9
46,1000,2002MM08,140.7,144.1
47,1000,2002MM09,141.1,144.5
48,1000,2002MM10,141.5,144.9
49,1000,2002MM11,141.5,144.9
50,1000,2002MM12,141.6,145.0
51,1000,2002JJ00,140.2,143.6
52,1000,2003MM01,142.6,146.0
53,1000,2003MM02,142.7,146.2
54,1000,2003MM03,142.9,146.3
55,1000,2003MM04,143.1,146.6
56,1000,2003MM05,143.7,147.1
57,1001,1999MM01,124.0,125.3
58,1001,1999MM02,124.0,125.3
59,1001,1999MM03,124.1,125.4
60,1001,1999MM04,124.1,125.4
61,1001,1999MM05,124.3,125.6
62,1001,1999MM06,124.6,126.0
63,1001,1999MM07,125.6,127.0
64,1001,1999MM08,125.9,127.3
65,1001,1999MM09,126.5,127.9
66,1001,1999MM10,127.1,128.5
67,1001,1999MM11,127.4,128.9
68,1001,1999MM12,127.4,128.9
69,1001,1999JJ00,125.8,127.4
70,1001,2000MM01,128.5,130.0
71,1001,2000MM02,128.9,130.4
72,1001,2000MM03,128.9,130.5
73,1001,2000MM04,129.1,130.6
74,1001,2000MM05,129.1,130.6
75,1001,2000MM06,129.2,130.7
76,1001,2000MM07,130.3,131.8
77,1001,2000MM08,130.6,132.1
78,1001,2000MM09,131.2,132.7
79,1001,2000MM10,131.6,133.0
80,1001,2000MM11,131.7,133.3
81,1001,2000MM12,131.8,133.4
82,1001,2000JJ00,130.4,131.9
83,1001,2001MM01,132.9,134.4
84,1001,2001MM02,133.4,134.9
85,1001,2001MM03,133.4,135.0
86,1001,2001MM04,136.9,138.6
87,1001,2001MM05,137.6,139.3
88,1001,2001MM06,137.9,139.6
89,1001,2001MM07,140.5,142.2
90,1001,2001MM08,140.6,142.3
91,1001,2001MM09,140.8,142.5
92,1001,2001MM10,141.1,142.8
93,1001,2001MM11,141.2,142.9
94,1001,2001MM12,141.3,143.0
95,1001,2001JJ00,139.4,141.1
96,1001,2002MM01,142.8,144.6
97,1001,2002MM02,142.9,144.6
98,1001,2002MM03,143.1,144.9
99,1001,2002MM04,143.2,145.0
100,1001,2002MM05,143.3,145.1
101,1001,2002MM06,143.4,145.2
102,1001,2002MM07,144.7,146.5
103,1001,2002MM08,144.9,146.7
104,1001,2002MM09,145.2,147.0
105,1001,2002MM10,146.2,147.9
106,1001,2002MM11,146.0,147.7
107,1001,2002MM12,146.0,147.8
108,1001,2002JJ00,144.5,146.2
109,1001,2003MM01,147.4,149.2
110,1001,2003MM02,147.5,149.3
111,1001,2003MM03,147.6,149.4
112,1001,2003MM04,147.9,149.7
113,1001,2003MM05,148.0,149.8
114,1002,1999MM01,122.8,125.4
115,1002,1999MM02,122.9,125.6
116,1002,1999MM03,123.2,126.0
117,1002,1999MM04,123.5,126.2
118,1002,1999MM05,123.6,126.3
119,1002,1999MM06,123.9,126.6
120,1002,1999MM07,124.5,127.3
121,1002,1999MM08,125.1,127.9
122,1002,1999MM09,125.5,128.3
123,1002,1999MM10,126.1,128.9
124,1002,1999MM11,126.2,129.2
125,1002,1999MM12,126.3,129.2
126,1002,1999JJ00,125.0,127.9
127,1002,2000MM01,126.6,129.6
128,1002,2000MM02,126.8,129.8
129,1002,2000MM03,127.0,130.0
130,1002,2000MM04,127.4,130.4
131,1002,2000MM05,127.4,130.4
132,1002,2000MM06,127.7,130.8
133,1002,2000MM07,128.8,131.9
134,1002,2000MM08,129.0,132.1
135,1002,2000MM09,129.6,132.7
136,1002,2000MM10,129.8,133.2
137,1002,2000MM11,129.9,133.1
138,1002,2000MM12,130.0,133.2
139,1002,2000JJ00,128.8,131.9
140,1002,2001MM01,130.7,133.9
141,1002,2001MM02,131.0,134.2
142,1002,2001MM03,131.3,134.5
143,1002,2001MM04,132.4,135.6
144,1002,2001MM05,133.0,136.3
145,1002,2001MM06,133.9,137.2
146,1002,2001MM07,135.2,138.6
147,1002,2001MM08,135.4,138.8
148,1002,2001MM09,135.6,138.9
149,1002,2001MM10,136.4,139.8
150,1002,2001MM11,136.5,139.8
151,1002,2001MM12,136.6,140.0
152,1002,2001JJ00,134.9,138.3
153,1002,2002MM01,137.4,140.8
154,1002,2002MM02,137.5,140.9
155,1002,2002MM03,137.9,141.3
156,1002,2002MM04,138.3,141.7
157,1002,2002MM05,138.7,142.2
158,1002,2002MM06,139.0,142.4
159,1002,2002MM07,140.3,143.7
160,1002,2002MM08,140.4,143.9
161,1002,2002MM09,140.9,144.3
162,1002,2002MM10,141.2,144.7
163,1002,2002MM11,141.2,144.7
164,1002,2002MM12,141.3,144.8
165,1002,2002JJ00,139.9,143.4
166,1002,2003MM01,142.3,145.8
167,1002,2003MM02,142.4,145.9
168,1002,2003MM03,142.6,146.1
169,1002,2003MM04,142.8,146.4
170,1002,2003MM05,143.4,146.9
171,1003,1999MM01,124.8,126.3
172,1003,1999MM02,125.0,126.4
173,1003,1999MM03,125.1,126.6
174,1003,1999MM04,125.3,126.8
175,1003,1999MM05,125.5,127.0
176,1003,1999MM06,125.8,127.3
177,1003,1999MM07,126.7,128.3
178,1003,1999MM08,127.1,128.6
179,1003,1999MM09,127.3,128.9
180,1003,1999MM10,128.0,129.6
181,1003,1999MM11,128.2,129.9
182,1003,1999MM12,128.2,129.9
183,1003,1999JJ00,126.9,128.5
184,1003,2000MM01,128.8,130.5
185,1003,2000MM02,129.0,130.7
186,1003,2000MM03,129.3,130.9
187,1003,2000MM04,129.7,131.4
188,1003,2000MM05,129.8,131.5
189,1003,2000MM06,129.9,131.6
190,1003,2000MM07,130.9,132.6
191,1003,2000MM08,131.1,132.9
192,1003,2000MM09,131.7,133.4
193,1003,2000MM10,132.1,133.8
194,1003,2000MM11,132.1,133.9
195,1003,2000MM12,132.2,134.0
196,1003,2000JJ00,130.8,132.6
197,1003,2001MM01,133.0,134.8
198,1003,2001MM02,133.2,135.1
199,1003,2001MM03,133.3,135.2
200,1003,2001MM04,134.9,136.8
201,1003,2001MM05,135.5,137.4
202,1003,2001MM06,136.1,138.0
203,1003,2001MM07,137.7,139.6
204,1003,2001MM08,138.0,139.9
205,1003,2001MM09,138.2,140.1
206,1003,2001MM10,138.8,140.7
207,1003,2001MM11,138.8,140.7
208,1003,2001MM12,139.0,140.9
209,1003,2001JJ00,137.2,139.2
210,1003,2002MM01,139.7,141.7
211,1003,2002MM02,139.8,141.8
212,1003,2002MM03,140.2,142.2
213,1003,2002MM04,140.6,142.6
214,1003,2002MM05,140.8,142.8
215,1003,2002MM06,141.1,143.1
216,1003,2002MM07,142.3,144.3
217,1003,2002MM08,142.5,144.5
218,1003,2002MM09,142.9,144.9
219,1003,2002MM10,143.4,145.4
220,1003,2002MM11,143.3,145.3
221,1003,2002MM12,143.3,145.3
222,1003,2002JJ00,142.0,144.0
223,1003,2003MM01,144.3,146.3
224,1003,2003MM02,144.5,146.6
225,1003,2003MM03,144.6,146.6
226,1003,2003MM04,145.0,147.0
227,1003,2003MM05,145.1,147.1
228,1004,1999MM01,118.5,123.3
229,1004,1999MM02,118.6,123.4
230,1004,1999MM03,119.9,124.8
231,1004,1999MM04,120.0,124.8
232,1004,1999MM05,120.0,124.8
233,1004,1999MM06,120.3,125.2
234,1004,1999MM07,120.3,125.2
235,1004,1999MM08,122.0,127.0
236,1004,1999MM09,122.0,127.0
237,1004,1999MM10,122.3,127.3
238,1004,1999MM11,122.3,127.3
239,1004,1999MM12,122.4,127.3
240,1004,1999JJ00,121.4,126.3
241,1004,2000MM01,122.2,127.2
242,1004,2000MM02,122.3,127.5
243,1004,2000MM03,122.3,127.5
244,1004,2000MM04,122.5,127.7
245,1004,2000MM05,122.3,127.5
246,1004,2000MM06,122.7,127.9
247,1004,2000MM07,124.3,129.6
248,1004,2000MM08,124.7,130.0
249,1004,2000MM09,125.5,130.8
250,1004,2000MM10,125.5,130.8
251,1004,2000MM11,125.9,131.3
252,1004,2000MM12,126.1,131.4
253,1004,2000JJ00,124.8,130.1
254,1004,2001MM01,126.7,132.1
255,1004,2001MM02,126.8,132.2
256,1004,2001MM03,128.2,133.7
257,1004,2001MM04,128.4,133.9
258,1004,2001MM05,129.5,135.0
259,1004,2001MM06,129.8,135.3
260,1004,2001MM07,129.8,135.4
261,1004,2001MM08,129.9,135.4
262,1004,2001MM09,130.0,135.5
263,1004,2001MM10,132.1,137.7
264,1004,2001MM11,132.1,137.8
265,1004,2001MM12,132.1,137.8
266,1004,2001JJ00,130.5,136.1
267,1004,2002MM01,133.5,139.2
268,1004,2002MM02,133.5,139.2
269,1004,2002MM03,133.9,139.6
270,1004,2002MM04,134.0,139.7
271,1004,2002MM05,135.3,141.1
272,1004,2002MM06,135.5,141.3
273,1004,2002MM07,136.7,142.5
274,1004,2002MM08,136.7,142.5
275,1004,2002MM09,136.7,142.6
276,1004,2002MM10,136.9,142.7
277,1004,2002MM11,137.4,143.3
278,1004,2002MM12,137.9,143.8
279,1004,2002JJ00,136.2,142.0
280,1004,2003MM01,138.2,144.1
281,1004,2003MM02,138.2,144.1
282,1004,2003MM03,138.6,144.5
283,1004,2003MM04,138.6,144.5
284,1004,2003MM05,141.2,147.2
285,1005,1999MM01,118.8,123.8
286,1005,1999MM02,118.8,123.8
287,1005,1999MM03,118.6,124.3
288,1005,1999MM04,118.7,124.5
289,1005,1999MM05,118.8,124.5
290,1005,1999MM06,118.8,124.5
291,1005,1999MM07,119.1,124.8
292,1005,1999MM08,119.5,125.3
293,1005,1999MM09,121.2,127.1
294,1005,1999MM10,121.5,127.6
295,1005,1999MM11,122.1,128.2
296,1005,1999MM12,122.1,128.2
297,1005,1999JJ00,120.6,126.5
298,1005,2000MM01,122.3,128.8
299,1005,2000MM02,122.3,128.8
300,1005,2000MM03,122.5,129.0
301,1005,2000MM04,122.6,129.1
302,1005,2000MM05,122.8,129.3
303,1005,2000MM06,124.1,130.6
304,1005,2000MM07,124.7,131.3
305,1005,2000MM08,124.7,131.3
306,1005,2000MM09,124.7,131.3
307,1005,2000MM10,125.0,131.7
308,1005,2000MM11,125.0,131.7
309,1005,2000MM12,125.1,131.7
310,1005,2000JJ00,124.1,130.7
311,1005,2001MM01,125.5,132.1
312,1005,2001MM02,125.9,132.6
313,1005,2001MM03,126.0,132.7
314,1005,2001MM04,126.9,133.6
315,1005,2001MM05,127.0,133.7
316,1005,2001MM06,130.1,136.9
317,1005,2001MM07,132.4,139.4
318,1005,2001MM08,132.5,139.5
319,1005,2001MM09,132.5,139.5
320,1005,2001MM10,132.5,139.5
321,1005,2001MM11,132.5,139.5
322,1005,2001MM12,132.6,139.7
323,1005,2001JJ00,131.2,138.1
324,1005,2002MM01,133.4,140.5
325,1005,2002MM02,133.5,140.5
326,1005,2002MM03,133.7,140.8
327,1005,2002MM04,134.0,141.0
328,1005,2002MM05,134.7,141.8
329,1005,2002MM06,134.9,142.0
330,1005,2002MM07,136.9,144.1
331,1005,2002MM08,136.7,143.9
332,1005,2002MM09,137.9,145.2
333,1005,2002MM10,138.2,145.5
334,1005,2002MM11,138.2,145.5
335,1005,2002MM12,138.2,145.5
336,1005,2002JJ00,136.5,143.7
337,1005,2003MM01,139.7,147.1
338,1005,2003MM02,139.7,147.1
339,1005,2003MM03,139.9,147.2
340,1005,2003MM04,139.9,147.3
341,1005,2003MM05,139.9,147.3
342,1033,1999MM01,122.9,125.4
343,1033,1999MM02,123.0,125.5
344,1033,1999MM03,123.3,125.9
345,1033,1999MM04,123.5,126.1
346,1033,1999MM05,123.6,126.3
347,1033,1999MM06,123.9,126.6
348,1033,1999MM07,124.6,127.3
349,1033,1999MM08,125.2,127.9
350,1033,1999MM09,125.6,128.3
351,1033,1999MM10,126.1,128.9
352,1033,1999MM11,126.3,129.2
353,1033,1999MM12,126.3,129.2
354,1033,1999JJ00,125.0,127.8
355,1033,2000MM01,126.8,129.6
356,1033,2000MM02,126.9,129.9
357,1033,2000MM03,127.1,130.0
358,1033,2000MM04,127.5,130.4
359,1033,2000MM05,127.5,130.5
360,1033,2000MM06,127.8,130.8
361,1033,2000MM07,128.9,131.9
362,1033,2000MM08,129.1,132.1
363,1033,2000MM09,129.7,132.7
364,1033,2000MM10,129.9,133.0
365,1033,2000MM11,130.0,133.1
366,1033,2000MM12,130.1,133.2
367,1033,2000JJ00,128.9,131.9
368,1033,2001MM01,130.9,134.0
369,1033,2001MM02,131.1,134.2
370,1033,2001MM03,131.5,134.6
371,1033,2001MM04,132.7,135.8
372,1033,2001MM05,133.3,136.5
373,1033,2001MM06,134.1,137.3
374,1033,2001MM07,135.6,138.8
375,1033,2001MM08,135.8,139.0
376,1033,2001MM09,135.9,139.2
377,1033,2001MM10,136.7,140.0
378,1033,2001MM11,136.8,140.0
379,1033,2001MM12,136.9,140.2
380,1033,2001JJ00,135.2,138.4
381,1033,2002MM01,137.8,141.1
382,1033,2002MM02,137.8,141.1
383,1033,2002MM03,138.2,141.5
384,1033,2002MM04,138.6,141.9
385,1033,2002MM05,139.0,142.3
386,1033,2002MM06,139.3,142.6
387,1033,2002MM07,140.6,143.9
388,1033,2002MM08,140.7,144.1
389,1033,2002MM09,141.1,144.5
390,1033,2002MM10,141.5,144.9
391,1033,2002MM11,141.5,144.9
392,1033,2002MM12,141.6,145.0
393,1033,2002JJ00,140.2,143.6
394,1033,2003MM01,142.6,146.0
395,1033,2003MM02,142.7,146.2
396,1033,2003MM03,142.9,146.3
397,1033,2003MM04,143.1,146.6
398,1033,2003MM05,143.7,147.1
399,1006,1999MM01,126.3,129.1
400,1006,1999MM02,126.3,129.1
401,1006,1999MM03,126.3,129.1
402,1006,1999MM04,126.3,129.1
403,1006,1999MM05,126.3,128.8
404,1006,1999MM06,126.3,129.1
405,1006,1999MM07,127.9,130.7
406,1006,1999MM08,128.0,130.8
407,1006,1999MM09,128.0,130.8
408,1006,1999MM10,128.0,130.8
409,1006,1999MM11,128.7,131.5
410,1006,1999MM12,128.7,131.5
411,1006,1999JJ00,127.9,130.7
412,1006,2000MM01,130.7,133.6
413,1006,2000MM02,130.7,133.6
414,1006,2000MM03,130.7,133.6
415,1006,2000MM04,130.7,133.6
416,1006,2000MM05,130.7,133.6
417,1006,2000MM06,130.7,133.6
418,1006,2000MM07,134.3,137.3
419,1006,2000MM08,134.6,137.5
420,1006,2000MM09,134.6,137.6
421,1006,2000MM10,134.6,137.6
422,1006,2000MM11,134.6,137.6
423,1006,2000MM12,134.6,137.6
424,1006,2000JJ00,133.5,136.4
425,1006,2001MM01,135.6,138.6
426,1006,2001MM02,135.6,138.6
427,1006,2001MM03,135.6,138.6
428,1006,2001MM04,135.6,138.6
429,1006,2001MM05,136.9,139.9
430,1006,2001MM06,136.9,139.9
431,1006,2001MM07,138.1,141.2
432,1006,2001MM08,138.2,141.2
433,1006,2001MM09,138.2,141.3
434,1006,2001MM10,138.4,141.4
435,1006,2001MM11,138.5,141.5
436,1006,2001MM12,138.5,141.5
437,1006,2001JJ00,137.7,140.8
438,1006,2002MM01,138.8,141.8
439,1006,2002MM02,140.6,143.6
440,1006,2002MM03,140.6,143.7
441,1006,2002MM04,140.6,143.7
442,1006,2002MM05,142.2,145.4
443,1006,2002MM06,142.2,145.4
444,1006,2002MM07,144.9,148.1
445,1006,2002MM08,144.9,148.1
446,1006,2002MM09,144.9,148.1
447,1006,2002MM10,145.3,148.5
448,1006,2002MM11,145.3,148.5
449,1006,2002MM12,145.3,148.5
450,1006,2002JJ00,143.7,146.8
451,1006,2003MM01,146.4,149.7
452,1006,2003MM02,147.1,150.3
453,1006,2003MM03,147.1,150.3
454,1006,2003MM04,147.2,150.5
455,1006,2003MM05,147.2,150.5
456,1007,1999MM01,125.6,126.8
457,1007,1999MM02,125.7,126.8
458,1007,1999MM03,125.9,127.1
459,1007,1999MM04,126.1,127.3
460,1007,1999MM05,126.1,127.4
461,1007,1999MM06,126.7,127.9
462,1007,1999MM07,128.0,129.2
463,1007,1999MM08,128.7,130.0
464,1007,1999MM09,128.8,130.1
465,1007,1999MM10,129.2,130.5
466,1007,1999MM11,129.2,130.8
467,1007,1999MM12,129.2,130.9
468,1007,1999JJ00,127.9,129.5
469,1007,2000MM01,129.8,131.4
470,1007,2000MM02,130.2,131.7
471,1007,2000MM03,130.4,131.9
472,1007,2000MM04,130.7,132.3
473,1007,2000MM05,130.8,132.4
474,1007,2000MM06,131.0,132.6
475,1007,2000MM07,132.6,134.2
476,1007,2000MM08,132.7,134.3
477,1007,2000MM09,133.3,134.9
478,1007,2000MM10,133.2,134.9
479,1007,2000MM11,133.3,135.1
480,1007,2000MM12,133.4,135.3
481,1007,2000JJ00,132.0,133.8
482,1007,2001MM01,133.7,135.6
483,1007,2001MM02,134.0,135.9
484,1007,2001MM03,134.1,136.0
485,1007,2001MM04,135.8,137.7
486,1007,2001MM05,136.9,138.8
487,1007,2001MM06,137.4,139.3
488,1007,2001MM07,138.6,140.6
489,1007,2001MM08,138.7,140.7
490,1007,2001MM09,138.8,140.8
491,1007,2001MM10,139.7,141.7
492,1007,2001MM11,139.7,141.7
493,1007,2001MM12,139.7,141.7
494,1007,2001JJ00,137.8,139.7
495,1007,2002MM01,140.3,142.3
496,1007,2002MM02,140.4,142.4
497,1007,2002MM03,141.1,143.2
498,1007,2002MM04,141.7,143.8
499,1007,2002MM05,142.0,144.1
500,1007,2002MM06,142.2,144.3
501,1007,2002MM07,143.8,145.9
502,1007,2002MM08,144.0,146.1
503,1007,2002MM09,144.4,146.5
504,1007,2002MM10,144.5,146.6
505,1007,2002MM11,144.3,146.4
506,1007,2002MM12,144.1,146.2
507,1007,2002JJ00,143.2,145.2
508,1007,2003MM01,145.4,147.5
509,1007,2003MM02,145.5,147.6
510,1007,2003MM03,145.6,147.7
511,1007,2003MM04,146.3,148.5
512,1007,2003MM05,146.5,148.6
513,1011,1999MM01,,
514,1011,1999MM02,,
515,1011,1999MM03,,
516,1011,1999MM04,,
517,1011,1999MM05,,
518,1011,1999MM06,,
519,1011,1999MM07,,
520,1011,1999MM08,,
521,1011,1999MM09,,
522,1011,1999MM10,,
523,1011,1999MM11,,
524,1011,1999MM12,,
525,1011,1999JJ00,,
526,1011,2000MM01,,
527,1011,2000MM02,,
528,1011,2000MM03,,
529,1011,2000MM04,,
530,1011,2000MM05,,
531,1011,2000MM06,,
532,1011,2000MM07,,
533,1011,2000MM08,,
534,1011,2000MM09,,
535,1011,2000MM10,,
536,1011,2000MM11,,
537,1011,2000MM12,,
538,1011,2000JJ00,,
539,1011,2001MM01,,
540,1011,2001MM02,,
541,1011,2001MM03,,
542,1011,2001MM04,,
543,1011,2001MM05,,
544,1011,2001MM06,,
545,1011,2001MM07,,
546,1011,2001MM08,,
547,1011,2001MM09,,
548,1011,2001MM10,,
549,1011,2001MM11,,
550,1011,2001MM12,,
551,1011,2001JJ00,,
552,1011,2002MM01,,
553,1011,2002MM02,,
554,1011,2002MM03,,
555,1011,2002MM04,,
556,1011,2002MM05,,
557,1011,2002MM06,,
558,1011,2002MM07,,
559,1011,2002MM08,,
560,1011,2002MM09,,
561,1011,2002MM10,,
562,1011,2002MM11,,
563,1011,2002MM12,,
564,1011,2002JJ00,,
565,1011,2003MM01,,
566,1011,2003MM02,,
567,1011,2003MM03,,
568,1011,2003MM04,,
569,1011,2003MM05,,
570,1012,1999MM01,125.1,126.1
571,1012,1999MM02,125.1,126.1
572,1012,1999MM03,125.4,126.4
573,1012,1999MM04,125.6,126.7
574,1012,1999MM05,125.8,126.8
575,1012,1999MM06,125.9,126.9
576,1012,1999MM07,126.9,128.0
577,1012,1999MM08,127.9,129.0
578,1012,1999MM09,128.0,129.1
579,1012,1999MM10,128.4,129.5
580,1012,1999MM11,128.4,129.5
581,1012,1999MM12,128.5,129.6
582,1012,1999JJ00,127.2,128.2
583,1012,2000MM01,129.0,130.1
584,1012,2000MM02,129.4,130.5
585,1012,2000MM03,129.7,130.8
586,1012,2000MM04,130.2,131.3
587,1012,2000MM05,130.4,131.4
588,1012,2000MM06,130.5,131.6
589,1012,2000MM07,131.9,133.0
590,1012,2000MM08,132.0,133.1
591,1012,2000MM09,132.9,134.0
592,1012,2000MM10,133.0,134.1
593,1012,2000MM11,133.0,134.4
594,1012,2000MM12,133.1,134.6
595,1012,2000JJ00,131.5,132.8
596,1012,2001MM01,133.3,134.8
597,1012,2001MM02,133.8,135.3
598,1012,2001MM03,133.9,135.4
599,1012,2001MM04,134.8,136.3
600,1012,2001MM05,135.6,137.1
601,1012,2001MM06,136.3,137.8
602,1012,2001MM07,137.2,138.7
603,1012,2001MM08,137.3,138.8
604,1012,2001MM09,137.4,139.0
605,1012,2001MM10,138.8,140.3
606,1012,2001MM11,138.8,140.3
607,1012,2001MM12,138.8,140.4
608,1012,2001JJ00,136.9,138.5
609,1012,2002MM01,139.4,141.0
610,1012,2002MM02,139.5,141.1
611,1012,2002MM03,140.1,141.7
612,1012,2002MM04,140.9,142.5
613,1012,2002MM05,141.1,142.8
614,1012,2002MM06,141.3,143.0
615,1012,2002MM07,142.3,144.0
616,1012,2002MM08,142.5,144.2
617,1012,2002MM09,143.1,144.8
618,1012,2002MM10,143.3,145.0
619,1012,2002MM11,143.1,144.8
620,1012,2002MM12,142.9,144.5
621,1012,2002JJ00,142.0,143.7
622,1012,2003MM01,144.2,145.9
623,1012,2003MM02,144.3,146.0
624,1012,2003MM03,144.4,146.1
625,1012,2003MM04,145.0,146.7
626,1012,2003MM05,145.1,146.8
627,1024,1999MM01,127.1,127.0
628,1024,1999MM02,127.1,127.0
629,1024,1999MM03,127.1,127.0
630,1024,1999MM04,127.4,127.4
631,1024,1999MM05,127.5,127.4
632,1024,1999MM06,127.6,127.6
633,1024,1999MM07,129.2,129.2
634,1024,1999MM08,129.8,129.7
635,1024,1999MM09,129.8,129.8
636,1024,1999MM10,129.8,129.8
637,1024,1999MM11,129.9,129.8
638,1024,1999MM12,130.3,130.3
639,1024,1999JJ00,129.0,128.9
640,1024,2000MM01,131.2,131.1
641,1024,2000MM02,131.2,131.1
642,1024,2000MM03,131.2,131.1
643,1024,2000MM04,131.4,131.3
644,1024,2000MM05,131.8,131.7
645,1024,2000MM06,132.5,132.4
646,1024,2000MM07,133.5,133.4
647,1024,2000MM08,133.6,133.6
648,1024,2000MM09,133.9,133.8
649,1024,2000MM10,134.0,134.0
650,1024,2000MM11,134.0,134.0
651,1024,2000MM12,134.1,134.0
652,1024,2000JJ00,133.1,133.0
653,1024,2001MM01,134.6,134.5
654,1024,2001MM02,134.6,134.5
655,1024,2001MM03,135.5,135.5
656,1024,2001MM04,136.5,136.5
657,1024,2001MM05,137.1,137.1
658,1024,2001MM06,137.5,137.4
659,1024,2001MM07,138.3,138.2
660,1024,2001MM08,138.6,138.6
661,1024,2001MM09,139.0,139.0
662,1024,2001MM10,139.7,139.6
663,1024,2001MM11,139.7,139.6
664,1024,2001MM12,139.7,139.7
665,1024,2001JJ00,138.4,138.4
666,1024,2002MM01,140.7,140.7
667,1024,2002MM02,141.0,141.2
668,1024,2002MM03,141.0,141.2
669,1024,2002MM04,141.9,142.1
670,1024,2002MM05,142.1,142.2
671,1024,2002MM06,142.8,142.9
672,1024,2002MM07,144.4,144.5
673,1024,2002MM08,144.3,144.4
674,1024,2002MM09,144.7,144.8
675,1024,2002MM10,145.0,145.1
676,1024,2002MM11,145.0,145.1
677,1024,2002MM12,145.1,145.2
678,1024,2002JJ00,143.4,143.5
679,1024,2003MM01,145.8,146.0
680,1024,2003MM02,146.0,146.2
681,1024,2003MM03,146.2,146.3
682,1024,2003MM04,146.8,147.0
683,1024,2003MM05,147.2,147.3
684,1025,1999MM01,123.8,123.1
685,1025,1999MM02,123.8,123.1
686,1025,1999MM03,126.3,126.2
687,1025,1999MM04,126.7,126.7
688,1025,1999MM05,126.7,126.7
689,1025,1999MM06,126.7,126.7
690,1025,1999MM07,127.6,127.5
691,1025,1999MM08,127.6,127.5
692,1025,1999MM09,127.6,127.5
693,1025,1999MM10,127.6,127.5
694,1025,1999MM11,127.6,127.5
695,1025,1999MM12,127.8,127.8
696,1025,1999JJ00,126.7,126.6
697,1025,2000MM01,128.5,128.5
698,1025,2000MM02,131.1,131.0
699,1025,2000MM03,131.1,131.0
700,1025,2000MM04,131.1,131.0
701,1025,2000MM05,131.1,131.0
702,1025,2000MM06,131.1,131.0
703,1025,2000MM07,131.2,131.1
704,1025,2000MM08,131.2,131.1
705,1025,2000MM09,132.1,132.1
706,1025,2000MM10,132.1,132.1
707,1025,2000MM11,132.2,132.1
708,1025,2000MM12,133.1,133.0
709,1025,2000JJ00,131.7,131.7
710,1025,2001MM01,133.6,133.5
711,1025,2001MM02,135.4,135.3
712,1025,2001MM03,135.4,135.3
713,1025,2001MM04,136.4,136.3
714,1025,2001MM05,136.4,136.3
715,1025,2001MM06,136.4,136.3
716,1025,2001MM07,136.4,136.3
717,1025,2001MM08,136.4,136.3
718,1025,2001MM09,136.4,136.3
719,1025,2001MM10,138.3,138.2
720,1025,2001MM11,138.5,138.4
721,1025,2001MM12,138.5,138.4
722,1025,2001JJ00,136.6,136.6
723,1025,2002MM01,138.6,138.5
724,1025,2002MM02,138.6,138.5
725,1025,2002MM03,140.5,140.5
726,1025,2002MM04,141.1,141.1
727,1025,2002MM05,141.1,141.0
728,1025,2002MM06,141.1,141.0
729,1025,2002MM07,141.2,141.1
730,1025,2002MM08,141.2,141.2
731,1025,2002MM09,141.6,141.5
732,1025,2002MM10,142.5,142.4
733,1025,2002MM11,142.5,142.4
734,1025,2002MM12,142.5,142.4
735,1025,2002JJ00,141.4,141.4
736,1025,2003MM01,142.5,142.5
737,1025,2003MM02,142.5,142.5
738,1025,2003MM03,142.5,142.5
739,1025,2003MM04,143.4,143.3
740,1025,2003MM05,143.4,143.3
741,1026,1999MM01,124.8,128.3
742,1026,1999MM02,124.9,128.4
743,1026,1999MM03,124.9,128.4
744,1026,1999MM04,126.0,129.6
745,1026,1999MM05,126.1,129.7
746,1026,1999MM06,126.1,129.7
747,1026,1999MM07,126.1,129.7
748,1026,1999MM08,126.9,130.4
749,1026,1999MM09,126.9,130.4
750,1026,1999MM10,128.1,131.7
751,1026,1999MM11,128.1,131.7
752,1026,1999MM12,128.1,131.7
753,1026,1999JJ00,127.3,130.9
754,1026,2000MM01,128.1,131.7
755,1026,2000MM02,129.6,133.2
756,1026,2000MM03,129.6,133.2
757,1026,2000MM04,130.8,134.5
758,1026,2000MM05,131.0,134.7
759,1026,2000MM06,131.0,134.7
760,1026,2000MM07,131.6,135.3
761,1026,2000MM08,131.7,135.4
762,1026,2000MM09,131.8,135.5
763,1026,2000MM10,131.8,135.5
764,1026,2000MM11,131.8,135.5
765,1026,2000MM12,131.8,135.5
766,1026,2000JJ00,131.2,134.9
767,1026,2001MM01,131.6,135.3
768,1026,2001MM02,131.7,135.4
769,1026,2001MM03,131.7,135.4
770,1026,2001MM04,133.2,137.0
771,1026,2001MM05,133.3,137.1
772,1026,2001MM06,137.4,141.2
773,1026,2001MM07,137.8,141.7
774,1026,2001MM08,137.9,141.8
775,1026,2001MM09,138.1,142.0
776,1026,2001MM10,139.0,142.9
777,1026,2001MM11,139.0,142.9
778,1026,2001MM12,139.1,143.0
779,1026,2001JJ00,137.5,141.4
780,1026,2002MM01,140.4,144.6
781,1026,2002MM02,140.3,144.6
782,1026,2002MM03,140.3,144.6
783,1026,2002MM04,144.5,148.9
784,1026,2002MM05,144.6,149.0
785,1026,2002MM06,144.7,149.1
786,1026,2002MM07,144.7,149.1
787,1026,2002MM08,144.8,149.2
788,1026,2002MM09,145.4,149.8
789,1026,2002MM10,145.5,149.9
790,1026,2002MM11,145.6,150.0
791,1026,2002MM12,145.6,150.0
792,1026,2002JJ00,144.3,148.7
793,1026,2003MM01,145.7,150.1
794,1026,2003MM02,145.7,150.1
795,1026,2003MM03,145.8,150.2
796,1026,2003MM04,146.8,151.3
797,1026,2003MM05,147.2,151.7
798,1027,1999MM01,124.9,125.1
799,1027,1999MM02,124.9,125.1
800,1027,1999MM03,124.9,125.1
801,1027,1999MM04,124.9,125.1
802,1027,1999MM05,124.9,125.1
803,1027,1999MM06,125.0,125.2
804,1027,1999MM07,126.3,126.6
805,1027,1999MM08,128.0,128.2
806,1027,1999MM09,128.0,128.2
807,1027,1999MM10,128.2,128.4
808,1027,1999MM11,128.2,128.4
809,1027,1999MM12,128.2,128.5
810,1027,1999JJ00,126.7,126.9
811,1027,2000MM01,128.7,128.9
812,1027,2000MM02,128.7,128.9
813,1027,2000MM03,129.5,129.7
814,1027,2000MM04,129.9,130.1
815,1027,2000MM05,129.9,130.1
816,1027,2000MM06,129.9,130.2
817,1027,2000MM07,131.7,132.0
818,1027,2000MM08,131.8,132.0
819,1027,2000MM09,133.8,134.1
820,1027,2000MM10,133.8,134.1
821,1027,2000MM11,133.9,135.0
822,1027,2000MM12,133.9,135.0
823,1027,2000JJ00,131.3,132.2
824,1027,2001MM01,133.9,135.1
825,1027,2001MM02,133.9,135.1
826,1027,2001MM03,133.9,135.1
827,1027,2001MM04,134.9,136.1
828,1027,2001MM05,136.4,137.6
829,1027,2001MM06,136.4,137.6
830,1027,2001MM07,137.0,138.3
831,1027,2001MM08,137.0,138.3
832,1027,2001MM09,137.0,138.3
833,1027,2001MM10,139.1,140.4
834,1027,2001MM11,139.1,140.3
835,1027,2001MM12,139.1,140.3
836,1027,2001JJ00,136.7,138.0
837,1027,2002MM01,139.2,140.4
838,1027,2002MM02,139.3,140.5
839,1027,2002MM03,140.2,141.5
840,1027,2002MM04,140.2,141.5
841,1027,2002MM05,140.4,141.6
842,1027,2002MM06,140.4,141.6
843,1027,2002MM07,141.0,142.3
844,1027,2002MM08,141.3,142.6
845,1027,2002MM09,142.1,143.4
846,1027,2002MM10,142.1,143.4
847,1027,2002MM11,141.7,143.0
848,1027,2002MM12,141.0,142.3
849,1027,2002JJ00,141.3,142.6
850,1027,2003MM01,143.5,144.9
851,1027,2003MM02,143.7,145.0
852,1027,2003MM03,143.7,145.0
853,1027,2003MM04,144.2,145.5
854,1027,2003MM05,144.2,145.6
855,1013,1999MM01,120.1,122.1
856,1013,1999MM02,121.6,123.7
857,1013,1999MM03,121.6,123.7
858,1013,1999MM04,121.6,123.7
859,1013,1999MM05,121.6,123.7
860,1013,1999MM06,122.1,124.2
861,1013,1999MM07,122.1,124.2
862,1013,1999MM08,123.7,125.8
863,1013,1999MM09,123.7,125.8
864,1013,1999MM10,124.2,126.3
865,1013,1999MM11,124.2,126.3
866,1013,1999MM12,124.2,126.3
867,1013,1999JJ00,123.5,125.6
868,1013,2000MM01,124.2,126.3
869,1013,2000MM02,124.2,126.5
870,1013,2000MM03,124.2,126.5
871,1013,2000MM04,124.8,127.2
872,1013,2000MM05,124.6,126.9
873,1013,2000MM06,126.4,128.8
874,1013,2000MM07,126.4,128.8
875,1013,2000MM08,127.2,129.5
876,1013,2000MM09,127.2,129.5
877,1013,2000MM10,127.2,129.5
878,1013,2000MM11,127.9,130.3
879,1013,2000MM12,127.9,130.3
880,1013,2000JJ00,126.8,129.2
881,1013,2001MM01,128.5,130.9
882,1013,2001MM02,129.1,131.5
883,1013,2001MM03,129.1,131.5
884,1013,2001MM04,130.0,132.5
885,1013,2001MM05,131.7,134.2
886,1013,2001MM06,131.7,134.2
887,1013,2001MM07,132.7,135.2
888,1013,2001MM08,132.7,135.2
889,1013,2001MM09,132.7,135.2
890,1013,2001MM10,132.7,135.2
891,1013,2001MM11,132.7,135.2
892,1013,2001MM12,132.7,135.2
893,1013,2001JJ00,131.7,134.2
894,1013,2002MM01,133.9,136.4
895,1013,2002MM02,133.9,136.4
896,1013,2002MM03,133.9,136.4
897,1013,2002MM04,135.0,137.5
898,1013,2002MM05,138.2,140.8
899,1013,2002MM06,139.2,141.8
900,1013,2002MM07,139.2,141.8
901,1013,2002MM08,139.2,141.8
902,1013,2002MM09,139.2,141.8
903,1013,2002MM10,139.4,142.0
904,1013,2002MM11,139.4,142.0
905,1013,2002MM12,139.4,142.0
906,1013,2002JJ00,138.4,141.0
907,1013,2003MM01,139.5,142.2
908,1013,2003MM02,139.5,142.2
909,1013,2003MM03,139.5,142.2
910,1013,2003MM04,141.1,143.7
911,1013,2003MM05,142.8,145.5
912,1014,1999MM01,127.6,129.3
913,1014,1999MM02,127.6,129.3
914,1014,1999MM03,127.6,129.3
915,1014,1999MM04,127.6,129.3
916,1014,1999MM05,127.6,129.3
917,1014,1999MM06,129.4,131.1
918,1014,1999MM07,131.4,133.2
919,1014,1999MM08,131.4,133.2
920,1014,1999MM09,131.7,133.4
921,1014,1999MM10,131.8,133.7
922,1014,1999MM11,131.8,134.9
923,1014,1999MM12,131.8,134.9
924,1014,1999JJ00,130.3,133.4
925,1014,2000MM01,132.6,135.4
926,1014,2000MM02,132.8,135.7
927,1014,2000MM03,132.8,135.7
928,1014,2000MM04,132.8,135.7
929,1014,2000MM05,132.8,135.7
930,1014,2000MM06,132.9,135.7
931,1014,2000MM07,135.2,138.1
932,1014,2000MM08,135.2,138.1
933,1014,2000MM09,135.2,138.1
934,1014,2000MM10,134.8,137.7
935,1014,2000MM11,134.8,137.7
936,1014,2000MM12,134.8,137.7
937,1014,2000JJ00,134.0,136.8
938,1014,2001MM01,135.2,138.2
939,1014,2001MM02,135.2,138.2
940,1014,2001MM03,135.2,138.2
941,1014,2001MM04,139.1,142.1
942,1014,2001MM05,140.8,143.9
943,1014,2001MM06,140.8,143.9
944,1014,2001MM07,143.1,146.2
945,1014,2001MM08,143.1,146.2
946,1014,2001MM09,143.1,146.2
947,1014,2001MM10,143.1,146.2
948,1014,2001MM11,143.1,146.2
949,1014,2001MM12,143.1,146.2
950,1014,2001JJ00,140.7,143.8
951,1014,2002MM01,143.6,146.7
952,1014,2002MM02,143.6,146.7
953,1014,2002MM03,144.9,148.0
954,1014,2002MM04,144.9,148.0
955,1014,2002MM05,144.9,148.0
956,1014,2002MM06,144.9,148.0
957,1014,2002MM07,148.2,151.4
958,1014,2002MM08,148.2,151.4
959,1014,2002MM09,148.2,151.4
960,1014,2002MM10,148.3,151.5
961,1014,2002MM11,147.8,151.0
962,1014,2002MM12,147.8,151.0
963,1014,2002JJ00,146.6,149.7
964,1014,2003MM01,149.4,152.6
965,1014,2003MM02,149.4,152.6
966,1014,2003MM03,149.4,152.6
967,1014,2003MM04,150.2,153.5
968,1014,2003MM05,150.3,153.5
969,1008,1999MM01,123.7,125.4
970,1008,1999MM02,124.0,125.6
971,1008,1999MM03,124.0,125.7
972,1008,1999MM04,124.3,126.0
973,1008,1999MM05,124.5,126.1
974,1008,1999MM06,124.7,126.4
975,1008,1999MM07,125.3,127.0
976,1008,1999MM08,125.5,127.2
977,1008,1999MM09,125.9,127.6
978,1008,1999MM10,126.8,128.5
979,1008,1999MM11,127.0,128.7
980,1008,1999MM12,127.0,128.7
981,1008,1999JJ00,125.7,127.4
982,1008,2000MM01,127.6,129.3
983,1008,2000MM02,127.7,129.5
984,1008,2000MM03,127.9,129.7
985,1008,2000MM04,128.4,130.2
986,1008,2000MM05,128.5,130.3
987,1008,2000MM06,128.6,130.4
988,1008,2000MM07,129.2,131.0
989,1008,2000MM08,129.5,131.3
990,1008,2000MM09,129.9,131.8
991,1008,2000MM10,130.6,132.4
992,1008,2000MM11,130.6,132.5
993,1008,2000MM12,130.7,132.6
994,1008,2000JJ00,129.4,131.3
995,1008,2001MM01,131.8,133.7
996,1008,2001MM02,132.2,134.0
997,1008,2001MM03,132.2,134.1
998,1008,2001MM04,133.7,135.7
999,1008,2001MM05,134.1,136.0
1000,1008,2001MM06,134.7,136.7
1001,1008,2001MM07,136.6,138.5
1002,1008,2001MM08,136.9,138.9
1003,1008,2001MM09,137.2,139.2
1004,1008,2001MM10,137.5,139.5
1005,1008,2001MM11,137.6,139.5
1006,1008,2001MM12,137.8,139.8
1007,1008,2001JJ00,136.2,138.2
1008,1008,2002MM01,138.7,140.7
1009,1008,2002MM02,138.8,140.8
1010,1008,2002MM03,139.0,141.0
1011,1008,2002MM04,139.3,141.3
1012,1008,2002MM05,139.5,141.5
1013,1008,2002MM06,139.9,141.9
1014,1008,2002MM07,140.8,142.8
1015,1008,2002MM08,141.2,143.2
1016,1008,2002MM09,141.5,143.5
1017,1008,2002MM10,142.1,144.1
1018,1008,2002MM11,142.1,144.1
1019,1008,2002MM12,142.2,144.3
1020,1008,2002JJ00,140.7,142.7
1021,1008,2003MM01,143.1,145.1
1022,1008,2003MM02,143.3,145.4
1023,1008,2003MM03,143.4,145.4
1024,1008,2003MM04,143.5,145.6
1025,1008,2003MM05,143.6,145.6
1026,1015,1999MM01,125.4,126.8
1027,1015,1999MM02,125.5,126.9
1028,1015,1999MM03,125.6,127.0
1029,1015,1999MM04,125.6,127.0
1030,1015,1999MM05,125.7,127.1
1031,1015,1999MM06,125.8,127.3
1032,1015,1999MM07,126.9,128.4
1033,1015,1999MM08,127.0,128.6
1034,1015,1999MM09,127.7,129.3
1035,1015,1999MM10,129.0,130.5
1036,1015,1999MM11,129.3,130.8
1037,1015,1999MM12,129.3,130.8
1038,1015,1999JJ00,127.3,128.8
1039,1015,2000MM01,129.6,131.1
1040,1015,2000MM02,129.8,131.3
1041,1015,2000MM03,129.9,131.4
1042,1015,2000MM04,130.2,131.8
1043,1015,2000MM05,130.3,131.8
1044,1015,2000MM06,130.6,132.1
1045,1015,2000MM07,131.6,133.2
1046,1015,2000MM08,132.0,133.6
1047,1015,2000MM09,132.1,133.7
1048,1015,2000MM10,132.6,134.2
1049,1015,2000MM11,132.6,134.2
1050,1015,2000MM12,132.6,134.2
1051,1015,2000JJ00,131.3,132.8
1052,1015,2001MM01,133.6,135.2
1053,1015,2001MM02,134.0,135.6
1054,1015,2001MM03,134.0,135.6
1055,1015,2001MM04,134.1,135.7
1056,1015,2001MM05,135.0,136.6
1057,1015,2001MM06,135.7,137.3
1058,1015,2001MM07,138.3,140.0
1059,1015,2001MM08,138.3,139.9
1060,1015,2001MM09,138.7,140.3
1061,1015,2001MM10,138.9,140.5
1062,1015,2001MM11,138.9,140.6
1063,1015,2001MM12,138.9,140.6
1064,1015,2001JJ00,137.3,139.0
1065,1015,2002MM01,140.0,141.7
1066,1015,2002MM02,140.1,141.8
1067,1015,2002MM03,140.7,142.4
1068,1015,2002MM04,140.7,142.5
1069,1015,2002MM05,140.7,142.5
1070,1015,2002MM06,140.8,142.5
1071,1015,2002MM07,142.2,143.9
1072,1015,2002MM08,142.3,144.0
1073,1015,2002MM09,143.0,144.7
1074,1015,2002MM10,143.7,145.5
1075,1015,2002MM11,143.6,145.3
1076,1015,2002MM12,143.6,145.3
1077,1015,2002JJ00,142.0,143.7
1078,1015,2003MM01,144.8,146.5
1079,1015,2003MM02,144.9,146.7
1080,1015,2003MM03,144.9,146.7
1081,1015,2003MM04,145.3,147.1
1082,1015,2003MM05,145.3,147.1
1083,1028,1999MM01,125.0,125.9
1084,1028,1999MM02,125.1,126.0
1085,1028,1999MM03,125.1,126.0
1086,1028,1999MM04,125.1,126.0
1087,1028,1999MM05,125.2,126.2
1088,1028,1999MM06,125.2,126.2
1089,1028,1999MM07,125.9,126.9
1090,1028,1999MM08,126.0,126.9
1091,1028,1999MM09,127.3,128.2
1092,1028,1999MM10,128.7,129.6
1093,1028,1999MM11,128.7,129.6
1094,1028,1999MM12,128.7,129.6
1095,1028,1999JJ00,126.9,127.9
1096,1028,2000MM01,129.0,129.9
1097,1028,2000MM02,129.0,130.0
1098,1028,2000MM03,129.0,130.0
1099,1028,2000MM04,129.5,130.5
1100,1028,2000MM05,129.6,130.6
1101,1028,2000MM06,129.9,130.8
1102,1028,2000MM07,130.8,131.7
1103,1028,2000MM08,130.9,131.8
1104,1028,2000MM09,130.9,131.9
1105,1028,2000MM10,131.1,132.1
1106,1028,2000MM11,131.1,132.0
1107,1028,2000MM12,131.1,132.0
1108,1028,2000JJ00,130.3,131.2
1109,1028,2001MM01,132.7,133.7
1110,1028,2001MM02,132.8,133.8
1111,1028,2001MM03,132.8,133.8
1112,1028,2001MM04,132.8,133.8
1113,1028,2001MM05,132.9,133.9
1114,1028,2001MM06,134.2,135.1
1115,1028,2001MM07,137.1,138.1
1116,1028,2001MM08,137.1,138.1
1117,1028,2001MM09,137.5,138.5
1118,1028,2001MM10,137.7,138.7
1119,1028,2001MM11,137.7,138.7
1120,1028,2001MM12,137.7,138.7
1121,1028,2001JJ00,136.3,137.3
1122,1028,2002MM01,139.1,140.1
1123,1028,2002MM02,139.1,140.1
1124,1028,2002MM03,139.1,140.1
1125,1028,2002MM04,139.2,140.2
1126,1028,2002MM05,139.2,140.2
1127,1028,2002MM06,139.3,140.3
1128,1028,2002MM07,141.0,142.0
1129,1028,2002MM08,141.0,142.0
1130,1028,2002MM09,141.5,142.5
1131,1028,2002MM10,142.7,143.8
1132,1028,2002MM11,142.7,143.8
1133,1028,2002MM12,142.7,143.8
1134,1028,2002JJ00,140.8,141.8
1135,1028,2003MM01,144.1,145.2
1136,1028,2003MM02,144.2,145.2
1137,1028,2003MM03,144.2,145.3
1138,1028,2003MM04,144.2,145.3
1139,1028,2003MM05,144.3,145.3
1140,1029,1999MM01,126.6,129.2
1141,1029,1999MM02,126.6,129.2
1142,1029,1999MM03,126.9,129.5
1143,1029,1999MM04,126.9,129.5
1144,1029,1999MM05,127.1,129.7
1145,1029,1999MM06,127.2,129.9
1146,1029,1999MM07,128.1,130.7
1147,1029,1999MM08,128.3,130.9
1148,1029,1999MM09,128.3,131.0
1149,1029,1999MM10,129.7,132.4
1150,1029,1999MM11,130.6,133.3
1151,1029,1999MM12,130.6,133.3
1152,1029,1999JJ00,128.3,131.0
1153,1029,2000MM01,131.1,133.8
1154,1029,2000MM02,131.7,134.4
1155,1029,2000MM03,132.0,134.7
1156,1029,2000MM04,132.2,134.9
1157,1029,2000MM05,132.2,134.9
1158,1029,2000MM06,132.7,135.4
1159,1029,2000MM07,133.1,135.8
1160,1029,2000MM08,134.2,136.9
1161,1029,2000MM09,134.2,136.9
1162,1029,2000MM10,135.4,138.1
1163,1029,2000MM11,135.4,138.2
1164,1029,2000MM12,135.4,138.2
1165,1029,2000JJ00,133.4,136.2
1166,1029,2001MM01,135.7,138.5
1167,1029,2001MM02,136.8,139.7
1168,1029,2001MM03,136.8,139.7
1169,1029,2001MM04,137.0,139.8
1170,1029,2001MM05,137.4,140.2
1171,1029,2001MM06,137.4,140.4
1172,1029,2001MM07,140.2,143.2
1173,1029,2001MM08,140.2,143.2
1174,1029,2001MM09,140.8,143.9
1175,1029,2001MM10,141.1,144.1
1176,1029,2001MM11,141.1,144.1
1177,1029,2001MM12,141.3,144.4
1178,1029,2001JJ00,139.4,142.3
1179,1029,2002MM01,142.2,145.3
1180,1029,2002MM02,142.2,145.3
1181,1029,2002MM03,142.5,145.6
1182,1029,2002MM04,142.6,145.7
1183,1029,2002MM05,142.6,145.7
1184,1029,2002MM06,142.7,145.8
1185,1029,2002MM07,143.8,146.9
1186,1029,2002MM08,144.1,147.2
1187,1029,2002MM09,145.5,148.7
1188,1029,2002MM10,145.8,149.0
1189,1029,2002MM11,146.0,149.2
1190,1029,2002MM12,146.0,149.2
1191,1029,2002JJ00,144.0,147.1
1192,1029,2003MM01,146.9,150.1
1193,1029,2003MM02,147.1,150.3
1194,1029,2003MM03,147.1,150.3
1195,1029,2003MM04,147.3,150.5
1196,1029,2003MM05,147.3,150.5
1197,1016,1999MM01,126.6,126.8
1198,1016,1999MM02,126.6,126.8
1199,1016,1999MM03,126.6,126.8
1200,1016,1999MM04,126.6,126.8
1201,1016,1999MM05,126.6,126.8
1202,1016,1999MM06,126.6,126.8
1203,1016,1999MM07,129.8,130.0
1204,1016,1999MM08,129.8,130.0
1205,1016,1999MM09,129.8,130.0
1206,1016,1999MM10,129.8,130.0
1207,1016,1999MM11,129.8,130.0
1208,1016,1999MM12,129.8,130.0
1209,1016,1999JJ00,128.2,128.4
1210,1016,2000MM01,132.2,132.4
1211,1016,2000MM02,132.2,132.4
1212,1016,2000MM03,132.2,132.4
1213,1016,2000MM04,132.2,132.4
1214,1016,2000MM05,132.2,132.4
1215,1016,2000MM06,132.2,132.4
1216,1016,2000MM07,132.4,132.5
1217,1016,2000MM08,132.4,132.5
1218,1016,2000MM09,132.4,132.5
1219,1016,2000MM10,137.1,137.2
1220,1016,2000MM11,137.1,137.2
1221,1016,2000MM12,137.1,137.2
1222,1016,2000JJ00,134.6,134.7
1223,1016,2001MM01,137.1,137.2
1224,1016,2001MM02,137.1,137.2
1225,1016,2001MM03,137.1,137.2
1226,1016,2001MM04,137.1,137.2
1227,1016,2001MM05,137.1,137.2
1228,1016,2001MM06,137.1,137.2
1229,1016,2001MM07,142.3,142.5
1230,1016,2001MM08,142.3,142.5
1231,1016,2001MM09,142.3,142.5
1232,1016,2001MM10,142.3,142.5
1233,1016,2001MM11,142.3,142.5
1234,1016,2001MM12,142.3,142.5
1235,1016,2001JJ00,139.7,139.9
1236,1016,2002MM01,143.0,143.2
1237,1016,2002MM02,143.0,143.2
1238,1016,2002MM03,143.0,143.2
1239,1016,2002MM04,143.0,143.2
1240,1016,2002MM05,143.0,143.2
1241,1016,2002MM06,143.0,143.2
1242,1016,2002MM07,143.0,143.2
1243,1016,2002MM08,143.0,143.2
1244,1016,2002MM09,143.0,143.2
1245,1016,2002MM10,143.0,143.2
1246,1016,2002MM11,143.0,143.2
1247,1016,2002MM12,143.0,143.2
1248,1016,2002JJ00,143.0,143.2
1249,1016,2003MM01,147.2,147.4
1250,1016,2003MM02,147.2,147.4
1251,1016,2003MM03,147.2,147.4
1252,1016,2003MM04,147.2,147.4
1253,1016,2003MM05,147.6,147.8
1254,1017,1999MM01,123.3,124.9
1255,1017,1999MM02,123.3,124.9
1256,1017,1999MM03,123.4,125.0
1257,1017,1999MM04,124.8,126.4
1258,1017,1999MM05,124.8,126.4
1259,1017,1999MM06,124.8,126.4
1260,1017,1999MM07,125.1,126.7
1261,1017,1999MM08,125.3,126.9
1262,1017,1999MM09,125.3,126.9
1263,1017,1999MM10,126.2,127.8
1264,1017,1999MM11,126.2,127.8
1265,1017,1999MM12,126.2,127.9
1266,1017,1999JJ00,125.4,127.0
1267,1017,2000MM01,126.6,128.3
1268,1017,2000MM02,126.6,128.6
1269,1017,2000MM03,126.6,128.6
1270,1017,2000MM04,128.8,130.8
1271,1017,2000MM05,128.9,130.9
1272,1017,2000MM06,128.9,130.9
1273,1017,2000MM07,129.1,131.1
1274,1017,2000MM08,129.1,131.1
1275,1017,2000MM09,129.4,131.4
1276,1017,2000MM10,129.5,131.5
1277,1017,2000MM11,129.7,131.7
1278,1017,2000MM12,129.8,131.8
1279,1017,2000JJ00,128.9,130.9
1280,1017,2001MM01,130.0,132.0
1281,1017,2001MM02,130.1,132.1
1282,1017,2001MM03,130.1,132.1
1283,1017,2001MM04,130.7,132.7
1284,1017,2001MM05,130.8,132.8
1285,1017,2001MM06,132.2,134.3
1286,1017,2001MM07,132.5,134.6
1287,1017,2001MM08,133.3,135.2
1288,1017,2001MM09,133.9,135.8
1289,1017,2001MM10,134.4,136.3
1290,1017,2001MM11,134.4,136.3
1291,1017,2001MM12,134.6,136.5
1292,1017,2001JJ00,133.4,135.3
1293,1017,2002MM01,134.7,136.6
1294,1017,2002MM02,134.7,136.7
1295,1017,2002MM03,134.9,136.8
1296,1017,2002MM04,136.4,138.2
1297,1017,2002MM05,136.6,138.5
1298,1017,2002MM06,137.9,139.7
1299,1017,2002MM07,137.9,139.7
1300,1017,2002MM08,137.9,139.8
1301,1017,2002MM09,138.1,140.0
1302,1017,2002MM10,138.3,140.1
1303,1017,2002MM11,138.3,140.1
1304,1017,2002MM12,138.6,140.5
1305,1017,2002JJ00,137.6,139.4
1306,1017,2003MM01,138.8,140.7
1307,1017,2003MM02,139.6,141.4
1308,1017,2003MM03,139.6,141.5
1309,1017,2003MM04,139.6,141.5
1310,1017,2003MM05,139.7,141.6
1311,1030,1999MM01,122.4,124.3
1312,1030,1999MM02,122.9,124.8
1313,1030,1999MM03,122.9,124.9
1314,1030,1999MM04,123.0,125.0
1315,1030,1999MM05,123.3,125.2
1316,1030,1999MM06,123.5,125.6
1317,1030,1999MM07,123.8,125.8
1318,1030,1999MM08,124.1,126.1
1319,1030,1999MM09,124.4,126.4
1320,1030,1999MM10,125.1,127.2
1321,1030,1999MM11,125.4,127.4
1322,1030,1999MM12,125.4,127.4
1323,1030,1999JJ00,124.3,126.3
1324,1030,2000MM01,126.1,128.2
1325,1030,2000MM02,126.2,128.3
1326,1030,2000MM03,126.5,128.6
1327,1030,2000MM04,126.6,128.7
1328,1030,2000MM05,126.6,128.7
1329,1030,2000MM06,126.7,128.8
1330,1030,2000MM07,127.2,129.4
1331,1030,2000MM08,127.6,129.7
1332,1030,2000MM09,128.3,130.5
1333,1030,2000MM10,129.0,131.1
1334,1030,2000MM11,129.0,131.1
1335,1030,2000MM12,129.1,131.3
1336,1030,2000JJ00,127.8,129.9
1337,1030,2001MM01,130.7,132.9
1338,1030,2001MM02,131.2,133.4
1339,1030,2001MM03,131.3,133.5
1340,1030,2001MM04,134.2,136.5
1341,1030,2001MM05,134.2,136.5
1342,1030,2001MM06,134.6,136.9
1343,1030,2001MM07,136.3,138.6
1344,1030,2001MM08,136.8,139.2
1345,1030,2001MM09,137.0,139.3
1346,1030,2001MM10,137.3,139.6
1347,1030,2001MM11,137.3,139.7
1348,1030,2001MM12,137.8,140.1
1349,1030,2001JJ00,136.1,138.5
1350,1030,2002MM01,138.9,141.2
1351,1030,2002MM02,139.0,141.4
1352,1030,2002MM03,139.1,141.4
1353,1030,2002MM04,139.1,141.4
1354,1030,2002MM05,139.4,141.7
1355,1030,2002MM06,139.7,142.1
1356,1030,2002MM07,140.7,143.1
1357,1030,2002MM08,141.3,143.8
1358,1030,2002MM09,141.5,143.9
1359,1030,2002MM10,142.2,144.7
1360,1030,2002MM11,142.3,144.8
1361,1030,2002MM12,142.5,144.9
1362,1030,2002JJ00,140.7,143.1
1363,1030,2003MM01,143.1,145.5
1364,1030,2003MM02,143.2,145.7
1365,1030,2003MM03,143.3,145.8
1366,1030,2003MM04,143.5,145.9
1367,1030,2003MM05,143.5,145.9
1368,1018,1999MM01,119.7,124.7
1369,1018,1999MM02,119.8,124.8
1370,1018,1999MM03,119.8,124.8
1371,1018,1999MM04,119.8,124.8
1372,1018,1999MM05,119.8,124.8
1373,1018,1999MM06,120.8,126.0
1374,1018,1999MM07,120.8,126.0
1375,1018,1999MM08,121.1,126.4
1376,1018,1999MM09,121.1,126.4
1377,1018,1999MM10,123.7,129.1
1378,1018,1999MM11,123.8,129.2
1379,1018,1999MM12,123.8,129.2
1380,1018,1999JJ00,121.5,126.8
1381,1018,2000MM01,123.9,129.2
1382,1018,2000MM02,123.9,129.3
1383,1018,2000MM03,125.1,130.4
1384,1018,2000MM04,125.1,130.5
1385,1018,2000MM05,125.1,130.5
1386,1018,2000MM06,125.3,130.6
1387,1018,2000MM07,126.2,131.6
1388,1018,2000MM08,127.5,133.0
1389,1018,2000MM09,127.5,133.0
1390,1018,2000MM10,129.3,134.8
1391,1018,2000MM11,129.3,134.8
1392,1018,2000MM12,129.7,135.3
1393,1018,2000JJ00,127.2,132.6
1394,1018,2001MM01,129.7,135.2
1395,1018,2001MM02,129.7,135.2
1396,1018,2001MM03,129.5,135.1
1397,1018,2001MM04,129.8,135.5
1398,1018,2001MM05,129.8,135.6
1399,1018,2001MM06,131.4,137.2
1400,1018,2001MM07,132.0,137.9
1401,1018,2001MM08,133.9,139.9
1402,1018,2001MM09,134.1,140.0
1403,1018,2001MM10,134.1,140.2
1404,1018,2001MM11,134.1,140.2
1405,1018,2001MM12,134.6,140.7
1406,1018,2001JJ00,132.2,138.1
1407,1018,2002MM01,134.7,140.8
1408,1018,2002MM02,134.7,140.8
1409,1018,2002MM03,134.6,140.7
1410,1018,2002MM04,134.6,140.7
1411,1018,2002MM05,135.8,141.9
1412,1018,2002MM06,136.5,142.6
1413,1018,2002MM07,138.2,144.4
1414,1018,2002MM08,139.5,145.8
1415,1018,2002MM09,139.6,145.9
1416,1018,2002MM10,139.7,145.9
1417,1018,2002MM11,139.7,145.9
1418,1018,2002MM12,140.0,146.3
1419,1018,2002JJ00,137.7,143.9
1420,1018,2003MM01,139.8,146.1
1421,1018,2003MM02,139.8,146.2
1422,1018,2003MM03,139.3,145.7
1423,1018,2003MM04,139.8,146.2
1424,1018,2003MM05,139.8,146.2
1425,1031,1999MM01,117.6,124.9
1426,1031,1999MM02,117.6,124.9
1427,1031,1999MM03,117.6,124.9
1428,1031,1999MM04,117.6,124.9
1429,1031,1999MM05,117.6,124.9
1430,1031,1999MM06,118.6,125.9
1431,1031,1999MM07,118.6,125.9
1432,1031,1999MM08,119.0,126.4
1433,1031,1999MM09,119.0,126.4
1434,1031,1999MM10,121.4,128.9
1435,1031,1999MM11,121.4,128.9
1436,1031,1999MM12,121.4,128.9
1437,1031,1999JJ00,119.2,126.6
1438,1031,2000MM01,121.4,129.0
1439,1031,2000MM02,121.5,129.0
1440,1031,2000MM03,122.9,130.6
1441,1031,2000MM04,122.9,130.6
1442,1031,2000MM05,122.9,130.6
1443,1031,2000MM06,122.9,130.6
1444,1031,2000MM07,124.2,131.9
1445,1031,2000MM08,125.2,133.0
1446,1031,2000MM09,125.3,133.1
1447,1031,2000MM10,127.8,135.7
1448,1031,2000MM11,127.8,135.7
1449,1031,2000MM12,127.8,135.7
1450,1031,2000JJ00,125.2,132.9
1451,1031,2001MM01,127.7,135.6
1452,1031,2001MM02,127.7,135.6
1453,1031,2001MM03,127.4,135.3
1454,1031,2001MM04,127.5,135.4
1455,1031,2001MM05,127.5,135.4
1456,1031,2001MM06,129.0,137.0
1457,1031,2001MM07,129.8,137.9
1458,1031,2001MM08,132.5,140.7
1459,1031,2001MM09,132.5,140.7
1460,1031,2001MM10,132.5,140.7
1461,1031,2001MM11,132.5,140.7
1462,1031,2001MM12,132.5,140.7
1463,1031,2001JJ00,130.1,138.2
1464,1031,2002MM01,132.5,140.7
1465,1031,2002MM02,132.5,140.7
1466,1031,2002MM03,132.5,140.7
1467,1031,2002MM04,132.5,140.7
1468,1031,2002MM05,134.0,142.3
1469,1031,2002MM06,134.0,142.3
1470,1031,2002MM07,136.0,144.5
1471,1031,2002MM08,137.8,146.4
1472,1031,2002MM09,137.9,146.5
1473,1031,2002MM10,137.9,146.5
1474,1031,2002MM11,137.9,146.5
1475,1031,2002MM12,137.9,146.5
1476,1031,2002JJ00,135.9,144.3
1477,1031,2003MM01,137.5,146.1
1478,1031,2003MM02,137.5,146.3
1479,1031,2003MM03,136.9,145.5
1480,1031,2003MM04,137.5,146.3
1481,1031,2003MM05,137.5,146.3
1482,1032,1999MM01,124.5,124.8
1483,1032,1999MM02,124.5,124.8
1484,1032,1999MM03,124.5,124.8
1485,1032,1999MM04,124.5,124.8
1486,1032,1999MM05,124.5,124.8
1487,1032,1999MM06,125.5,126.4
1488,1032,1999MM07,125.5,126.4
1489,1032,1999MM08,125.5,126.4
1490,1032,1999MM09,125.5,126.4
1491,1032,1999MM10,128.9,129.8
1492,1032,1999MM11,129.2,130.1
1493,1032,1999MM12,129.2,130.1
1494,1032,1999JJ00,126.5,127.3
1495,1032,2000MM01,129.3,130.2
1496,1032,2000MM02,129.3,130.2
1497,1032,2000MM03,129.4,130.3
1498,1032,2000MM04,129.6,130.5
1499,1032,2000MM05,129.7,130.6
1500,1032,2000MM06,130.2,131.1
1501,1032,2000MM07,130.2,131.1
1502,1032,2000MM08,132.3,133.2
1503,1032,2000MM09,132.3,133.2
1504,1032,2000MM10,132.3,133.2
1505,1032,2000MM11,132.3,133.2
1506,1032,2000MM12,134.0,134.9
1507,1032,2000JJ00,131.3,132.2
1508,1032,2001MM01,134.0,134.8
1509,1032,2001MM02,134.0,134.9
1510,1032,2001MM03,134.0,134.9
1511,1032,2001MM04,134.6,136.3
1512,1032,2001MM05,134.6,136.3
1513,1032,2001MM06,136.6,138.3
1514,1032,2001MM07,136.6,138.3
1515,1032,2001MM08,136.6,138.3
1516,1032,2001MM09,137.2,138.9
1517,1032,2001MM10,137.5,139.5
1518,1032,2001MM11,137.5,139.5
1519,1032,2001MM12,139.4,141.5
1520,1032,2001JJ00,136.4,138.4
1521,1032,2002MM01,139.4,141.5
1522,1032,2002MM02,139.4,141.5
1523,1032,2002MM03,139.4,141.5
1524,1032,2002MM04,139.4,141.5
1525,1032,2002MM05,139.6,141.7
1526,1032,2002MM06,142.5,144.6
1527,1032,2002MM07,142.7,144.8
1528,1032,2002MM08,142.8,144.9
1529,1032,2002MM09,143.1,145.2
1530,1032,2002MM10,143.2,145.3
1531,1032,2002MM11,143.2,145.3
1532,1032,2002MM12,144.6,146.8
1533,1032,2002JJ00,141.7,143.8
1534,1032,2003MM01,144.7,146.8
1535,1032,2003MM02,144.7,146.8
1536,1032,2003MM03,144.7,146.8
1537,1032,2003MM04,144.7,146.8
1538,1032,2003MM05,144.7,146.8
1539,1019,1999MM01,123.5,124.2
1540,1019,1999MM02,124.2,124.9
1541,1019,1999MM03,124.2,124.9
1542,1019,1999MM04,124.4,125.1
1543,1019,1999MM05,124.7,125.4
1544,1019,1999MM06,124.7,125.4
1545,1019,1999MM07,125.1,125.8
1546,1019,1999MM08,125.4,126.1
1547,1019,1999MM09,125.8,126.5
1548,1019,1999MM10,125.8,126.5
1549,1019,1999MM11,126.2,126.9
1550,1019,1999MM12,126.2,126.9
1551,1019,1999JJ00,125.5,126.2
1552,1019,2000MM01,127.0,127.8
1553,1019,2000MM02,127.2,128.0
1554,1019,2000MM03,127.2,128.0
1555,1019,2000MM04,127.3,128.1
1556,1019,2000MM05,127.3,128.1
1557,1019,2000MM06,127.3,128.1
1558,1019,2000MM07,127.8,128.6
1559,1019,2000MM08,127.8,128.6
1560,1019,2000MM09,128.8,129.6
1561,1019,2000MM10,129.1,129.9
1562,1019,2000MM11,129.1,129.9
1563,1019,2000MM12,129.1,129.9
1564,1019,2000JJ00,128.2,129.0
1565,1019,2001MM01,131.3,132.1
1566,1019,2001MM02,131.9,132.7
1567,1019,2001MM03,132.1,133.0
1568,1019,2001MM04,136.0,136.8
1569,1019,2001MM05,136.0,136.9
1570,1019,2001MM06,136.0,136.9
1571,1019,2001MM07,138.1,138.9
1572,1019,2001MM08,138.1,139.0
1573,1019,2001MM09,138.2,139.1
1574,1019,2001MM10,138.6,139.5
1575,1019,2001MM11,138.7,139.5
1576,1019,2001MM12,139.1,140.0
1577,1019,2001JJ00,137.8,138.6
1578,1019,2002MM01,140.5,141.4
1579,1019,2002MM02,140.7,141.5
1580,1019,2002MM03,140.8,141.7
1581,1019,2002MM04,140.8,141.7
1582,1019,2002MM05,140.8,141.7
1583,1019,2002MM06,141.0,141.9
1584,1019,2002MM07,141.8,142.7
1585,1019,2002MM08,142.2,143.1
1586,1019,2002MM09,142.4,143.3
1587,1019,2002MM10,143.3,144.2
1588,1019,2002MM11,143.5,144.4
1589,1019,2002MM12,143.5,144.4
1590,1019,2002JJ00,142.0,142.9
1591,1019,2003MM01,144.4,145.3
1592,1019,2003MM02,144.6,145.5
1593,1019,2003MM03,144.9,145.8
1594,1019,2003MM04,144.9,145.8
1595,1019,2003MM05,144.9,145.8
1596,1009,1999MM01,118.9,123.9
1597,1009,1999MM02,119.0,124.0
1598,1009,1999MM03,119.7,125.0
1599,1009,1999MM04,119.8,125.1
1600,1009,1999MM05,119.9,125.2
1601,1009,1999MM06,120.1,125.4
1602,1009,1999MM07,120.3,125.6
1603,1009,1999MM08,121.3,126.7
1604,1009,1999MM09,122.0,127.4
1605,1009,1999MM10,122.3,127.7
1606,1009,1999MM11,122.6,128.1
1607,1009,1999MM12,122.6,128.1
1608,1009,1999JJ00,121.4,126.8
1609,1009,2000MM01,122.6,128.3
1610,1009,2000MM02,122.7,128.5
1611,1009,2000MM03,122.9,128.6
1612,1009,2000MM04,122.9,128.7
1613,1009,2000MM05,122.9,128.7
1614,1009,2000MM06,123.6,129.4
1615,1009,2000MM07,124.9,130.7
1616,1009,2000MM08,125.1,130.9
1617,1009,2000MM09,125.7,131.5
1618,1009,2000MM10,125.8,131.7
1619,1009,2000MM11,126.1,131.9
1620,1009,2000MM12,126.2,132.1
1621,1009,2000JJ00,125.0,130.8
1622,1009,2001MM01,126.7,132.6
1623,1009,2001MM02,126.7,132.6
1624,1009,2001MM03,127.7,133.7
1625,1009,2001MM04,128.1,134.1
1626,1009,2001MM05,128.8,134.8
1627,1009,2001MM06,130.2,136.3
1628,1009,2001MM07,131.1,137.3
1629,1009,2001MM08,131.3,137.4
1630,1009,2001MM09,131.3,137.5
1631,1009,2001MM10,132.7,138.9
1632,1009,2001MM11,132.8,139.0
1633,1009,2001MM12,132.8,139.0
1634,1009,2001JJ00,131.2,137.4
1635,1009,2002MM01,133.9,140.2
1636,1009,2002MM02,134.0,140.2
1637,1009,2002MM03,134.2,140.5
1638,1009,2002MM04,134.4,140.7
1639,1009,2002MM05,135.4,141.7
1640,1009,2002MM06,135.5,141.9
1641,1009,2002MM07,137.0,143.4
1642,1009,2002MM08,136.9,143.3
1643,1009,2002MM09,137.5,143.9
1644,1009,2002MM10,137.7,144.1
1645,1009,2002MM11,138.0,144.4
1646,1009,2002MM12,138.3,144.8
1647,1009,2002JJ00,136.6,143.0
1648,1009,2003MM01,139.1,145.6
1649,1009,2003MM02,139.2,145.7
1650,1009,2003MM03,139.4,145.9
1651,1009,2003MM04,139.5,146.0
1652,1009,2003MM05,141.0,147.6
1653,1020,1999MM01,118.7,123.3
1654,1020,1999MM02,118.7,123.3
1655,1020,1999MM03,118.9,123.4
1656,1020,1999MM04,118.9,123.5
1657,1020,1999MM05,119.0,123.5
1658,1020,1999MM06,119.1,123.6
1659,1020,1999MM07,119.3,123.9
1660,1020,1999MM08,122.4,127.0
1661,1020,1999MM09,122.4,127.0
1662,1020,1999MM10,122.9,127.6
1663,1020,1999MM11,122.9,127.6
1664,1020,1999MM12,123.0,127.7
1665,1020,1999JJ00,121.5,126.1
1666,1020,2000MM01,122.7,127.4
1667,1020,2000MM02,122.9,127.8
1668,1020,2000MM03,123.1,128.0
1669,1020,2000MM04,123.3,128.3
1670,1020,2000MM05,123.1,128.0
1671,1020,2000MM06,123.1,128.0
1672,1020,2000MM07,123.1,128.0
1673,1020,2000MM08,123.8,128.8
1674,1020,2000MM09,125.1,130.0
1675,1020,2000MM10,125.2,130.2
1676,1020,2000MM11,125.9,130.9
1677,1020,2000MM12,126.2,131.2
1678,1020,2000JJ00,124.6,129.5
1679,1020,2001MM01,127.4,132.5
1680,1020,2001MM02,127.4,132.5
1681,1020,2001MM03,127.7,132.8
1682,1020,2001MM04,128.0,133.2
1683,1020,2001MM05,129.9,135.2
1684,1020,2001MM06,130.0,135.2
1685,1020,2001MM07,130.0,135.2
1686,1020,2001MM08,130.1,135.3
1687,1020,2001MM09,130.3,135.6
1688,1020,2001MM10,132.8,138.2
1689,1020,2001MM11,132.9,138.3
1690,1020,2001MM12,132.9,138.3
1691,1020,2001JJ00,130.6,135.9
1692,1020,2002MM01,132.9,138.2
1693,1020,2002MM02,132.9,138.2
1694,1020,2002MM03,132.9,138.2
1695,1020,2002MM04,132.9,138.2
1696,1020,2002MM05,135.4,140.9
1697,1020,2002MM06,135.4,140.9
1698,1020,2002MM07,135.7,141.2
1699,1020,2002MM08,135.7,141.2
1700,1020,2002MM09,135.7,141.2
1701,1020,2002MM10,136.2,141.6
1702,1020,2002MM11,137.2,142.7
1703,1020,2002MM12,138.0,143.5
1704,1020,2002JJ00,135.8,141.3
1705,1020,2003MM01,138.2,143.8
1706,1020,2003MM02,138.3,143.8
1707,1020,2003MM03,138.4,144.0
1708,1020,2003MM04,138.4,144.0
1709,1020,2003MM05,140.3,145.9
1710,1021,1999MM01,118.2,123.8
1711,1021,1999MM02,118.2,123.8
1712,1021,1999MM03,121.4,127.2
1713,1021,1999MM04,121.4,127.2
1714,1021,1999MM05,121.4,127.2
1715,1021,1999MM06,121.4,127.2
1716,1021,1999MM07,121.4,127.2
1717,1021,1999MM08,121.4,127.2
1718,1021,1999MM09,121.4,127.2
1719,1021,1999MM10,121.4,127.2
1720,1021,1999MM11,121.4,127.2
1721,1021,1999MM12,121.4,127.2
1722,1021,1999JJ00,121.2,126.9
1723,1021,2000MM01,121.4,127.2
1724,1021,2000MM02,121.4,127.2
1725,1021,2000MM03,121.4,127.2
1726,1021,2000MM04,121.4,127.2
1727,1021,2000MM05,121.4,127.2
1728,1021,2000MM06,121.4,127.2
1729,1021,2000MM07,125.6,131.5
1730,1021,2000MM08,125.6,131.5
1731,1021,2000MM09,125.6,131.5
1732,1021,2000MM10,125.6,131.5
1733,1021,2000MM11,125.6,131.5
1734,1021,2000MM12,125.6,131.5
1735,1021,2000JJ00,124.9,130.9
1736,1021,2001MM01,125.6,131.6
1737,1021,2001MM02,125.6,131.6
1738,1021,2001MM03,129.1,135.3
1739,1021,2001MM04,129.1,135.3
1740,1021,2001MM05,129.1,135.3
1741,1021,2001MM06,129.1,135.3
1742,1021,2001MM07,129.1,135.3
1743,1021,2001MM08,129.1,135.3
1744,1021,2001MM09,129.1,135.3
1745,1021,2001MM10,130.9,137.1
1746,1021,2001MM11,130.9,137.1
1747,1021,2001MM12,130.9,137.1
1748,1021,2001JJ00,130.3,136.5
1749,1021,2002MM01,134.4,140.8
1750,1021,2002MM02,134.4,140.8
1751,1021,2002MM03,134.4,140.8
1752,1021,2002MM04,134.4,140.8
1753,1021,2002MM05,134.4,140.8
1754,1021,2002MM06,134.7,141.1
1755,1021,2002MM07,137.5,144.0
1756,1021,2002MM08,137.5,144.0
1757,1021,2002MM09,137.5,144.0
1758,1021,2002MM10,137.5,144.0
1759,1021,2002MM11,137.5,144.0
1760,1021,2002MM12,137.5,144.0
1761,1021,2002JJ00,136.1,142.6
1762,1021,2003MM01,137.5,144.0
1763,1021,2003MM02,137.5,144.0
1764,1021,2003MM03,137.5,144.0
1765,1021,2003MM04,137.5,144.0
1766,1021,2003MM05,141.1,147.8
1767,1022,1999MM01,118.4,124.1
1768,1022,1999MM02,118.4,124.1
1769,1022,1999MM03,118.0,124.5
1770,1022,1999MM04,118.3,124.7
1771,1022,1999MM05,118.3,124.7
1772,1022,1999MM06,118.7,125.2
1773,1022,1999MM07,118.9,125.4
1774,1022,1999MM08,119.0,125.5
1775,1022,1999MM09,120.9,127.5
1776,1022,1999MM10,121.2,127.9
1777,1022,1999MM11,121.9,128.6
1778,1022,1999MM12,121.9,128.6
1779,1022,1999JJ00,120.2,126.8
1780,1022,2000MM01,122.1,129.2
1781,1022,2000MM02,122.1,129.3
1782,1022,2000MM03,122.2,129.3
1783,1022,2000MM04,122.2,129.3
1784,1022,2000MM05,122.2,129.4
1785,1022,2000MM06,124.2,131.5
1786,1022,2000MM07,124.6,131.9
1787,1022,2000MM08,124.6,131.9
1788,1022,2000MM09,124.8,132.1
1789,1022,2000MM10,124.8,132.2
1790,1022,2000MM11,124.8,132.2
1791,1022,2000MM12,124.9,132.2
1792,1022,2000JJ00,123.8,131.1
1793,1022,2001MM01,125.1,132.4
1794,1022,2001MM02,125.2,132.5
1795,1022,2001MM03,125.2,132.5
1796,1022,2001MM04,125.8,133.1
1797,1022,2001MM05,125.8,133.2
1798,1022,2001MM06,130.0,137.6
1799,1022,2001MM07,132.5,140.3
1800,1022,2001MM08,132.6,140.4
1801,1022,2001MM09,132.6,140.4
1802,1022,2001MM10,132.7,140.5
1803,1022,2001MM11,132.7,140.5
1804,1022,2001MM12,132.9,140.6
1805,1022,2001JJ00,131.1,138.8
1806,1022,2002MM01,133.4,141.2
1807,1022,2002MM02,133.4,141.2
1808,1022,2002MM03,134.2,142.0
1809,1022,2002MM04,134.2,142.0
1810,1022,2002MM05,134.8,142.7
1811,1022,2002MM06,134.9,142.8
1812,1022,2002MM07,136.9,144.9
1813,1022,2002MM08,136.6,144.6
1814,1022,2002MM09,138.1,146.2
1815,1022,2002MM10,138.2,146.3
1816,1022,2002MM11,138.2,146.3
1817,1022,2002MM12,138.4,146.5
1818,1022,2002JJ00,136.7,144.7
1819,1022,2003MM01,140.3,148.5
1820,1022,2003MM02,140.3,148.5
1821,1022,2003MM03,140.8,149.1
1822,1022,2003MM04,140.8,149.1
1823,1022,2003MM05,140.9,149.1
1824,1023,1999MM01,122.4,125.0
1825,1023,1999MM02,122.8,125.5
1826,1023,1999MM03,123.5,126.2
1827,1023,1999MM04,123.5,126.2
1828,1023,1999MM05,123.9,126.6
1829,1023,1999MM06,124.3,127.0
1830,1023,1999MM07,124.5,127.3
1831,1023,1999MM08,124.9,127.7
1832,1023,1999MM09,125.4,128.1
1833,1023,1999MM10,125.4,128.8
1834,1023,1999MM11,125.9,129.3
1835,1023,1999MM12,126.0,129.4
1836,1023,1999JJ00,124.8,127.9
1837,1023,2000MM01,126.4,129.9
1838,1023,2000MM02,126.8,130.3
1839,1023,2000MM03,127.3,130.8
1840,1023,2000MM04,127.3,130.8
1841,1023,2000MM05,127.8,131.3
1842,1023,2000MM06,127.8,131.3
1843,1023,2000MM07,129.1,132.7
1844,1023,2000MM08,129.2,132.7
1845,1023,2000MM09,130.1,133.6
1846,1023,2000MM10,130.8,134.4
1847,1023,2000MM11,131.1,134.7
1848,1023,2000MM12,131.1,134.7
1849,1023,2000JJ00,129.4,133.0
1850,1023,2001MM01,131.6,135.3
1851,1023,2001MM02,131.6,135.3
1852,1023,2001MM03,132.0,135.7
1853,1023,2001MM04,133.4,137.1
1854,1023,2001MM05,133.5,137.2
1855,1023,2001MM06,133.9,137.6
1856,1023,2001MM07,134.6,138.3
1857,1023,2001MM08,134.9,138.7
1858,1023,2001MM09,134.9,138.7
1859,1023,2001MM10,136.2,140.0
1860,1023,2001MM11,136.3,140.0
1861,1023,2001MM12,136.6,140.3
1862,1023,2001JJ00,135.2,139.0
1863,1023,2002MM01,137.7,141.5
1864,1023,2002MM02,137.7,141.5
1865,1023,2002MM03,138.0,141.8
1866,1023,2002MM04,139.2,143.1
1867,1023,2002MM05,139.3,143.1
1868,1023,2002MM06,139.3,143.2
1869,1023,2002MM07,139.9,143.7
1870,1023,2002MM08,139.9,143.7
1871,1023,2002MM09,140.3,144.2
1872,1023,2002MM10,140.6,144.5
1873,1023,2002MM11,140.6,144.5
1874,1023,2002MM12,140.6,144.5
1875,1023,2002JJ00,139.6,143.5
1876,1023,2003MM01,141.1,145.0
1877,1023,2003MM02,142.0,145.9
1878,1023,2003MM03,142.0,145.9
1879,1023,2003MM04,142.4,146.3
1880,1023,2003MM05,143.5,147.4
