ID,Periode,Totaal_1,KredietMetVasteLooptijd_2,DoorlopendeKredietfaciliteiten_3,Totaal_4,KredietMetVasteLooptijd_5,DoorlopendeKredietfaciliteiten_6,Totaal_7,KredietMetVasteLooptijd_8,DoorlopendeKredietfaciliteiten_9,Totaal_10,KredietMetVasteLooptijd_11,DoorlopendeKredietfaciliteiten_12,Totaal_13,KredietMetVasteLooptijd_14,DoorlopendeKredietfaciliteiten_15,Totaal_16,KredietMetVasteLooptijd_17,DoorlopendeKredietfaciliteiten_18,Totaal_19,VasteGeldleningen_20,DoorlopendGeldkrediet_21,SomDerToegezegdeLimieten_22,Totaal_23,VasteGeldleningen_24,DoorlopendGeldkrediet_25,SomDerToegezegdeLimieten_26,Totaal_27,VasteGeldleningen_28,VastGoederenkrediet_29,DoorlopendGeldkrediet_30,SomDerToegezegdeLimieten_31,Totaal_32,SomDerToegezegdeLimieten_33,Totaal_34,SomDerToegezegdeLimieten_35,Totaal_36,KredietenMetVasteLooptijd_37,DoorlopendeKredietfaciliteiten_38,SomDerToegezegdeLimieten_39,Totaal_40,VasteGeldleningen_41,DoorlopendGeldkrediet_42,SomDerToegezegdeLimieten_43,Totaal_44,VasteGeldleningen_45,DoorlopendGeldkrediet_46,SomDerToegezegdeLimieten_47,Totaal_48,VasteGeldleningen_49,VastGoederenkrediet_50,DoorlopendGeldkrediet_51,SomDerToegezegdeLimieten_52,Totaal_53,SomDerToegezegdeLimieten_54,Totaal_55,SomDerToegezegdeLimieten_56,Totaal_57,KredietenMetVasteLooptijd_58,DoorlopendeKredietfaciliteiten_59,SomDerToegezegdeLimieten_60,Totaal_61,VasteGeldleningen_62,DoorlopendGeldkrediet_63,Totaal_64,VasteGeldleningen_65,DoorlopendGeldkrediet_66,Totaal_67,VasteGeldleningen_68,VastGoederenkrediet_69,DoorlopendGeldkrediet_70,Postorderbedrijven_71,CreditCardOrganisaties_72,Totaal_73,KredietenMetVasteLooptijd_74,DoorlopendeKredietfaciliteiten_75,Totaal_76,VasteGeldleningen_77,DoorlopendGeldkrediet_78,Totaal_79,VasteGeldleningen_80,DoorlopendGeldkrediet_81,Totaal_82,VasteGeldleningen_83,VastGoederenkrediet_84,DoorlopendGeldkrediet_85,Postorderbedrijven_86,CreditCardOrganisaties_87,Totaal_88,KredietenMetVasteLooptijd_89,DoorlopendeKredietfaciliteiten_90,TotaalGemeentelijkeKredietbanken_91,TotaalBanken_92,TotaalFinancieringsmaatschappijen_93,TotaalAlleMaatschappijen_94,TotaalGemeentelijkeKredietbanken_95,TotaalBanken_96,TotaalFinancieringsmaatschappijen_97,TotaalAlleMaatschappijen_98
0,1993MM01,9095,3796,5298,419,127,291,514,162,351,95,35,60,563,241,321,9046,3717,5328,377,343,34,46,3490,848,2641,4483,4730,1774,751,2204,3001,290,823,159,1311,9046,3717,5328,9664,198,191,7,7,784,191,592,698,913,342,147,425,492,796,1234,556,1274,3246,871,2375,3705,17,15,2,149,30,119,191,44,37,110,24,36,419,127,291,21,19,3,186,39,147,239,60,44,134,29,39,514,162,351,15,30,44,90,6,6,8,20
1,1993MM02,9046,3717,5328,456,131,325,555,170,384,99,39,59,500,195,305,9101,3693,5408,379,344,35,47,3507,849,2659,4514,4762,1752,748,2262,3079,294,928,159,1415,9101,3693,5408,9983,198,191,7,7,788,192,596,702,921,337,147,436,502,832,1390,537,1325,3275,868,2407,3927,20,17,3,157,34,123,212,51,29,131,29,39,456,131,325,24,20,3,193,42,151,263,69,39,156,34,42,555,170,384,17,34,51,102,7,7,8,22
2,1993MM03,9101,3693,5408,527,147,379,633,191,442,106,44,62,578,218,359,9156,3666,5490,379,343,36,49,3537,853,2684,4553,4780,1728,741,2310,3152,298,1029,162,1527,9156,3666,5490,10309,198,191,7,7,790,190,599,711,925,333,147,445,517,841,1512,528,1384,3282,861,2421,4131,24,20,3,187,39,148,234,58,31,145,32,52,527,147,379,28,25,4,225,49,177,288,78,40,170,37,54,633,191,442,20,39,58,116,8,8,9,25
3,1993MM04,9156,3666,5490,486,138,348,584,177,407,98,39,59,528,204,324,9212,3638,5573,380,344,37,50,3565,857,2709,4581,4793,1701,737,2355,3216,302,1127,172,1627,9212,3638,5573,10600,200,193,7,7,794,190,604,712,926,328,147,451,523,860,1633,544,1432,3324,857,2466,4307,20,17,2,181,39,142,212,50,31,131,25,48,486,138,348,24,21,2,218,49,169,262,68,39,155,29,50,584,177,407,17,39,50,107,7,8,8,23
4,1993MM05,9212,3638,5573,442,123,319,536,156,380,94,34,61,529,190,339,9220,3605,5615,377,340,37,51,3574,857,2717,4613,4791,1670,737,2384,3231,300,1220,177,1723,9220,3605,5615,10839,195,188,7,7,799,190,609,715,922,322,147,452,522,844,1726,547,1476,3307,847,2460,4446,18,15,2,161,34,127,189,43,30,116,25,50,442,123,319,21,19,2,196,42,155,236,57,39,141,30,52,536,156,380,15,34,43,92,6,7,7,20
5,1993MM06,9220,3605,5615,483,143,340,580,182,399,98,39,59,602,215,387,9199,3571,5627,377,339,38,51,3568,860,2707,4643,4780,1639,733,2408,3271,293,1306,182,1823,9199,3571,5627,11094,195,188,7,7,800,189,611,717,925,316,147,462,531,798,1786,531,1524,3248,840,2408,4565,22,20,2,176,41,135,212,49,32,130,15,57,483,143,340,27,24,3,213,51,162,261,66,40,155,20,59,580,182,399,20,41,49,111,7,8,8,23
6,1993MM07,9199,3571,5627,505,142,364,606,181,425,100,39,61,566,207,359,9238,3545,5693,378,339,39,54,3592,862,2729,4702,4796,1615,730,2451,3359,292,1375,181,1918,9238,3545,5693,11406,196,189,8,8,804,189,614,723,927,311,147,469,532,788,1889,501,1564,3215,836,2379,4716,24,20,4,191,39,151,216,53,29,134,18,56,505,142,364,28,24,5,230,49,180,267,71,37,159,22,59,606,181,425,20,39,53,112,8,8,9,25
7,1993MM08,9238,3545,5693,500,134,366,598,172,426,98,38,60,551,201,350,9285,3516,5769,381,339,41,55,3627,865,2762,4732,4791,1587,725,2480,3397,299,1482,187,2015,9285,3516,5769,11681,195,187,8,8,808,189,619,727,925,304,147,475,541,826,2048,484,1608,3238,827,2411,4931,22,19,4,183,39,144,201,49,28,125,32,61,500,134,366,27,23,4,220,49,171,250,64,35,151,38,64,598,172,426,19,39,49,107,8,8,8,23
8,1993MM09,9285,3516,5769,507,137,371,602,173,429,94,36,58,541,194,347,9346,3495,5851,383,339,44,57,3657,869,2788,4757,4797,1568,719,2510,3441,300,1580,209,2121,9346,3495,5851,11957,193,185,8,8,816,194,623,729,927,300,146,481,544,821,2155,569,1675,3326,825,2501,5112,22,19,3,191,40,150,205,49,29,127,23,68,507,137,371,26,22,4,226,50,176,252,64,36,151,28,70,602,173,429,19,40,49,108,8,8,8,24
9,1993MM10,9346,3495,5851,501,143,358,594,178,416,93,35,58,575,199,376,9364,3474,5891,383,339,44,59,3676,871,2805,4779,4787,1541,724,2523,3456,304,1680,214,2225,9364,3474,5891,12198,195,186,8,8,819,192,627,732,924,294,147,483,544,833,2276,521,1721,3292,820,2472,5281,21,18,3,188,40,147,208,48,37,123,28,57,501,143,358,25,21,4,223,49,174,255,63,44,148,32,59,594,178,416,18,40,48,105,7,8,7,23
10,1993MM11,9364,3474,5891,506,142,364,601,177,423,95,36,59,616,206,411,9349,3446,5903,385,339,46,60,3707,871,2836,4828,4776,1512,724,2540,3486,302,1773,179,2280,9349,3446,5903,12426,194,185,8,8,824,191,633,739,933,289,148,496,547,812,2355,540,1770,3302,814,2489,5419,21,19,3,195,41,153,210,48,34,128,24,56,506,142,364,26,22,4,231,51,179,257,64,41,152,29,59,601,177,423,19,41,48,108,8,8,8,24
11,1993MM12,9349,3446,5903,473,122,351,565,153,412,92,32,60,602,207,394,9312,3392,5920,383,337,46,60,3716,865,2850,4859,4726,1477,712,2537,3501,304,1870,185,2396,9312,3392,5920,12686,192,183,8,8,829,189,640,737,917,283,148,487,543,811,2463,539,1827,3288,803,2485,5578,18,16,2,185,34,151,189,46,26,117,23,58,473,122,351,22,19,3,220,42,177,235,61,32,142,27,62,565,153,412,16,34,46,96,7,7,7,21
12,1994MM01,9312,3392,5920,475,151,324,568,187,381,93,36,57,553,182,371,9327,3397,5930,383,336,47,63,3727,871,2856,4886,4729,1472,718,2539,3466,309,1885,178,2410,9327,3397,5930,12711,193,184,9,9,833,189,643,747,912,280,148,484,500,855,2592,542,1855,3334,801,2533,5703,17,14,3,183,47,136,200,50,39,110,27,48,475,151,324,20,17,3,219,58,162,247,66,46,134,32,50,568,187,381,14,47,50,112,6,8,9,22
13,1994MM02,9327,3397,5930,479,156,323,579,196,382,100,40,59,576,207,369,9330,3386,5944,385,337,48,64,3720,866,2854,4901,4736,1474,709,2553,3469,314,1929,174,2431,9330,3386,5944,12794,192,183,9,9,836,189,647,750,908,278,146,484,502,896,2723,548,1886,3379,796,2584,5870,21,18,3,175,46,129,203,61,32,110,31,49,479,156,323,25,21,4,213,57,156,253,80,39,134,36,52,579,196,382,18,46,61,124,7,8,10,25
14,1994MM03,9330,3386,5944,574,190,383,675,236,439,102,46,56,633,216,416,9373,3405,5967,386,337,49,64,3741,876,2866,4927,4756,1479,713,2564,3496,316,1960,172,2410,9373,3405,5967,12857,195,186,9,9,841,189,651,749,906,276,147,484,504,897,2762,567,1888,3406,797,2608,5912,27,24,4,222,59,163,237,70,38,130,28,59,574,190,383,32,28,4,260,72,188,290,91,45,154,33,61,675,236,439,24,59,70,152,10,10,11,31
15,1994MM04,9373,3405,5967,509,169,340,603,209,394,94,40,54,548,176,371,9428,3438,5990,391,341,50,67,3757,883,2874,4949,4790,1487,726,2576,3515,314,1984,177,2419,9428,3438,5990,12934,194,185,10,10,845,190,655,750,907,274,149,484,505,886,2771,496,1914,3328,797,2531,5949,21,19,3,192,46,147,218,62,43,113,24,54,509,169,340,25,22,3,226,56,171,268,81,50,137,28,56,603,209,394,19,46,62,126,8,8,10,25
16,1994MM05,9428,3438,5990,479,145,334,571,181,390,92,35,56,572,177,395,9427,3441,5986,390,340,50,67,3751,887,2865,4959,4799,1487,727,2585,3599,312,1999,174,2412,9427,3441,5986,13037,190,180,10,10,847,190,658,750,902,271,148,483,571,867,2752,488,1881,3294,789,2505,5965,18,15,2,180,42,137,196,54,34,109,25,60,479,145,334,21,18,3,213,52,162,243,69,41,133,31,62,571,181,390,15,42,54,111,6,7,9,22
17,1994MM06,9427,3441,5986,501,163,337,599,205,395,99,41,58,616,199,417,9410,3446,5964,393,343,50,68,3742,891,2851,4981,4800,1494,719,2587,3623,305,2002,170,2440,9410,3446,5964,13115,190,180,10,10,848,189,659,749,899,270,146,483,573,836,2720,510,1930,3284,786,2499,5982,22,19,2,194,47,147,206,64,34,109,18,61,501,163,337,26,23,3,231,57,173,257,83,41,133,23,63,599,205,395,19,47,64,130,7,8,10,25
18,1994MM07,9410,3446,5964,477,147,330,573,186,387,96,39,57,564,178,386,9419,3454,5964,393,342,52,70,3751,893,2858,4999,4806,1500,718,2587,3625,301,2009,166,2406,9419,3454,5964,13109,191,181,10,10,849,189,660,751,895,268,146,481,574,817,2728,504,1891,3256,784,2472,5954,20,16,3,183,42,142,194,59,30,104,20,61,477,147,330,23,20,4,220,51,168,243,79,37,128,24,64,573,186,387,16,42,59,118,7,7,9,22
19,1994MM08,9419,3454,5964,534,159,375,631,201,430,98,42,56,579,187,393,9470,3468,6003,395,342,53,71,3778,902,2876,5018,4821,1505,719,2598,3640,310,2051,166,2409,9470,3468,6003,13189,191,180,11,11,855,190,665,751,890,265,145,480,576,861,2860,508,1903,3305,781,2524,6101,22,18,4,199,47,152,205,63,31,111,34,74,534,159,375,25,22,4,234,58,176,256,83,39,134,39,77,631,201,430,18,47,63,128,7,8,10,25
20,1994MM09,9470,3468,6003,527,162,366,623,202,421,96,40,55,562,196,366,9532,3474,6058,397,343,54,72,3807,909,2898,5041,4837,1512,709,2616,3662,317,2098,173,2435,9532,3474,6058,13309,192,181,11,11,860,190,669,752,887,264,143,481,578,897,2977,528,1940,3364,778,2586,6258,21,18,3,200,46,154,211,60,37,113,31,64,527,162,366,25,21,4,235,57,178,260,80,44,137,36,67,623,202,421,17,46,60,124,7,8,9,25
21,1994MM10,9532,3474,6058,542,159,383,639,200,439,97,40,56,543,164,378,9629,3510,6119,397,343,54,73,3839,918,2922,5069,4881,1520,730,2632,3684,319,2131,192,2455,9629,3510,6119,13411,192,181,11,11,865,191,674,754,888,263,145,481,580,893,3023,571,1964,3410,779,2630,6332,19,16,3,198,46,152,211,59,39,113,31,83,542,159,383,22,19,3,233,56,177,261,79,45,137,36,86,639,200,439,16,46,59,121,6,8,9,24
22,1994MM11,9629,3510,6119,524,157,366,622,199,423,98,42,57,575,191,384,9676,3518,6157,398,344,54,73,3869,919,2950,5019,4900,1523,732,2645,3698,318,2150,191,2481,9676,3518,6157,13421,192,181,11,11,866,191,675,737,885,260,144,481,583,878,2988,571,2003,3393,776,2617,6321,20,17,3,211,49,162,206,61,31,114,23,64,524,157,366,24,20,3,247,60,187,257,80,39,138,28,66,622,199,423,17,49,61,126,7,8,10,25
23,1994MM12,9676,3518,6157,468,126,342,562,160,402,93,34,59,533,162,372,9704,3517,6187,398,343,55,74,3899,928,2971,5023,4902,1526,720,2656,3717,312,2159,193,2487,9704,3517,6187,13460,190,180,10,10,873,190,683,732,881,258,142,482,585,840,2937,645,2074,3429,769,2660,6338,19,16,3,193,38,156,172,50,22,99,18,66,468,126,342,23,19,4,229,47,182,219,67,27,124,23,69,562,160,402,16,38,50,104,7,6,8,21
24,1995MM01,9704,3517,6187,487,144,343,583,181,401,95,37,58,558,185,373,9728,3513,6215,396,340,56,74,3905,927,2979,5035,4918,1522,724,2672,3727,321,2176,188,2483,9728,3513,6215,13495,192,182,10,10,869,189,680,735,877,254,141,482,582,879,2990,690,2078,3508,766,2742,6396,17,15,3,181,37,144,199,49,44,106,34,55,487,144,343,20,17,3,217,46,171,248,65,52,131,39,57,583,181,401,15,37,49,101,6,7,7,20
25,1995MM02,9728,3513,6215,456,131,325,551,167,384,95,36,59,512,158,353,9767,3521,6246,396,339,56,75,3918,927,2992,5061,4940,1529,727,2684,3733,324,2202,190,2492,9767,3521,6246,13564,188,178,10,10,865,188,677,738,879,256,140,482,579,890,3030,692,2088,3513,762,2751,6445,18,15,3,176,38,138,181,49,29,103,27,54,456,131,325,22,18,4,211,48,163,229,65,36,128,31,58,551,167,384,15,38,49,102,6,7,7,20
26,1995MM03,9767,3521,6246,558,157,400,660,199,461,102,41,60,573,184,389,9853,3537,6317,394,337,57,76,3967,934,3033,5102,4975,1532,733,2710,3789,326,2226,192,2503,9853,3537,6317,13696,190,179,11,11,866,189,676,743,881,255,141,484,579,896,3060,698,2093,3530,765,2765,6485,21,17,3,216,44,173,224,57,39,127,30,67,558,157,400,25,21,4,255,55,200,275,76,47,152,35,69,660,199,461,17,44,57,118,7,8,8,23
27,1995MM04,9853,3537,6317,482,131,352,577,166,411,94,35,59,522,163,359,9908,3539,6369,393,335,57,76,3994,933,3062,5153,5004,1530,741,2733,3794,325,2250,193,2511,9908,3539,6369,13784,188,177,11,11,866,188,677,748,877,253,140,484,573,896,3093,702,2108,3529,759,2770,6533,16,14,2,190,35,154,196,48,34,115,25,54,482,131,352,20,16,3,226,45,181,245,64,41,140,30,57,577,166,411,14,35,48,97,5,6,7,18
28,1995MM05,9908,3539,6369,523,134,389,620,169,451,97,35,61,611,182,429,9917,3526,6391,390,333,57,77,3991,929,3062,5181,5019,1517,747,2755,3818,325,2271,191,2520,9917,3526,6391,13867,190,179,11,11,860,187,674,749,867,249,135,483,572,894,3115,699,2110,3510,750,2760,6556,19,15,3,194,37,157,214,47,35,132,29,68,523,134,389,22,19,4,231,46,184,262,61,43,157,35,70,620,169,451,15,37,47,98,6,6,7,20
29,1995MM06,9917,3526,6391,507,136,371,603,172,432,96,36,60,602,173,428,9919,3524,6395,389,332,57,78,3979,923,3056,5223,5046,1506,763,2777,3877,315,2288,189,2540,9919,3524,6395,14005,189,178,11,11,862,185,677,759,873,246,141,487,572,851,3128,691,2124,3466,749,2716,6593,23,18,5,182,34,147,218,45,38,135,17,66,507,136,371,27,21,5,218,44,174,267,59,48,161,22,69,603,172,432,18,34,45,97,7,6,7,20
30,1995MM07,9919,3524,6395,526,131,395,619,165,454,93,34,59,596,176,420,9942,3513,6430,389,330,59,79,3978,918,3060,5324,5074,1493,772,2808,3908,312,2294,190,2544,9942,3513,6430,14148,188,177,11,11,855,183,672,761,869,240,140,488,569,851,3146,682,2123,3446,741,2705,6609,20,17,4,186,34,152,221,44,36,142,25,72,526,131,395,24,20,4,221,43,177,270,57,45,168,30,74,619,165,454,17,34,44,94,7,6,7,20
31,1995MM08,9942,3513,6430,566,135,431,659,171,489,93,35,58,610,188,422,9991,3495,6496,389,329,60,80,4000,915,3086,5274,5102,1479,772,2851,3953,315,2398,185,2552,9991,3495,6496,14258,188,177,11,11,853,182,670,766,866,236,139,491,568,876,3298,673,2120,3455,735,2721,6764,21,17,4,208,39,169,231,47,33,152,26,79,566,135,431,25,20,5,243,49,195,278,62,40,177,31,82,659,171,489,17,39,47,103,7,7,7,22
32,1995MM09,9991,3495,6496,572,131,441,663,165,498,92,34,57,581,188,393,10074,3472,6602,389,328,61,82,4030,913,3117,5312,5129,1464,767,2897,4000,319,2421,207,2554,10074,3472,6602,14368,184,173,11,11,855,182,673,772,864,232,138,493,567,883,3338,679,2125,3466,726,2740,6813,20,15,4,211,39,172,231,45,31,155,29,81,572,131,441,23,19,5,245,49,196,278,59,38,180,34,83,663,165,498,15,39,45,99,7,7,7,21
33,1995MM10,10074,3472,6602,602,141,461,695,176,520,93,34,59,656,220,437,10112,3428,6685,388,326,61,82,4060,910,3150,5352,5134,1427,765,2942,4050,323,2425,208,2560,10112,3428,6685,14470,188,177,11,11,853,181,671,775,864,230,137,498,566,896,3342,687,2136,3488,725,2763,6831,21,17,4,224,39,185,253,46,39,168,33,71,602,141,461,25,20,4,259,49,211,300,59,47,193,38,74,695,176,520,17,39,46,102,7,7,7,21
34,1995MM11,10112,3428,6685,606,143,462,698,180,518,92,37,56,639,194,445,10171,3414,6758,388,326,62,83,4087,905,3182,5384,5161,1407,776,2979,4060,323,2361,212,2579,10171,3414,6758,14467,188,177,11,11,856,181,675,781,863,226,137,501,565,885,3235,682,2154,3474,720,2754,6747,22,18,4,230,40,190,260,48,37,174,25,70,606,143,462,25,21,5,264,49,214,306,63,46,197,30,74,698,180,518,18,40,48,106,8,7,7,22
35,1995MM12,10171,3414,6758,510,112,398,593,140,452,83,28,54,635,217,418,10129,3337,6792,386,323,63,84,4093,886,3207,5419,5113,1384,743,2985,4062,321,2366,216,2585,10129,3337,6792,14517,185,173,12,12,848,176,672,783,856,222,135,500,560,865,3186,676,2154,3431,707,2724,6694,16,13,3,216,38,178,187,37,24,125,23,69,510,112,398,20,15,4,249,46,202,226,48,29,148,27,71,593,140,452,13,38,37,88,5,6,6,17
36,1996MM01,10129,3337,6792,560,140,420,655,176,479,95,35,60,668,205,463,10116,3308,6809,385,321,64,87,4100,884,3216,5451,5093,1360,743,2991,4119,325,2345,213,2591,10116,3308,6809,14593,187,175,12,12,837,176,661,787,855,219,137,499,552,898,3158,677,2162,3453,707,2746,6671,19,15,4,215,42,174,229,44,39,146,32,65,560,140,420,22,18,4,252,54,198,274,57,47,170,36,71,655,176,479,15,42,44,102,6,8,7,21
37,1996MM02,10116,3308,6809,538,138,400,628,171,457,90,33,57,611,171,440,10133,3308,6825,385,320,64,88,4110,885,3225,5487,5100,1355,747,2997,4146,328,2337,211,2592,10133,3308,6825,14649,187,175,12,12,841,177,664,792,852,214,137,502,554,906,3132,667,2171,3453,702,2751,6661,19,15,4,205,40,165,226,44,39,143,28,61,538,138,400,23,19,4,238,49,189,269,57,46,165,32,66,628,171,457,15,40,44,99,6,8,7,20
38,1996MM03,10133,3308,6825,590,150,440,680,185,495,89,35,54,647,192,455,10166,3301,6865,386,321,65,87,4132,891,3241,5526,5105,1342,747,3016,4153,328,2329,215,2585,10166,3301,6865,14680,184,172,12,12,841,177,665,795,859,215,136,508,558,881,3098,662,2164,3428,700,2728,6628,21,17,4,239,48,190,233,53,32,149,27,70,590,150,440,25,20,5,272,59,213,276,67,39,170,31,75,680,185,495,17,48,53,118,7,9,8,23
39,1996MM04,10166,3301,6865,600,140,460,688,173,515,88,33,55,632,180,452,10223,3294,6929,388,321,67,90,4174,894,3281,5566,5119,1331,748,3039,4181,328,2319,214,2590,10223,3294,6929,14745,185,173,12,12,847,177,670,800,858,213,134,510,559,876,3058,667,2174,3433,697,2736,6603,20,15,5,236,42,195,242,49,34,159,28,74,600,140,460,23,18,5,269,51,218,284,62,42,181,33,79,688,173,515,15,42,49,105,6,7,7,21
40,1996MM05,10223,3294,6929,601,143,458,693,176,517,92,32,59,645,170,475,10271,3300,6971,385,318,68,91,4188,898,3291,5605,5148,1332,753,3063,4218,334,2305,216,2530,10271,3300,6971,14751,184,172,12,12,854,178,676,802,863,212,134,516,563,898,3012,659,2134,3458,696,2763,6523,19,15,4,241,45,196,236,46,37,152,27,79,601,143,458,22,17,5,274,55,219,280,59,44,177,32,85,693,176,517,15,45,46,106,6,8,7,21
41,1996MM06,10271,3300,6971,529,137,393,620,169,451,91,33,59,654,173,481,10238,3296,6942,386,318,68,93,4167,900,3267,5635,5142,1328,750,3064,4230,328,2288,215,2559,10238,3296,6942,14806,184,172,12,12,851,177,674,806,867,212,134,520,564,872,2960,661,2157,3435,696,2738,6499,18,15,4,202,39,163,213,46,37,130,22,74,529,137,393,21,17,5,233,48,186,259,61,44,155,27,80,620,169,451,15,39,46,100,6,7,7,20
42,1996MM07,10238,3296,6942,629,156,473,722,190,532,93,34,59,688,185,503,10271,3300,6971,387,318,69,95,4184,903,3281,5661,5161,1331,749,3081,4261,323,2265,217,2576,10271,3300,6971,14858,183,170,13,13,853,178,675,808,872,214,134,525,567,856,2915,644,2171,3408,695,2712,6474,22,17,5,241,46,195,242,54,39,150,24,99,629,156,473,26,20,5,275,56,218,288,67,46,175,29,105,722,190,532,18,46,54,117,7,8,8,24
43,1996MM08,10271,3300,6971,603,142,460,694,174,520,92,32,60,610,172,439,10355,3302,7053,389,318,71,97,4219,907,3313,5703,5185,1333,745,3107,4280,329,2253,232,2614,10355,3302,7053,14947,183,170,13,13,857,179,678,814,875,212,133,530,571,878,2879,646,2209,3440,694,2745,6485,20,16,5,235,45,189,226,49,32,145,29,92,603,142,460,24,19,5,268,55,213,270,62,38,170,34,98,694,174,520,16,45,49,110,6,8,7,22
44,1996MM09,10355,3302,7053,627,138,489,718,170,548,90,31,59,624,174,450,10449,3298,7151,390,318,72,98,4268,911,3358,5751,5217,1330,740,3147,4327,337,2246,236,2617,10449,3298,7151,15040,181,168,13,13,863,180,683,819,879,212,132,535,574,901,2846,655,2215,3479,692,2787,6467,20,15,5,251,46,205,234,47,30,157,35,88,627,138,489,23,18,5,285,56,229,277,60,36,182,40,92,718,170,548,15,46,47,108,7,9,7,23
45,1996MM10,10449,3298,7151,688,156,532,786,191,596,98,34,64,700,194,506,10535,3294,7241,390,317,74,100,4322,916,3406,5822,5230,1311,751,3168,4354,339,2238,254,2616,10535,3294,7241,15130,181,167,13,13,869,180,690,828,881,209,132,540,579,901,2809,683,2231,3514,687,2827,6460,21,16,5,271,49,222,263,51,39,172,34,99,688,156,532,25,20,5,306,60,246,309,65,47,197,39,108,786,191,596,16,49,51,116,7,9,8,23
46,1996MM11,10535,3294,7241,663,156,507,759,191,568,96,35,62,673,187,485,10622,3298,7324,390,316,74,101,4371,913,3458,5892,5266,1316,754,3196,4389,343,2211,251,2616,10622,3298,7324,15209,180,166,14,14,878,181,697,836,878,208,132,538,575,905,2765,667,2236,3508,687,2821,6426,20,15,5,290,54,236,246,52,34,160,28,79,663,156,507,24,18,5,326,66,260,291,65,41,185,33,85,759,191,568,15,54,52,121,7,10,8,24
47,1996MM12,10622,3298,7324,598,111,487,685,137,548,87,26,61,668,168,500,10638,3266,7372,389,314,75,102,4396,901,3495,5938,5256,1302,748,3205,4404,339,2145,259,2632,10638,3266,7372,15221,179,166,14,14,878,179,698,840,879,207,130,542,576,871,2709,677,2200,3483,682,2801,6339,18,14,4,262,37,226,205,39,21,145,26,86,598,111,487,21,16,5,295,45,250,245,50,26,169,31,93,685,137,548,14,37,39,90,6,7,7,20
48,1997MM01,10638,3266,7372,652,152,499,741,184,556,89,32,57,664,176,488,10715,3275,7440,402,311,90,106,4997,994,4003,6712,4713,1216,754,2743,3729,339,2142,264,2640,10715,3275,7440,15330,180,166,14,14,1021,197,824,965,754,188,132,434,467,879,2721,676,2244,3510,683,2828,6411,20,15,5,262,43,219,261,52,43,166,34,76,652,152,499,23,17,5,298,53,245,302,64,50,187,39,80,741,184,556,15,43,52,109,6,9,8,23
49,1997MM02,10715,3275,7440,624,142,482,716,177,539,91,34,57,648,183,465,10782,3269,7514,399,309,90,107,5016,990,4025,6773,4761,1213,756,2791,3788,340,2139,267,2642,10782,3269,7514,15449,182,167,14,14,1022,195,827,969,764,188,134,442,476,883,2746,671,2241,3522,684,2838,6447,17,13,4,252,45,207,256,49,36,172,30,71,624,142,482,20,15,5,288,58,231,300,61,43,196,34,74,716,177,539,13,45,49,106,5,8,8,21
50,1997MM03,10782,3269,7514,650,146,504,741,178,563,91,32,59,640,168,472,10883,3279,7605,398,309,90,110,5054,992,4062,6830,4802,1208,770,2824,3816,347,2140,281,2648,10883,3279,7605,15544,181,167,15,15,1027,196,830,974,774,187,138,449,482,908,2762,688,2244,3578,688,2889,6477,19,15,4,261,45,216,259,48,39,172,33,80,650,146,504,22,17,5,295,54,241,305,59,48,198,38,83,741,178,563,15,45,48,107,6,8,7,22
51,1997MM04,10883,3279,7605,722,164,559,817,200,617,95,36,59,746,189,556,10955,3289,7665,398,308,90,114,5085,994,4091,6885,4845,1203,784,2857,3873,348,2140,280,2655,10955,3289,7665,15667,182,167,15,15,1029,197,832,979,785,186,141,457,489,903,2778,681,2242,3579,691,2888,6503,20,16,5,293,49,244,289,52,46,190,36,84,722,164,559,24,19,5,328,60,268,338,66,55,216,41,87,817,200,617,16,49,52,118,7,9,8,24
52,1997MM05,10955,3289,7665,646,138,508,733,169,565,88,31,56,712,170,543,10976,3289,7687,395,306,89,114,5072,990,4082,6911,4867,1207,786,2873,3921,348,2145,295,2672,10976,3289,7687,15763,181,166,15,15,1029,196,833,980,796,186,143,466,498,890,2791,678,2197,3573,691,2882,6481,18,14,4,266,43,223,241,41,40,160,27,94,646,138,508,21,16,5,300,53,247,284,52,48,184,32,98,733,169,565,14,43,41,98,6,8,7,20
53,1997MM06,10976,3289,7687,634,150,485,722,185,537,88,35,53,718,193,525,10981,3281,7699,394,306,88,118,5062,989,4073,6959,4882,1197,789,2896,3961,343,2145,300,2669,10981,3281,7699,15852,180,164,15,15,1035,196,839,985,803,185,143,475,506,872,2806,678,2187,3568,689,2879,6499,20,16,4,273,52,221,223,38,44,141,26,93,634,150,485,24,19,5,309,64,245,264,49,52,162,31,95,722,185,537,16,52,38,106,6,9,6,21
54,1997MM07,10981,3281,7699,757,161,596,852,199,653,95,38,57,761,188,573,11071,3292,7779,393,305,88,119,5126,997,4129,7054,4907,1192,799,2917,3976,342,2193,302,2690,11071,3292,7779,16032,179,164,15,15,1044,198,846,994,808,184,145,478,509,880,2818,663,2198,3574,692,2882,6535,21,16,5,324,55,269,258,44,46,168,31,123,757,161,596,24,19,5,363,69,295,302,57,54,190,36,126,852,199,653,16,55,44,115,7,10,7,23
55,1997MM08,11071,3292,7779,663,128,535,753,161,593,90,32,58,668,173,495,11157,3279,7877,392,304,88,121,5174,997,4178,7122,4931,1179,800,2951,3984,344,2194,316,2704,11157,3279,7877,16125,179,163,16,16,1042,196,847,998,813,182,147,484,514,874,2838,667,2206,3575,688,2887,6572,19,14,5,294,47,246,215,35,32,147,27,109,663,128,535,22,16,5,334,59,275,254,47,39,168,32,112,753,161,593,14,47,35,97,6,8,5,19
56,1997MM09,11157,3279,7877,736,137,599,832,172,661,97,34,62,697,181,516,11291,3269,8022,392,303,89,124,5229,997,4231,7193,4971,1168,801,3002,4028,355,2195,345,2712,11291,3269,8022,16252,178,162,16,16,1044,195,849,1002,822,181,148,493,521,935,2876,690,2219,3670,686,2984,6635,20,15,5,323,53,270,244,36,34,174,38,109,736,137,599,23,17,6,367,65,302,285,48,41,196,43,113,832,172,661,15,53,36,103,6,9,5,20
57,1997MM10,11291,3269,8022,781,149,633,879,186,693,98,37,61,751,185,566,11419,3270,8149,389,300,89,128,5293,999,4294,7250,5015,1164,808,3043,4076,357,2198,365,2715,11419,3270,8149,16367,180,163,17,17,1052,195,857,1011,833,180,150,503,536,945,2916,726,2222,3736,688,3048,6701,20,15,5,346,54,292,261,39,40,182,36,116,781,149,633,24,18,6,388,67,321,305,52,49,204,41,119,879,186,693,15,54,39,108,6,9,6,21
58,1997MM11,11419,3270,8149,678,130,548,770,162,608,92,32,59,679,168,511,11510,3264,8246,392,301,91,130,5341,995,4346,7308,5045,1153,815,3077,4057,357,2193,375,2720,11510,3264,8246,16408,178,161,17,17,1055,193,862,1016,841,179,153,509,540,924,2913,731,2215,3729,686,3043,6701,21,15,5,306,46,260,233,33,35,165,29,88,678,130,548,25,18,6,347,57,290,272,44,43,186,34,92,770,162,608,15,46,33,94,6,8,5,19
59,1997MM12,11510,3264,8246,667,116,551,757,145,612,90,29,61,740,183,557,11527,3226,8301,388,299,88,131,5351,987,4364,7338,5040,1138,803,3099,4140,353,2178,396,2738,11527,3226,8301,16524,177,160,17,17,1055,192,863,1017,846,177,152,517,546,897,2884,741,2223,3716,681,3035,6687,17,13,4,298,41,257,220,33,29,158,26,107,667,116,551,20,16,5,338,51,286,257,44,34,180,31,111,757,145,612,13,41,33,87,5,7,5,17
